"id","private","size","nace","region","single_shift"
"j_1",0,"L","P","30",FALSE
"j_2",0,"L","O","14",TRUE
"j_3",0,"L","O","04",TRUE
"j_4",0,"L","O","24",TRUE
"j_5",0,"L","O","04",TRUE
"j_6",1,"L","C","28",FALSE
"j_7",1,"L","H","22",FALSE
"j_8",0,"L","P","32",TRUE
"j_9",0,"L","P","32",TRUE
"j_10",0,"L","Q","10",FALSE
"j_11",0,"M","Q","24",FALSE
"j_12",0,"M","I","30",FALSE
"j_13",0,"L","P","20",TRUE
"j_14",0,"L","Q","12",TRUE
"j_15",0,"L","P","24",FALSE
"j_16",0,"L","Q","08",TRUE
"j_17",0,"L","Q","02",FALSE
"j_18",0,"L","Q","30",TRUE
"j_19",0,"L","Q","20",FALSE
"j_20",0,"L","Q","16",TRUE
"j_21",0,"L","Q","14",FALSE
"j_22",0,"L","Q","04",FALSE
"j_23",0,"L","Q","14",TRUE
"j_24",0,"L","O","24",TRUE
"j_25",0,"L","Q","12",FALSE
"j_26",0,"L","Q","10",FALSE
"j_27",0,"L","Q","26",FALSE
"j_28",0,"L","Q","16",FALSE
"j_29",0,"L","O","02",FALSE
"j_30",0,"L","O","02",TRUE
"j_31",1,"L","G","18",FALSE
"j_32",1,"L","G","18",FALSE
"j_33",1,"S","K.L","14",TRUE
"j_34",1,"L","C","22",TRUE
"j_35",1,"L","C","10",TRUE
"j_36",1,"L","C","28",FALSE
"j_37",1,"L","N","18",TRUE
"j_38",1,"L","K.L","22",TRUE
"j_39",1,"L","K.L","22",TRUE
"j_40",1,"L","K.L","18",FALSE
"j_41",1,"L","K.L","14",FALSE
"j_42",1,"L","K.L","08",TRUE
"j_43",1,"L","K.L","22",TRUE
"j_44",0,"L","O","04",FALSE
"j_45",0,"L","O","32",FALSE
"j_46",0,"L","O","24",FALSE
"j_47",0,"L","O","28",TRUE
"j_48",0,"L","O","30",FALSE
"j_49",0,"L","O","08",TRUE
"j_50",0,"L","Q","14",FALSE
"j_51",0,"L","M","24",TRUE
"j_52",1,"L","C","12",FALSE
"j_53",0,"L","O","16",TRUE
"j_54",0,"L","O","14",TRUE
"j_55",0,"L","O","06",TRUE
"j_56",0,"L","O","04",FALSE
"j_57",0,"L","H","30",FALSE
"j_58",0,"L","H","26",FALSE
"j_59",1,"L","C","24",FALSE
"j_60",0,"L","Q","14",FALSE
"j_61",0,"L","Q","24",FALSE
"j_62",0,"L","P","28",TRUE
"j_63",0,"L","P","10",TRUE
"j_64",0,"L","P","14",TRUE
"j_65",1,"L","K.L","22",TRUE
"j_66",1,"L","C","10",FALSE
"j_67",1,"L","G","24",FALSE
"j_68",0,"L","Q","22",FALSE
"j_69",1,"L","G","12",FALSE
"j_70",1,"L","G","18",FALSE
"j_71",0,"L","N","04",TRUE
"j_72",0,"L","P","22",TRUE
"j_73",0,"L","M","32",FALSE
"j_74",1,"L","G","20",FALSE
"j_75",1,"M","K.L","08",TRUE
"j_76",1,"L","C","04",TRUE
"j_77",1,"L","C","30",FALSE
"j_78",1,"L","C","22",FALSE
"j_79",1,"L","C","24",FALSE
"j_80",1,"L","F","26",TRUE
"j_81",0,"L","H","12",FALSE
"j_82",1,"L","F","10",TRUE
"j_83",1,"M","C","18",TRUE
"j_84",1,"L","C","06",TRUE
"j_85",0,"L","Q","32",FALSE
"j_86",0,"L","Q","32",TRUE
"j_87",1,"L","F","04",TRUE
"j_88",0,"L","Q","02",TRUE
"j_89",0,"L","M","02",TRUE
"j_90",1,"M","K.L","14",TRUE
"j_91",0,"L","Q","14",FALSE
"j_92",0,"L","Q","14",FALSE
"j_93",1,"L","C","32",FALSE
"j_94",1,"L","C","20",FALSE
"j_95",1,"L","N","24",FALSE
"j_96",1,"L","G","14",FALSE
"j_97",1,"L","G","14",FALSE
"j_98",0,"L","P","14",TRUE
"j_99",1,"L","G","14",TRUE
"j_100",0,"L","Q","24",FALSE
"j_101",0,"L","P","14",FALSE
"j_102",0,"L","H","14",FALSE
"j_103",1,"L","H","14",FALSE
"j_104",1,"L","H","14",FALSE
"j_105",1,"L","G","14",FALSE
"j_106",0,"L","O","14",TRUE
"j_107",1,"L","C","14",FALSE
"j_108",1,"L","D.E","14",FALSE
"j_109",0,"L","C","14",FALSE
"j_110",0,"L","P","14",TRUE
"j_111",1,"L","I","14",FALSE
"j_112",1,"L","K.L","14",TRUE
"j_113",0,"L","Q","14",TRUE
"j_114",0,"L","O","14",TRUE
"j_115",1,"L","N","14",FALSE
"j_116",1,"L","G","14",FALSE
"j_117",1,"L","C","12",FALSE
"j_118",1,"L","C","14",FALSE
"j_119",1,"L","K.L","10",FALSE
"j_120",1,"L","C","14",TRUE
"j_121",1,"L","G","14",FALSE
"j_122",1,"M","Q","14",FALSE
"j_123",1,"L","K.L","30",TRUE
"j_124",1,"L","R.S","02",FALSE
"j_125",1,"L","N","14",TRUE
"j_126",1,"L","D.E","14",FALSE
"j_127",1,"L","M","14",FALSE
"j_128",1,"L","C","02",FALSE
"j_129",0,"L","Q","02",FALSE
"j_130",0,"L","R.S","02",FALSE
"j_131",0,"L","P","02",TRUE
"j_132",0,"L","P","02",TRUE
"j_133",1,"L","J","02",TRUE
"j_134",1,"L","G","02",FALSE
"j_135",1,"L","F","02",FALSE
"j_136",1,"L","F","02",TRUE
"j_137",0,"M","D.E","02",TRUE
"j_138",0,"L","K.L","02",TRUE
"j_139",0,"M","R.S","02",FALSE
"j_140",1,"L","C","14",TRUE
"j_141",1,"L","G","20",FALSE
"j_142",0,"L","D.E","20",TRUE
"j_143",1,"L","C","20",FALSE
"j_144",1,"L","C","20",FALSE
"j_145",1,"L","F","20",TRUE
"j_146",1,"L","C","20",FALSE
"j_147",0,"L","Q","20",FALSE
"j_148",1,"L","G","20",FALSE
"j_149",1,"L","M","30",TRUE
"j_150",1,"L","C","12",FALSE
"j_151",1,"L","F","24",TRUE
"j_152",1,"L","G","14",FALSE
"j_153",1,"L","R.S","24",TRUE
"j_154",1,"L","C","24",FALSE
"j_155",0,"M","R.S","08",FALSE
"j_156",1,"L","C","08",FALSE
"j_157",1,"L","C","08",FALSE
"j_158",1,"S","D.E","04",TRUE
"j_159",1,"L","C","04",FALSE
"j_160",1,"L","I","04",FALSE
"j_161",0,"L","Q","04",TRUE
"j_162",1,"L","C","04",FALSE
"j_163",1,"L","H","04",FALSE
"j_164",1,"L","C","04",TRUE
"j_165",1,"L","Q","10",FALSE
"j_166",1,"L","C","10",TRUE
"j_167",1,"M","F","10",TRUE
"j_168",1,"M","F","06",TRUE
"j_169",1,"S","M","12",TRUE
"j_170",1,"L","C","12",FALSE
"j_171",0,"L","H","12",FALSE
"j_172",1,"L","C","12",TRUE
"j_173",0,"M","D.E","14",TRUE
"j_174",1,"L","C","14",FALSE
"j_175",1,"L","C","14",FALSE
"j_176",0,"L","D.E","14",TRUE
"j_177",1,"L","H","14",FALSE
"j_178",1,"S","M","14",TRUE
"j_179",1,"L","K.L","14",TRUE
"j_180",1,"L","C","02",FALSE
"j_181",1,"L","C","22",FALSE
"j_182",1,"L","C","14",FALSE
"j_183",0,"L","J","14",TRUE
"j_184",1,"L","G","14",FALSE
"j_185",1,"L","C","04",FALSE
"j_186",1,"L","C","02",FALSE
"j_187",0,"L","Q","14",FALSE
"j_188",1,"M","I","14",FALSE
"j_189",1,"L","M","14",TRUE
"j_190",0,"L","O","24",FALSE
"j_191",1,"M","N","24",TRUE
"j_192",1,"L","G","02",FALSE
"j_193",1,"L","H","16",FALSE
"j_194",1,"L","C","16",TRUE
"j_195",1,"S","I","28",TRUE
"j_196",0,"L","H","28",FALSE
"j_197",1,"L","C","28",FALSE
"j_198",1,"L","C","18",FALSE
"j_199",1,"L","G","14",FALSE
"j_200",1,"M","D.E","18",FALSE
"j_201",1,"L","M","18",TRUE
"j_202",1,"L","C","22",FALSE
"j_203",0,"L","D.E","22",FALSE
"j_204",0,"L","D.E","32",TRUE
"j_205",0,"M","P","22",FALSE
"j_206",1,"L","C","22",FALSE
"j_207",1,"L","F","22",TRUE
"j_208",1,"L","N","22",FALSE
"j_209",1,"M","G","22",TRUE
"j_210",1,"S","F","22",TRUE
"j_211",1,"L","G","22",FALSE
"j_212",1,"L","H","22",FALSE
"j_213",0,"L","K.L","22",TRUE
"j_214",0,"L","D.E","22",TRUE
"j_215",0,"M","K.L","20",TRUE
"j_216",1,"M","N","20",TRUE
"j_217",0,"L","D.E","08",FALSE
"j_218",0,"L","Q","08",TRUE
"j_219",0,"M","Q","08",FALSE
"j_220",1,"L","C","08",FALSE
"j_221",1,"L","C","08",FALSE
"j_222",1,"L","I","22",FALSE
"j_223",1,"L","C","28",FALSE
"j_224",0,"L","R.S","22",TRUE
"j_225",1,"L","I","22",FALSE
"j_226",1,"L","C","02",FALSE
"j_227",1,"L","C","18",FALSE
"j_228",0,"L","M","24",TRUE
"j_229",1,"L","G","24",FALSE
"j_230",1,"L","N","24",TRUE
"j_231",0,"L","Q","24",TRUE
"j_232",1,"L","F","24",TRUE
"j_233",1,"L","N","24",FALSE
"j_234",1,"L","G","24",FALSE
"j_235",1,"L","N","24",TRUE
"j_236",1,"M","F","30",TRUE
"j_237",1,"L","F","30",TRUE
"j_238",1,"L","C","30",FALSE
"j_239",1,"L","C","06",FALSE
"j_240",1,"L","C","26",TRUE
"j_241",1,"M","M","26",TRUE
"j_242",1,"L","K.L","24",TRUE
"j_243",0,"L","D.E","24",FALSE
"j_244",1,"L","C","24",FALSE
"j_245",1,"L","F","24",TRUE
"j_246",1,"L","G","24",TRUE
"j_247",0,"L","N","24",TRUE
"j_248",1,"L","C","24",TRUE
"j_249",1,"L","K.L","24",FALSE
"j_250",1,"L","F","24",TRUE
"j_251",0,"L","D.E","24",TRUE
"j_252",1,"L","G","24",FALSE
"j_253",0,"L","I","24",FALSE
"j_254",1,"S","G","24",TRUE
"j_255",1,"L","C","24",FALSE
"j_256",0,"L","H","24",FALSE
"j_257",0,"L","C","24",TRUE
"j_258",0,"L","Q","24",FALSE
"j_259",0,"M","Q","24",TRUE
"j_260",0,"L","Q","24",TRUE
"j_261",1,"L","C","24",FALSE
"j_262",1,"L","F","24",TRUE
"j_263",1,"L","N","24",FALSE
"j_264",0,"L","D.E","24",TRUE
"j_265",0,"L","D.E","28",FALSE
"j_266",1,"L","C","28",FALSE
"j_267",1,"L","C","26",TRUE
"j_268",1,"M","C","26",FALSE
"j_269",1,"L","J","26",FALSE
"j_270",1,"L","N","26",FALSE
"j_271",1,"L","D.E","26",TRUE
"j_272",1,"L","M","30",TRUE
"j_273",1,"L","C","30",FALSE
"j_274",1,"L","N","30",FALSE
"j_275",1,"L","C","30",TRUE
"j_276",1,"L","Q","02",FALSE
"j_277",1,"L","C","30",FALSE
"j_278",1,"L","G","30",FALSE
"j_279",1,"L","N","14",FALSE
"j_280",1,"L","H","32",TRUE
"j_281",0,"L","R.S","32",FALSE
"j_282",0,"L","P","32",FALSE
"j_283",0,"L","Q","32",FALSE
"j_284",0,"L","H","32",FALSE
"j_285",0,"L","R.S","32",FALSE
"j_286",1,"L","C","32",TRUE
"j_287",0,"L","Q","32",FALSE
"j_288",0,"L","Q","04",FALSE
"j_289",1,"L","C","04",FALSE
"j_290",1,"L","C","04",TRUE
"j_291",1,"L","C","12",FALSE
"j_292",1,"L","C","12",TRUE
"j_293",1,"L","N","14",TRUE
"j_294",1,"L","G","12",FALSE
"j_295",1,"L","C","30",FALSE
"j_296",1,"L","C","02",FALSE
"j_297",1,"M","N","24",FALSE
"j_298",0,"M","R.S","20",FALSE
"j_299",1,"L","N","24",TRUE
"j_300",0,"L","P","14",FALSE
"j_301",1,"L","I","24",FALSE
"j_302",0,"L","P","14",TRUE
"j_303",1,"L","M","30",TRUE
"j_304",0,"M","M","24",FALSE
"j_305",1,"M","K.L","10",TRUE
"j_306",1,"L","F","24",TRUE
"j_307",1,"L","G","22",FALSE
"j_308",0,"L","D.E","12",TRUE
"j_309",1,"L","C","14",FALSE
"j_310",1,"L","I","02",TRUE
"j_311",1,"L","K.L","14",TRUE
"j_312",1,"L","C","30",FALSE
"j_313",0,"L","D.E","02",FALSE
"j_314",1,"L","C","22",FALSE
"j_315",1,"L","G","06",TRUE
"j_316",1,"L","C","18",FALSE
"j_317",0,"L","D.E","18",TRUE
"j_318",1,"L","N","14",FALSE
"j_319",1,"L","C","18",TRUE
"j_320",1,"L","D.E","18",TRUE
"j_321",0,"S","Q","24",FALSE
"j_322",1,"L","G","02",FALSE
"j_323",1,"L","I","02",FALSE
"j_324",0,"L","D.E","02",TRUE
"j_325",1,"L","N","02",FALSE
"j_326",1,"L","C","02",FALSE
"j_327",1,"L","C","02",TRUE
"j_328",0,"L","K.L","02",TRUE
"j_329",0,"L","R.S","02",FALSE
"j_330",1,"L","H","02",FALSE
"j_331",1,"L","C","02",FALSE
"j_332",1,"L","C","06",FALSE
"j_333",1,"S","R.S","06",TRUE
"j_334",0,"L","Q","20",TRUE
"j_335",1,"L","C","02",FALSE
"j_336",1,"L","N","14",TRUE
"j_337",1,"L","C","24",FALSE
"j_338",1,"L","C","10",TRUE
"j_339",1,"L","C","12",TRUE
"j_340",1,"L","F","12",TRUE
"j_341",1,"L","F","12",TRUE
"j_342",0,"L","H","28",TRUE
"j_343",1,"M","F","28",TRUE
"j_344",1,"L","C","28",TRUE
"j_345",0,"M","I","28",TRUE
"j_346",1,"L","C","28",TRUE
"j_347",1,"L","G","16",FALSE
"j_348",1,"L","F","24",TRUE
"j_349",1,"L","C","16",TRUE
"j_350",1,"L","C","16",TRUE
"j_351",1,"L","C","16",FALSE
"j_352",1,"L","C","16",FALSE
"j_353",1,"L","C","16",FALSE
"j_354",0,"M","P","16",TRUE
"j_355",1,"L","N","24",FALSE
"j_356",1,"L","C","16",FALSE
"j_357",1,"M","N","16",TRUE
"j_358",1,"L","C","30",FALSE
"j_359",1,"M","C","10",FALSE
"j_360",1,"L","I","24",FALSE
"j_361",0,"L","K.L","10",TRUE
"j_362",1,"M","I","10",FALSE
"j_363",1,"L","C","30",FALSE
"j_364",0,"L","R.S","30",FALSE
"j_365",0,"L","C","30",FALSE
"j_366",1,"L","G","30",FALSE
"j_367",1,"L","F","30",TRUE
"j_368",1,"M","G","16",FALSE
"j_369",1,"M","G","08",FALSE
"j_370",1,"M","G","14",FALSE
"j_371",1,"L","C","18",FALSE
"j_372",1,"L","F","18",TRUE
"j_373",1,"L","G","18",FALSE
"j_374",1,"L","C","18",FALSE
"j_375",1,"L","G","18",FALSE
"j_376",1,"S","G","18",TRUE
"j_377",1,"L","C","18",FALSE
"j_378",1,"L","C","18",FALSE
"j_379",1,"M","H","18",FALSE
"j_380",1,"L","G","14",FALSE
"j_381",0,"L","Q","14",TRUE
"j_382",1,"L","N","14",FALSE
"j_383",1,"L","N","22",FALSE
"j_384",1,"L","C","22",FALSE
"j_385",1,"S","C","28",TRUE
"j_386",1,"L","C","20",FALSE
"j_387",1,"M","Q","32",TRUE
"j_388",1,"M","G","32",TRUE
"j_389",1,"L","C","32",FALSE
"j_390",1,"M","J","32",TRUE
"j_391",1,"L","C","28",FALSE
"j_392",1,"L","H","32",TRUE
"j_393",0,"L","H","32",FALSE
"j_394",1,"M","G","26",TRUE
"j_395",0,"L","D.E","18",TRUE
"j_396",1,"L","D.E","18",FALSE
"j_397",1,"L","G","18",FALSE
"j_398",1,"M","G","18",FALSE
"j_399",1,"L","C","12",TRUE
"j_400",1,"L","C","28",FALSE
"j_401",1,"L","C","04",TRUE
"j_402",1,"L","C","32",FALSE
"j_403",0,"L","D.E","04",FALSE
"j_404",1,"L","F","04",TRUE
"j_405",1,"L","G","04",FALSE
"j_406",1,"L","G","04",FALSE
"j_407",1,"L","C","04",FALSE
"j_408",0,"L","Q","02",FALSE
"j_409",1,"L","C","02",FALSE
"j_410",1,"L","H","02",TRUE
"j_411",1,"L","F","02",TRUE
"j_412",0,"L","D.E","02",FALSE
"j_413",1,"L","C","04",TRUE
"j_414",1,"L","I","14",FALSE
"j_415",1,"S","D.E","04",TRUE
"j_416",1,"L","G","02",FALSE
"j_417",1,"L","C","02",TRUE
"j_418",0,"L","D.E","02",TRUE
"j_419",1,"L","C","30",FALSE
"j_420",1,"L","I","02",FALSE
"j_421",1,"L","C","02",TRUE
"j_422",1,"L","G","02",FALSE
"j_423",1,"L","N","02",TRUE
"j_424",1,"L","C","08",FALSE
"j_425",1,"L","G","06",FALSE
"j_426",1,"L","C","06",FALSE
"j_427",1,"L","F","08",TRUE
"j_428",1,"L","N","24",FALSE
"j_429",1,"M","G","08",TRUE
"j_430",1,"L","C","08",FALSE
"j_431",0,"L","P","22",TRUE
"j_432",0,"L","P","14",TRUE
"j_433",0,"L","P","12",FALSE
"j_434",0,"L","P","24",TRUE
"j_435",0,"L","P","04",TRUE
"j_436",0,"L","P","16",TRUE
"j_437",0,"L","P","02",TRUE
"j_438",1,"L","K.L","14",FALSE
"j_439",0,"L","O","20",TRUE
"j_440",0,"L","O","06",TRUE
"j_441",0,"L","O","10",TRUE
"j_442",0,"L","O","28",TRUE
"j_443",1,"S","G","32",TRUE
"j_444",0,"L","P","24",TRUE
"j_445",1,"L","C","26",FALSE
"j_446",1,"L","C","02",FALSE
"j_447",0,"L","P","02",FALSE
"j_448",0,"L","M","14",TRUE
"j_449",0,"L","M","14",TRUE
"j_450",1,"L","C","32",FALSE
"j_451",0,"L","M","14",TRUE
"j_452",0,"L","M","14",TRUE
"j_453",0,"L","P","14",TRUE
"j_454",0,"M","P","18",TRUE
"j_455",0,"L","P","10",TRUE
"j_456",0,"M","P","32",TRUE
"j_457",0,"L","P","22",TRUE
"j_458",0,"L","P","32",TRUE
"j_459",0,"M","P","30",TRUE
"j_460",0,"L","P","02",TRUE
"j_461",0,"L","P","02",TRUE
"j_462",0,"L","O","04",TRUE
"j_463",0,"L","H","22",TRUE
"j_464",0,"L","D.E","20",TRUE
"j_465",0,"L","C","06",TRUE
"j_466",0,"M","P","02",TRUE
"j_467",0,"L","P","10",TRUE
"j_468",0,"L","P","14",TRUE
"j_469",0,"L","P","02",TRUE
"j_470",0,"L","Q","24",TRUE
"j_471",0,"L","P","12",TRUE
"j_472",0,"M","P","08",TRUE
"j_473",0,"L","P","06",FALSE
"j_474",0,"L","P","14",TRUE
"j_475",0,"L","P","08",TRUE
"j_476",0,"L","P","04",FALSE
"j_477",0,"L","P","18",TRUE
"j_478",0,"L","P","32",TRUE
"j_479",0,"L","P","22",FALSE
"j_480",0,"L","P","14",TRUE
"j_481",0,"L","P","12",TRUE
"j_482",0,"L","P","12",TRUE
"j_483",0,"L","P","06",TRUE
"j_484",0,"L","P","12",TRUE
"j_485",0,"L","P","02",TRUE
"j_486",0,"L","P","12",TRUE
"j_487",0,"L","P","14",TRUE
"j_488",0,"L","P","14",TRUE
"j_489",0,"L","P","22",TRUE
"j_490",0,"L","P","10",TRUE
"j_491",0,"L","P","12",TRUE
"j_492",0,"L","P","02",TRUE
"j_493",0,"L","Q","32",FALSE
"j_494",0,"L","P","14",TRUE
"j_495",0,"L","P","28",TRUE
"j_496",0,"L","P","02",FALSE
"j_497",0,"L","P","04",TRUE
"j_498",0,"L","P","28",TRUE
"j_499",0,"M","P","22",FALSE
"j_500",0,"L","P","18",TRUE
"j_501",0,"L","P","22",TRUE
"j_502",0,"L","Q","06",FALSE
"j_503",0,"L","P","06",TRUE
"j_504",0,"L","P","06",TRUE
"j_505",0,"L","P","06",TRUE
"j_506",0,"L","P","14",TRUE
"j_507",0,"L","P","14",FALSE
"j_508",0,"M","P","24",FALSE
"j_509",0,"L","P","12",TRUE
"j_510",0,"L","Q","22",TRUE
"j_511",0,"L","P","12",TRUE
"j_512",0,"L","Q","24",FALSE
"j_513",0,"L","Q","22",TRUE
"j_514",0,"M","P","32",TRUE
"j_515",0,"L","P","04",TRUE
"j_516",0,"L","P","32",TRUE
"j_517",0,"L","P","10",TRUE
"j_518",0,"L","P","32",TRUE
"j_519",0,"L","P","32",TRUE
"j_520",0,"L","P","22",TRUE
"j_521",0,"L","P","22",FALSE
"j_522",0,"M","P","10",TRUE
"j_523",0,"L","P","32",FALSE
"j_524",0,"M","P","10",TRUE
"j_525",0,"L","P","32",TRUE
"j_526",0,"M","Q","14",FALSE
"j_527",0,"M","Q","08",FALSE
"j_528",0,"L","P","28",TRUE
"j_529",0,"L","P","04",TRUE
"j_530",0,"L","P","18",TRUE
"j_531",0,"L","P","32",TRUE
"j_532",0,"L","Q","30",TRUE
"j_533",0,"L","P","30",TRUE
"j_534",0,"L","P","02",FALSE
"j_535",0,"M","P","30",FALSE
"j_536",0,"L","Q","30",TRUE
"j_537",0,"L","Q","30",FALSE
"j_538",0,"L","P","30",FALSE
"j_539",0,"L","Q","14",FALSE
"j_540",0,"L","P","12",FALSE
"j_541",0,"L","P","02",TRUE
"j_542",0,"L","P","04",TRUE
"j_543",0,"M","P","32",FALSE
"j_544",0,"M","P","14",FALSE
"j_545",0,"L","R.S","22",TRUE
"j_546",0,"L","R.S","32",FALSE
"j_547",0,"L","R.S","30",FALSE
"j_548",0,"L","R.S","02",FALSE
"j_549",0,"L","R.S","04",FALSE
"j_550",0,"M","R.S","02",TRUE
"j_551",0,"M","R.S","06",TRUE
"j_552",0,"L","P","24",TRUE
"j_553",0,"L","R.S","22",FALSE
"j_554",0,"L","P","28",TRUE
"j_555",0,"M","R.S","04",FALSE
"j_556",0,"M","R.S","14",TRUE
"j_557",1,"L","Q","04",TRUE
"j_558",1,"L","Q","04",FALSE
"j_559",0,"L","Q","32",FALSE
"j_560",1,"L","Q","06",FALSE
"j_561",0,"L","Q","32",FALSE
"j_562",0,"L","Q","02",FALSE
"j_563",0,"L","Q","02",FALSE
"j_564",0,"L","M","14",FALSE
"j_565",0,"L","M","10",TRUE
"j_566",0,"L","Q","20",TRUE
"j_567",0,"L","Q","14",FALSE
"j_568",0,"L","Q","24",FALSE
"j_569",0,"L","R.S","14",TRUE
"j_570",0,"L","Q","14",FALSE
"j_571",0,"L","Q","26",TRUE
"j_572",0,"L","O","22",TRUE
"j_573",0,"L","Q","24",TRUE
"j_574",0,"L","Q","16",FALSE
"j_575",0,"L","O","04",TRUE
"j_576",0,"L","Q","32",FALSE
"j_577",0,"L","Q","22",TRUE
"j_578",0,"L","Q","12",TRUE
"j_579",0,"L","Q","02",FALSE
"j_580",0,"L","Q","30",TRUE
"j_581",0,"L","Q","04",FALSE
"j_582",0,"L","Q","02",TRUE
"j_583",0,"L","Q","14",FALSE
"j_584",0,"L","Q","22",FALSE
"j_585",0,"L","Q","30",FALSE
"j_586",0,"L","Q","14",FALSE
"j_587",0,"L","Q","10",FALSE
"j_588",0,"L","Q","04",TRUE
"j_589",0,"L","Q","30",FALSE
"j_590",0,"L","Q","30",FALSE
"j_591",0,"L","Q","04",FALSE
"j_592",0,"L","Q","28",FALSE
"j_593",0,"L","Q","14",FALSE
"j_594",0,"L","Q","22",FALSE
"j_595",0,"L","Q","04",TRUE
"j_596",0,"L","Q","20",FALSE
"j_597",0,"L","Q","06",FALSE
"j_598",0,"M","O","22",TRUE
"j_599",0,"M","O","16",TRUE
"j_600",0,"L","Q","10",TRUE
"j_601",0,"L","Q","26",TRUE
"j_602",0,"L","Q","20",FALSE
"j_603",0,"M","O","30",TRUE
"j_604",0,"L","Q","30",FALSE
"j_605",0,"L","Q","12",FALSE
"j_606",0,"L","Q","06",FALSE
"j_607",0,"L","Q","18",TRUE
"j_608",0,"L","Q","22",FALSE
"j_609",0,"L","Q","28",TRUE
"j_610",0,"L","Q","28",FALSE
"j_611",0,"L","Q","30",TRUE
"j_612",0,"L","Q","10",TRUE
"j_613",0,"M","Q","16",TRUE
"j_614",0,"L","Q","24",FALSE
"j_615",0,"L","Q","24",TRUE
"j_616",0,"L","Q","14",TRUE
"j_617",0,"L","Q","14",TRUE
"j_618",0,"L","Q","32",FALSE
"j_619",0,"M","O","02",TRUE
"j_620",0,"L","Q","24",FALSE
"j_621",0,"L","Q","30",TRUE
"j_622",0,"L","Q","14",TRUE
"j_623",0,"L","Q","14",TRUE
"j_624",0,"S","Q","10",TRUE
"j_625",0,"L","Q","16",TRUE
"j_626",0,"L","Q","30",FALSE
"j_627",0,"L","Q","10",FALSE
"j_628",0,"L","Q","02",TRUE
"j_629",0,"L","C","24",TRUE
"j_630",0,"M","C","14",TRUE
"j_631",0,"L","M","02",TRUE
"j_632",0,"L","R.S","04",FALSE
"j_633",0,"L","R.S","24",FALSE
"j_634",0,"M","R.S","22",FALSE
"j_635",0,"L","R.S","30",FALSE
"j_636",0,"M","R.S","32",FALSE
"j_637",0,"L","R.S","24",FALSE
"j_638",0,"L","O","20",FALSE
"j_639",0,"L","O","04",FALSE
"j_640",0,"L","O","24",TRUE
"j_641",0,"L","O","12",FALSE
"j_642",0,"L","O","28",FALSE
"j_643",1,"L","N","30",TRUE
"j_644",0,"L","P","30",TRUE
"j_645",1,"M","G","20",TRUE
"j_646",1,"M","G","22",FALSE
"j_647",1,"M","G","22",FALSE
"j_648",1,"L","G","22",TRUE
"j_649",1,"M","G","04",TRUE
"j_650",1,"M","C","22",FALSE
"j_651",1,"L","G","24",FALSE
"j_652",1,"M","G","24",TRUE
"j_653",1,"M","C","32",FALSE
"j_654",1,"M","G","12",TRUE
"j_655",1,"L","G","12",FALSE
"j_656",1,"L","G","12",FALSE
"j_657",1,"L","G","12",FALSE
"j_658",1,"M","G","12",FALSE
"j_659",1,"L","G","12",FALSE
"j_660",1,"M","G","12",FALSE
"j_661",1,"L","G","12",FALSE
"j_662",1,"S","G","06",TRUE
"j_663",1,"L","G","06",FALSE
"j_664",1,"M","G","06",TRUE
"j_665",1,"L","G","10",FALSE
"j_666",1,"M","G","10",FALSE
"j_667",1,"L","G","28",FALSE
"j_668",1,"M","G","28",TRUE
"j_669",1,"M","G","28",FALSE
"j_670",1,"L","G","24",FALSE
"j_671",1,"M","G","30",FALSE
"j_672",1,"L","G","30",TRUE
"j_673",1,"L","G","18",FALSE
"j_674",1,"M","G","18",FALSE
"j_675",1,"M","G","32",TRUE
"j_676",1,"M","G","14",FALSE
"j_677",1,"M","G","14",TRUE
"j_678",1,"M","G","02",TRUE
"j_679",1,"M","C","02",TRUE
"j_680",1,"L","C","02",TRUE
"j_681",0,"M","P","24",TRUE
"j_682",1,"L","C","12",FALSE
"j_683",1,"M","C","10",TRUE
"j_684",1,"L","C","18",TRUE
"j_685",1,"M","Q","14",FALSE
"j_686",1,"M","C","14",TRUE
"j_687",1,"L","C","20",FALSE
"j_688",1,"L","C","24",FALSE
"j_689",1,"L","C","12",FALSE
"j_690",1,"L","C","06",TRUE
"j_691",1,"L","C","10",FALSE
"j_692",1,"L","C","10",TRUE
"j_693",1,"L","C","16",FALSE
"j_694",1,"L","C","16",TRUE
"j_695",1,"M","C","14",FALSE
"j_696",1,"M","C","02",FALSE
"j_697",1,"L","N","04",FALSE
"j_698",1,"M","C","28",TRUE
"j_699",1,"L","C","22",TRUE
"j_700",1,"L","C","24",TRUE
"j_701",1,"M","C","24",TRUE
"j_702",1,"M","C","22",TRUE
"j_703",1,"L","C","12",FALSE
"j_704",1,"L","N","10",FALSE
"j_705",1,"L","N","28",TRUE
"j_706",1,"L","C","30",TRUE
"j_707",1,"L","C","30",FALSE
"j_708",1,"L","C","18",FALSE
"j_709",1,"L","C","32",TRUE
"j_710",1,"L","C","02",TRUE
"j_711",1,"L","N","02",FALSE
"j_712",1,"M","C","12",FALSE
"j_713",1,"L","C","30",TRUE
"j_714",1,"L","K.L","20",TRUE
"j_715",1,"L","K.L","20",TRUE
"j_716",1,"L","K.L","04",TRUE
"j_717",1,"M","K.L","22",TRUE
"j_718",1,"L","K.L","24",TRUE
"j_719",1,"L","K.L","24",TRUE
"j_720",1,"L","K.L","32",TRUE
"j_721",1,"M","K.L","32",TRUE
"j_722",1,"M","K.L","12",TRUE
"j_723",1,"L","K.L","12",TRUE
"j_724",1,"M","K.L","06",TRUE
"j_725",1,"L","K.L","06",TRUE
"j_726",1,"M","K.L","10",FALSE
"j_727",1,"M","K.L","28",TRUE
"j_728",1,"L","K.L","28",TRUE
"j_729",1,"L","K.L","30",TRUE
"j_730",1,"M","K.L","30",TRUE
"j_731",1,"L","K.L","18",TRUE
"j_732",1,"S","K.L","14",FALSE
"j_733",1,"L","K.L","14",TRUE
"j_734",1,"L","K.L","02",TRUE
"j_735",1,"L","K.L","02",TRUE
"j_736",1,"L","K.L","02",TRUE
"j_737",1,"M","K.L","02",TRUE
"j_738",1,"M","K.L","02",TRUE
"j_739",1,"L","K.L","04",TRUE
"j_740",1,"L","K.L","04",TRUE
"j_741",1,"M","K.L","22",TRUE
"j_742",1,"L","K.L","22",FALSE
"j_743",1,"L","K.L","32",TRUE
"j_744",1,"L","K.L","06",FALSE
"j_745",1,"L","K.L","10",FALSE
"j_746",1,"L","K.L","10",TRUE
"j_747",1,"L","K.L","30",FALSE
"j_748",1,"M","K.L","18",TRUE
"j_749",1,"L","K.L","14",TRUE
"j_750",1,"L","K.L","14",TRUE
"j_751",1,"M","K.L","08",TRUE
"j_752",1,"L","C","20",FALSE
"j_753",0,"L","O","24",TRUE
"j_754",0,"L","O","28",TRUE
"j_755",0,"L","O","22",TRUE
"j_756",0,"L","O","24",TRUE
"j_757",0,"L","O","06",TRUE
"j_758",0,"L","O","10",TRUE
"j_759",0,"L","O","28",TRUE
"j_760",0,"L","O","28",TRUE
"j_761",0,"L","O","28",TRUE
"j_762",0,"L","O","18",TRUE
"j_763",0,"L","O","02",TRUE
"j_764",0,"L","O","24",TRUE
"j_765",0,"L","O","28",TRUE
"j_766",0,"L","O","32",FALSE
"j_767",0,"L","O","04",TRUE
"j_768",0,"L","O","32",TRUE
"j_769",0,"L","O","10",TRUE
"j_770",0,"M","O","02",TRUE
"j_771",0,"L","O","04",TRUE
"j_772",0,"L","O","30",TRUE
"j_773",0,"L","O","04",TRUE
"j_774",0,"L","O","04",TRUE
"j_775",0,"L","O","04",FALSE
"j_776",0,"M","O","04",TRUE
"j_777",0,"L","O","14",TRUE
"j_778",0,"L","O","26",FALSE
"j_779",0,"M","O","30",TRUE
"j_780",0,"M","O","30",TRUE
"j_781",0,"L","O","32",TRUE
"j_782",0,"L","O","32",TRUE
"j_783",0,"M","O","32",TRUE
"j_784",0,"L","O","14",TRUE
"j_785",0,"L","O","14",TRUE
"j_786",0,"M","O","14",TRUE
"j_787",0,"M","O","02",TRUE
"j_788",0,"L","O","04",FALSE
"j_789",0,"L","O","04",TRUE
"j_790",0,"L","O","32",FALSE
"j_791",0,"L","O","32",TRUE
"j_792",0,"L","O","28",TRUE
"j_793",0,"L","O","28",TRUE
"j_794",0,"L","O","28",TRUE
"j_795",0,"L","O","18",TRUE
"j_796",0,"L","O","32",FALSE
"j_797",0,"L","O","04",TRUE
"j_798",0,"M","O","04",FALSE
"j_799",0,"L","O","12",TRUE
"j_800",0,"L","O","32",TRUE
"j_801",0,"M","O","28",TRUE
"j_802",0,"L","O","04",TRUE
"j_803",0,"M","O","04",TRUE
"j_804",0,"L","O","04",TRUE
"j_805",0,"M","O","28",TRUE
"j_806",0,"L","O","26",TRUE
"j_807",0,"M","O","14",TRUE
"j_808",0,"L","O","10",TRUE
"j_809",0,"L","O","10",TRUE
"j_810",0,"M","O","10",TRUE
"j_811",0,"M","O","28",TRUE
"j_812",0,"M","O","28",TRUE
"j_813",0,"M","O","30",TRUE
"j_814",0,"L","O","30",TRUE
"j_815",0,"L","O","18",TRUE
"j_816",0,"M","O","14",TRUE
"j_817",0,"M","O","14",TRUE
"j_818",0,"M","O","28",TRUE
"j_819",0,"L","O","22",TRUE
"j_820",0,"M","Q","04",TRUE
"j_821",0,"L","O","14",TRUE
"j_822",0,"M","O","14",TRUE
"j_823",0,"L","O","10",TRUE
"j_824",0,"M","O","26",TRUE
"j_825",0,"M","O","28",TRUE
"j_826",0,"L","O","28",TRUE
"j_827",0,"M","O","28",TRUE
"j_828",0,"L","O","02",TRUE
"j_829",0,"L","O","04",TRUE
"j_830",0,"M","O","04",TRUE
"j_831",0,"M","O","04",FALSE
"j_832",0,"L","O","22",TRUE
"j_833",0,"M","O","12",TRUE
"j_834",0,"L","O","06",TRUE
"j_835",0,"M","O","06",TRUE
"j_836",0,"L","O","28",TRUE
"j_837",0,"M","O","28",TRUE
"j_838",0,"L","O","18",TRUE
"j_839",0,"M","O","02",TRUE
"j_840",0,"M","O","08",TRUE
"j_841",0,"M","O","28",TRUE
"j_842",0,"M","O","20",TRUE
"j_843",0,"M","O","24",TRUE
"j_844",0,"L","O","10",TRUE
"j_845",0,"M","O","26",TRUE
"j_846",0,"M","O","22",TRUE
"j_847",0,"L","O","10",TRUE
"j_848",0,"M","O","18",TRUE
"j_849",0,"M","O","18",TRUE
"j_850",0,"M","O","14",TRUE
"j_851",0,"M","O","22",TRUE
"j_852",0,"M","O","04",TRUE
"j_853",0,"M","O","14",TRUE
"j_854",0,"M","O","14",TRUE
"j_855",0,"M","O","18",TRUE
"j_856",0,"L","O","18",TRUE
"j_857",0,"M","O","14",TRUE
"j_858",0,"L","O","14",TRUE
"j_859",0,"M","O","08",TRUE
"j_860",0,"M","O","20",TRUE
"j_861",0,"L","O","04",TRUE
"j_862",0,"M","O","22",TRUE
"j_863",0,"M","O","22",TRUE
"j_864",0,"M","O","14",TRUE
"j_865",0,"M","O","28",TRUE
"j_866",0,"M","O","30",TRUE
"j_867",0,"M","O","14",TRUE
"j_868",0,"M","O","06",TRUE
"j_869",0,"M","O","16",TRUE
"j_870",0,"M","O","30",TRUE
"j_871",0,"L","O","30",TRUE
"j_872",0,"M","O","18",TRUE
"j_873",0,"L","O","32",TRUE
"j_874",0,"M","O","18",TRUE
"j_875",0,"L","O","18",TRUE
"j_876",0,"M","O","02",TRUE
"j_877",0,"M","O","04",TRUE
"j_878",0,"M","O","10",TRUE
"j_879",0,"M","O","14",TRUE
"j_880",0,"M","O","20",TRUE
"j_881",0,"M","O","12",TRUE
"j_882",0,"M","O","06",TRUE
"j_883",0,"M","O","06",TRUE
"j_884",0,"M","O","06",TRUE
"j_885",0,"M","O","04",FALSE
"j_886",0,"L","O","26",TRUE
"j_887",0,"M","O","22",TRUE
"j_888",1,"L","C","24",TRUE
"j_889",0,"M","P","10",TRUE
"j_890",0,"L","Q","30",FALSE
"j_891",0,"M","P","02",TRUE
"j_892",0,"L","P","02",TRUE
"j_893",0,"M","R.S","02",TRUE
"j_894",0,"L","P","06",TRUE
"j_895",0,"M","Q","32",TRUE
"j_896",0,"L","O","22",TRUE
"j_897",1,"M","G","28",TRUE
"j_898",0,"L","P","02",TRUE
"j_899",0,"L","P","02",TRUE
"j_900",0,"L","O","22",FALSE
"j_901",0,"L","H","14",FALSE
"j_902",0,"L","H","14",FALSE
"j_903",0,"L","H","20",TRUE
"j_904",1,"L","G","02",FALSE
"j_905",0,"L","P","30",FALSE
"j_906",0,"L","P","10",TRUE
"j_907",0,"L","O","24",TRUE
"j_908",0,"L","P","02",TRUE
"j_909",0,"L","O","10",TRUE
"j_910",0,"L","P","30",TRUE
"j_911",0,"L","P","04",TRUE
"j_912",0,"L","R.S","28",FALSE
"j_913",0,"L","R.S","22",TRUE
"j_914",0,"M","Q","30",TRUE
"j_915",1,"L","G","28",FALSE
"j_916",0,"L","Q","06",FALSE
"j_917",0,"L","P","06",TRUE
"j_918",1,"L","G","18",TRUE
"j_919",0,"L","Q","30",FALSE
"j_920",0,"M","Q","24",FALSE
"j_921",0,"M","Q","24",FALSE
"j_922",0,"L","Q","24",FALSE
"j_923",0,"M","Q","24",FALSE
"j_924",0,"L","Q","24",FALSE
"j_925",0,"L","Q","24",FALSE
"j_926",0,"M","R.S","28",FALSE
"j_927",0,"L","O","28",TRUE
"j_928",0,"L","P","30",TRUE
"j_929",0,"M","P","02",FALSE
"j_930",0,"L","P","02",TRUE
"j_931",0,"L","P","02",TRUE
"j_932",0,"L","P","02",TRUE
"j_933",0,"L","P","02",TRUE
"j_934",0,"L","P","02",TRUE
"j_935",0,"L","P","02",FALSE
"j_936",0,"L","P","30",TRUE
"j_937",0,"L","P","12",TRUE
"j_938",0,"M","P","32",TRUE
"j_939",0,"L","P","02",TRUE
"j_940",0,"L","P","02",TRUE
"j_941",0,"L","P","14",TRUE
"j_942",0,"L","P","12",FALSE
"j_943",0,"L","P","02",TRUE
"j_944",0,"L","P","04",TRUE
"j_945",0,"L","P","28",TRUE
"j_946",0,"L","P","28",TRUE
"j_947",0,"L","P","24",FALSE
"j_948",0,"L","P","24",TRUE
"j_949",0,"M","P","12",TRUE
"j_950",0,"L","P","24",TRUE
"j_951",0,"L","P","20",TRUE
"j_952",0,"L","P","22",TRUE
"j_953",0,"L","P","24",FALSE
"j_954",0,"M","Q","06",FALSE
"j_955",0,"M","P","24",TRUE
"j_956",0,"M","P","16",TRUE
"j_957",0,"L","P","16",TRUE
"j_958",0,"L","P","22",TRUE
"j_959",0,"L","P","14",TRUE
"j_960",0,"M","P","24",TRUE
"j_961",0,"L","P","14",FALSE
"j_962",1,"M","K.L","28",TRUE
"j_963",1,"M","G","18",FALSE
"j_964",1,"S","N","04",TRUE
"j_965",1,"S","N","04",TRUE
"j_966",1,"M","N","30",TRUE
"j_967",1,"L","G","24",TRUE
"j_968",1,"M","G","24",FALSE
"j_969",1,"L","G","24",FALSE
"j_970",0,"M","P","22",TRUE
"j_971",1,"L","K.L","14",TRUE
"j_972",1,"S","F","28",TRUE
"j_973",0,"S","R.S","24",TRUE
"j_974",1,"L","C","10",FALSE
"j_975",0,"L","P","14",TRUE
"j_976",0,"L","P","14",TRUE
"j_977",0,"L","P","14",FALSE
"j_978",0,"M","P","24",TRUE
"j_979",0,"L","Q","18",TRUE
"j_980",1,"L","C","20",FALSE
"j_981",1,"L","C","08",FALSE
"j_982",0,"L","P","14",FALSE
"j_983",0,"M","P","02",TRUE
"j_984",0,"L","P","14",FALSE
"j_985",1,"S","F","08",TRUE
"j_986",0,"L","Q","02",FALSE
"j_987",0,"M","R.S","04",FALSE
"j_988",0,"L","P","24",TRUE
"j_989",0,"L","P","24",FALSE
"j_990",0,"L","O","30",TRUE
"j_991",1,"L","G","24",TRUE
"j_992",1,"M","K.L","04",TRUE
"j_993",0,"L","Q","22",TRUE
"j_994",0,"L","O","22",TRUE
"j_995",1,"M","G","18",FALSE
"j_996",0,"M","Q","30",FALSE
"j_997",1,"M","K.L","24",TRUE
"j_998",0,"M","Q","28",FALSE
"j_999",0,"M","P","08",TRUE
"j_1000",0,"M","P","22",FALSE
"j_1001",0,"S","R.S","28",TRUE
"j_1002",1,"L","G","06",FALSE
"j_1003",0,"L","H","14",TRUE
"j_1004",0,"L","P","30",TRUE
"j_1005",0,"M","Q","14",FALSE
"j_1006",0,"L","Q","28",FALSE
"j_1007",1,"L","G","28",FALSE
"j_1008",1,"M","G","18",TRUE
"j_1009",1,"L","C","30",TRUE
"j_1010",1,"L","G","22",FALSE
"j_1011",1,"M","G","02",FALSE
"j_1012",1,"S","K.L","32",TRUE
"j_1013",0,"M","O","04",TRUE
"j_1014",0,"M","O","04",TRUE
"j_1015",0,"M","O","04",TRUE
"j_1016",0,"S","R.S","18",TRUE
"j_1017",0,"L","P","02",TRUE
"j_1018",0,"M","D.E","16",TRUE
"j_1019",1,"L","G","10",TRUE
"j_1020",1,"M","G","10",FALSE
"j_1021",0,"M","P","04",FALSE
"j_1022",0,"L","Q","14",FALSE
"j_1023",1,"L","G","24",FALSE
"j_1024",0,"M","P","12",TRUE
"j_1025",1,"L","C","04",FALSE
"j_1026",0,"L","O","06",TRUE
"j_1027",1,"M","G","32",FALSE
"j_1028",1,"S","K.L","12",TRUE
"j_1029",0,"L","P","02",TRUE
"j_1030",1,"M","G","16",TRUE
"j_1031",1,"L","G","22",FALSE
"j_1032",0,"L","P","26",TRUE
"j_1033",0,"L","Q","14",FALSE
"j_1034",0,"M","R.S","06",TRUE
"j_1035",1,"M","G","08",FALSE
"j_1036",1,"M","G","08",FALSE
"j_1037",1,"M","C","32",FALSE
"j_1038",1,"M","G","30",FALSE
"j_1039",0,"M","D.E","26",TRUE
"j_1040",1,"L","G","20",FALSE
"j_1041",1,"M","K.L","28",TRUE
"j_1042",0,"L","Q","08",FALSE
"j_1043",0,"M","Q","04",FALSE
"j_1044",1,"L","G","26",FALSE
"j_1045",0,"L","Q","24",FALSE
"j_1046",1,"M","K.L","24",TRUE
"j_1047",1,"M","K.L","04",TRUE
"j_1048",0,"L","P","20",TRUE
"j_1049",0,"M","P","04",TRUE
"j_1050",1,"S","K.L","24",TRUE
"j_1051",0,"L","Q","06",FALSE
"j_1052",1,"L","G","10",TRUE
"j_1053",0,"L","Q","24",TRUE
"j_1054",1,"M","K.L","10",FALSE
"j_1055",1,"M","K.L","18",TRUE
"j_1056",1,"L","G","12",FALSE
"j_1057",1,"L","I","12",FALSE
"j_1058",0,"M","Q","10",TRUE
"j_1059",0,"M","P","18",TRUE
"j_1060",0,"M","P","18",TRUE
"j_1061",0,"M","P","06",TRUE
"j_1062",0,"M","P","04",TRUE
"j_1063",0,"M","P","04",TRUE
"j_1064",0,"M","P","04",TRUE
"j_1065",0,"M","P","14",TRUE
"j_1066",0,"M","P","04",TRUE
"j_1067",0,"M","P","06",TRUE
"j_1068",0,"M","P","20",TRUE
"j_1069",0,"M","P","28",TRUE
"j_1070",0,"M","P","16",FALSE
"j_1071",0,"M","P","26",TRUE
"j_1072",0,"M","P","22",TRUE
"j_1073",0,"M","P","32",TRUE
"j_1074",0,"M","P","02",TRUE
"j_1075",0,"M","P","02",TRUE
"j_1076",0,"M","P","02",TRUE
"j_1077",0,"M","P","02",TRUE
"j_1078",0,"M","P","02",TRUE
"j_1079",0,"M","P","02",TRUE
"j_1080",0,"L","P","02",TRUE
"j_1081",0,"L","P","02",TRUE
"j_1082",0,"M","P","02",TRUE
"j_1083",0,"M","P","18",TRUE
"j_1084",0,"M","P","30",TRUE
"j_1085",0,"M","P","02",TRUE
"j_1086",0,"M","P","02",TRUE
"j_1087",0,"M","P","02",TRUE
"j_1088",0,"M","P","22",TRUE
"j_1089",0,"M","P","30",TRUE
"j_1090",0,"M","P","24",TRUE
"j_1091",0,"L","P","28",TRUE
"j_1092",0,"L","P","32",TRUE
"j_1093",0,"M","P","18",TRUE
"j_1094",0,"M","P","32",TRUE
"j_1095",0,"M","P","04",TRUE
"j_1096",0,"M","P","28",TRUE
"j_1097",1,"M","C","14",TRUE
"j_1098",0,"M","P","32",TRUE
"j_1099",0,"M","P","32",TRUE
"j_1100",0,"M","P","32",TRUE
"j_1101",0,"M","P","32",FALSE
"j_1102",0,"M","P","04",TRUE
"j_1103",0,"M","P","12",TRUE
"j_1104",0,"M","P","12",TRUE
"j_1105",0,"M","Q","32",FALSE
"j_1106",0,"S","R.S","06",TRUE
"j_1107",0,"M","P","02",TRUE
"j_1108",0,"M","P","02",TRUE
"j_1109",0,"M","P","02",TRUE
"j_1110",0,"L","Q","02",FALSE
"j_1111",0,"L","Q","14",TRUE
"j_1112",1,"S","K.L","12",TRUE
"j_1113",0,"M","R.S","24",FALSE
"j_1114",0,"L","Q","30",FALSE
"j_1115",0,"M","O","24",TRUE
"j_1116",0,"L","P","02",FALSE
"j_1117",0,"L","P","16",TRUE
"j_1118",0,"M","P","04",TRUE
"j_1119",0,"M","P","04",TRUE
"j_1120",0,"L","Q","24",FALSE
"j_1121",1,"M","K.L","14",TRUE
"j_1122",1,"L","G","14",TRUE
"j_1123",1,"L","F","02",FALSE
"j_1124",0,"M","R.S","06",TRUE
"j_1125",1,"L","C","26",TRUE
"j_1126",0,"L","P","02",FALSE
"j_1127",1,"L","C","14",TRUE
"j_1128",1,"L","F","18",TRUE
"j_1129",1,"L","C","04",FALSE
"j_1130",1,"M","F","04",TRUE
"j_1131",1,"M","G","02",TRUE
"j_1132",1,"M","F","06",FALSE
"j_1133",1,"M","M","32",TRUE
"j_1134",1,"M","J","14",TRUE
"j_1135",1,"L","C","22",FALSE
"j_1136",1,"M","F","30",TRUE
"j_1137",1,"M","H","22",TRUE
"j_1138",1,"L","G","14",TRUE
"j_1139",0,"M","Q","24",FALSE
"j_1140",1,"L","C","12",FALSE
"j_1141",1,"L","C","14",FALSE
"j_1142",0,"L","P","28",TRUE
"j_1143",1,"L","I","14",TRUE
"j_1144",1,"M","C","30",TRUE
"j_1145",1,"L","C","12",FALSE
"j_1146",1,"L","C","14",TRUE
"j_1147",1,"S","F","14",TRUE
"j_1148",1,"M","C","14",TRUE
"j_1149",1,"S","G","14",TRUE
"j_1150",1,"L","G","14",TRUE
"j_1151",1,"M","C","06",FALSE
"j_1152",1,"M","C","20",FALSE
"j_1153",1,"M","G","14",FALSE
"j_1154",1,"M","K.L","20",TRUE
"j_1155",1,"M","C","20",FALSE
"j_1156",1,"S","C","24",FALSE
"j_1157",0,"L","K.L","04",TRUE
"j_1158",1,"L","C","04",FALSE
"j_1159",1,"M","F","04",TRUE
"j_1160",1,"L","C","04",FALSE
"j_1161",0,"S","Q","06",TRUE
"j_1162",1,"L","C","06",FALSE
"j_1163",1,"M","G","06",TRUE
"j_1164",1,"M","G","14",TRUE
"j_1165",1,"S","J","24",FALSE
"j_1166",1,"L","I","16",TRUE
"j_1167",1,"L","C","24",FALSE
"j_1168",1,"M","C","24",TRUE
"j_1169",1,"S","G","24",TRUE
"j_1170",1,"L","C","24",FALSE
"j_1171",1,"M","H","24",FALSE
"j_1172",1,"L","C","24",FALSE
"j_1173",0,"S","Q","24",TRUE
"j_1174",1,"M","F","28",TRUE
"j_1175",0,"L","Q","22",TRUE
"j_1176",0,"L","Q","28",TRUE
"j_1177",1,"M","C","22",TRUE
"j_1178",1,"L","C","28",FALSE
"j_1179",0,"L","Q","22",FALSE
"j_1180",0,"M","Q","22",TRUE
"j_1181",1,"L","I","22",TRUE
"j_1182",1,"S","D.E","22",TRUE
"j_1183",1,"L","C","22",FALSE
"j_1184",1,"M","C","22",TRUE
"j_1185",1,"S","K.L","22",TRUE
"j_1186",1,"S","C","22",FALSE
"j_1187",1,"M","C","22",TRUE
"j_1188",1,"M","C","22",TRUE
"j_1189",1,"S","M","22",TRUE
"j_1190",1,"M","G","22",TRUE
"j_1191",1,"M","K.L","22",TRUE
"j_1192",1,"M","C","32",FALSE
"j_1193",0,"M","Q","02",TRUE
"j_1194",0,"M","Q","02",TRUE
"j_1195",0,"M","Q","02",TRUE
"j_1196",0,"M","Q","02",TRUE
"j_1197",1,"S","G","02",TRUE
"j_1198",0,"L","P","02",TRUE
"j_1199",0,"L","Q","30",FALSE
"j_1200",1,"S","F","30",TRUE
"j_1201",1,"L","C","30",TRUE
"j_1202",1,"M","H","30",TRUE
"j_1203",1,"S","G","30",TRUE
"j_1204",1,"M","C","30",TRUE
"j_1205",1,"M","G","30",TRUE
"j_1206",1,"M","M","30",TRUE
"j_1207",0,"L","Q","24",TRUE
"j_1208",0,"M","Q","24",TRUE
"j_1209",0,"M","Q","24",TRUE
"j_1210",0,"L","Q","24",FALSE
"j_1211",1,"L","C","24",FALSE
"j_1212",0,"L","Q","24",TRUE
"j_1213",1,"M","G","24",FALSE
"j_1214",1,"L","C","24",TRUE
"j_1215",1,"M","M","24",TRUE
"j_1216",1,"M","G","24",TRUE
"j_1217",1,"M","C","24",FALSE
"j_1218",1,"M","F","24",TRUE
"j_1219",0,"M","Q","24",TRUE
"j_1220",1,"L","N","24",TRUE
"j_1221",1,"M","C","24",FALSE
"j_1222",1,"L","N","24",FALSE
"j_1223",1,"M","M","24",TRUE
"j_1224",1,"S","F","24",TRUE
"j_1225",1,"M","Q","24",FALSE
"j_1226",1,"M","G","26",TRUE
"j_1227",1,"S","N","26",TRUE
"j_1228",1,"L","C","26",FALSE
"j_1229",1,"M","C","26",FALSE
"j_1230",1,"L","C","26",TRUE
"j_1231",1,"L","G","26",TRUE
"j_1232",1,"M","G","26",FALSE
"j_1233",0,"M","Q","30",TRUE
"j_1234",1,"M","G","30",TRUE
"j_1235",0,"M","Q","32",TRUE
"j_1236",0,"M","Q","32",TRUE
"j_1237",0,"M","Q","32",TRUE
"j_1238",0,"L","Q","32",TRUE
"j_1239",0,"M","Q","32",TRUE
"j_1240",1,"M","J","14",TRUE
"j_1241",1,"M","C","32",TRUE
"j_1242",1,"S","R.S","32",TRUE
"j_1243",1,"M","C","32",FALSE
"j_1244",1,"M","F","32",TRUE
"j_1245",1,"L","C","14",FALSE
"j_1246",0,"L","P","12",FALSE
"j_1247",1,"M","C","12",TRUE
"j_1248",1,"M","K.L","12",TRUE
"j_1249",1,"M","G","12",FALSE
"j_1250",0,"L","Q","18",TRUE
"j_1251",1,"L","C","18",FALSE
"j_1252",1,"L","N","02",FALSE
"j_1253",0,"M","Q","02",TRUE
"j_1254",0,"L","Q","02",TRUE
"j_1255",0,"L","Q","02",FALSE
"j_1256",1,"M","F","02",TRUE
"j_1257",0,"M","Q","02",TRUE
"j_1258",0,"L","P","02",FALSE
"j_1259",1,"S","G","02",TRUE
"j_1260",1,"S","H","02",TRUE
"j_1261",1,"L","G","30",FALSE
"j_1262",1,"L","C","30",FALSE
"j_1263",0,"S","Q","06",TRUE
"j_1264",1,"S","G","06",TRUE
"j_1265",1,"M","R.S","06",TRUE
"j_1266",1,"L","C","06",FALSE
"j_1267",1,"M","G","06",TRUE
"j_1268",0,"L","Q","20",FALSE
"j_1269",0,"L","P","10",TRUE
"j_1270",1,"L","C","10",TRUE
"j_1271",1,"L","C","10",FALSE
"j_1272",1,"S","M","10",FALSE
"j_1273",1,"L","C","10",FALSE
"j_1274",1,"S","H","24",FALSE
"j_1275",1,"L","G","12",TRUE
"j_1276",1,"M","G","12",TRUE
"j_1277",1,"S","R.S","12",TRUE
"j_1278",0,"M","Q","28",TRUE
"j_1279",1,"L","G","28",FALSE
"j_1280",0,"M","Q","28",TRUE
"j_1281",1,"M","C","28",TRUE
"j_1282",0,"M","Q","16",FALSE
"j_1283",1,"M","G","16",TRUE
"j_1284",1,"S","G","16",TRUE
"j_1285",1,"S","I","16",TRUE
"j_1286",1,"S","F","16",TRUE
"j_1287",1,"S","G","16",TRUE
"j_1288",1,"S","M","16",FALSE
"j_1289",1,"M","C","16",TRUE
"j_1290",1,"L","C","30",FALSE
"j_1291",0,"M","Q","30",TRUE
"j_1292",1,"L","G","30",TRUE
"j_1293",1,"L","C","10",FALSE
"j_1294",1,"M","K.L","10",TRUE
"j_1295",1,"M","N","14",TRUE
"j_1296",0,"M","Q","30",TRUE
"j_1297",1,"L","C","30",FALSE
"j_1298",1,"L","Q","32",FALSE
"j_1299",1,"L","G","14",FALSE
"j_1300",1,"S","G","14",TRUE
"j_1301",1,"S","C","18",FALSE
"j_1302",1,"L","G","18",TRUE
"j_1303",1,"M","G","18",TRUE
"j_1304",1,"M","C","18",TRUE
"j_1305",1,"M","C","18",TRUE
"j_1306",1,"S","F","18",TRUE
"j_1307",1,"M","G","18",TRUE
"j_1308",1,"M","G","14",FALSE
"j_1309",1,"M","G","14",FALSE
"j_1310",0,"S","Q","14",TRUE
"j_1311",0,"M","Q","14",TRUE
"j_1312",1,"M","C","10",TRUE
"j_1313",1,"M","Q","14",FALSE
"j_1314",1,"M","C","22",TRUE
"j_1315",1,"L","C","22",TRUE
"j_1316",1,"L","G","22",FALSE
"j_1317",1,"L","C","22",TRUE
"j_1318",1,"S","G","22",FALSE
"j_1319",1,"L","C","32",FALSE
"j_1320",1,"L","C","22",TRUE
"j_1321",1,"L","C","22",TRUE
"j_1322",1,"M","G","22",TRUE
"j_1323",1,"M","F","32",TRUE
"j_1324",1,"M","C","32",TRUE
"j_1325",1,"L","G","32",TRUE
"j_1326",0,"M","Q","32",FALSE
"j_1327",0,"L","Q","32",FALSE
"j_1328",1,"S","F","32",TRUE
"j_1329",1,"M","C","26",TRUE
"j_1330",1,"M","C","12",TRUE
"j_1331",1,"M","G","12",FALSE
"j_1332",1,"M","G","18",FALSE
"j_1333",1,"M","C","04",TRUE
"j_1334",0,"L","O","04",TRUE
"j_1335",1,"L","C","04",FALSE
"j_1336",1,"L","F","04",TRUE
"j_1337",1,"M","N","04",FALSE
"j_1338",1,"L","C","04",FALSE
"j_1339",1,"S","F","02",TRUE
"j_1340",0,"M","Q","02",TRUE
"j_1341",1,"S","H","02",FALSE
"j_1342",1,"L","G","04",FALSE
"j_1343",1,"M","F","04",TRUE
"j_1344",1,"M","C","04",TRUE
"j_1345",1,"M","G","04",TRUE
"j_1346",1,"S","C","02",TRUE
"j_1347",1,"M","C","02",TRUE
"j_1348",1,"M","C","02",FALSE
"j_1349",1,"S","I","02",FALSE
"j_1350",1,"M","C","06",TRUE
"j_1351",1,"M","G","06",FALSE
"j_1352",0,"L","Q","08",TRUE
"j_1353",0,"L","Q","08",TRUE
"j_1354",0,"M","Q","08",TRUE
"j_1355",1,"M","I","08",TRUE
"j_1356",1,"L","C","08",TRUE
"j_1357",1,"M","C","08",TRUE
"j_1358",1,"L","C","14",FALSE
"j_1359",1,"L","C","14",FALSE
"j_1360",1,"L","I","14",FALSE
"j_1361",0,"L","Q","14",FALSE
"j_1362",0,"M","P","32",TRUE
"j_1363",1,"S","G","20",FALSE
"j_1364",1,"S","C","14",TRUE
"j_1365",0,"L","M","14",TRUE
"j_1366",1,"S","F","14",TRUE
"j_1367",0,"M","P","24",TRUE
"j_1368",0,"M","P","24",FALSE
"j_1369",1,"L","P","14",TRUE
"j_1370",1,"M","C","24",TRUE
"j_1371",1,"L","F","22",TRUE
"j_1372",1,"L","F","24",TRUE
"j_1373",1,"M","G","16",FALSE
"j_1374",1,"L","F","30",FALSE
"j_1375",1,"M","C","02",TRUE
"j_1376",1,"L","C","04",FALSE
"j_1377",1,"M","K.L","02",TRUE
"j_1378",1,"M","M","06",TRUE
"j_1379",1,"M","K.L","14",TRUE
"j_1380",1,"L","C","10",FALSE
"j_1381",1,"L","C","10",TRUE
"j_1382",1,"S","R.S","12",TRUE
"j_1383",1,"S","C","30",FALSE
"j_1384",1,"M","Q","10",TRUE
"j_1385",1,"S","F","24",TRUE
"j_1386",1,"M","F","24",TRUE
"j_1387",1,"M","F","24",TRUE
"j_1388",1,"M","G","30",TRUE
"j_1389",1,"L","C","26",FALSE
"j_1390",1,"M","C","26",TRUE
"j_1391",1,"M","C","12",TRUE
"j_1392",1,"L","C","24",TRUE
"j_1393",1,"M","F","24",TRUE
"j_1394",1,"L","C","12",FALSE
"j_1395",1,"S","H","04",FALSE
"j_1396",1,"M","G","22",FALSE
"j_1397",1,"S","F","30",TRUE
"j_1398",1,"M","C","06",TRUE
"j_1399",1,"M","C","26",TRUE
"j_1400",1,"M","F","02",TRUE
"j_1401",1,"M","G","22",TRUE
"j_1402",1,"M","N","16",FALSE
"j_1403",1,"S","C","22",TRUE
"j_1404",1,"L","H","04",TRUE
"j_1405",1,"L","C","22",FALSE
"j_1406",1,"S","F","32",TRUE
"j_1407",1,"M","C","08",TRUE
"j_1408",1,"L","C","20",FALSE
"j_1409",1,"M","C","12",FALSE
"j_1410",1,"S","F","30",TRUE
"j_1411",1,"M","C","14",TRUE
"j_1412",1,"L","G","12",FALSE
"j_1413",1,"L","F","04",TRUE
"j_1414",1,"M","F","22",TRUE
"j_1415",1,"M","D.E","14",TRUE
"j_1416",1,"L","C","14",TRUE
"j_1417",1,"L","C","24",TRUE
"j_1418",1,"L","C","02",TRUE
"j_1419",1,"M","C","30",TRUE
"j_1420",1,"M","C","02",TRUE
"j_1421",0,"L","K.L","14",TRUE
"j_1422",1,"L","C","14",FALSE
"j_1423",1,"S","G","14",TRUE
"j_1424",1,"S","G","14",TRUE
"j_1425",0,"M","P","14",TRUE
"j_1426",1,"L","K.L","14",TRUE
"j_1427",1,"L","C","14",FALSE
"j_1428",1,"S","F","14",TRUE
"j_1429",1,"S","G","14",FALSE
"j_1430",1,"M","C","14",FALSE
"j_1431",0,"L","P","14",FALSE
"j_1432",0,"L","P","14",TRUE
"j_1433",1,"M","C","14",FALSE
"j_1434",1,"L","F","14",FALSE
"j_1435",1,"S","F","14",TRUE
"j_1436",1,"L","I","14",TRUE
"j_1437",0,"L","O","14",FALSE
"j_1438",1,"M","G","14",TRUE
"j_1439",1,"M","F","14",TRUE
"j_1440",1,"S","N","14",FALSE
"j_1441",1,"S","C","14",TRUE
"j_1442",1,"M","C","26",FALSE
"j_1443",1,"M","C","14",FALSE
"j_1444",1,"M","H","14",TRUE
"j_1445",1,"S","I","14",FALSE
"j_1446",0,"L","O","14",TRUE
"j_1447",1,"L","N","14",FALSE
"j_1448",1,"L","H","14",FALSE
"j_1449",1,"S","C","14",TRUE
"j_1450",1,"L","C","14",FALSE
"j_1451",1,"M","M","14",TRUE
"j_1452",1,"S","I","14",TRUE
"j_1453",1,"L","K.L","14",TRUE
"j_1454",0,"M","Q","18",FALSE
"j_1455",1,"L","N","14",TRUE
"j_1456",1,"S","F","14",TRUE
"j_1457",1,"M","I","14",FALSE
"j_1458",1,"M","F","14",TRUE
"j_1459",1,"L","F","14",TRUE
"j_1460",1,"S","F","14",TRUE
"j_1461",1,"L","C","14",TRUE
"j_1462",1,"M","F","14",TRUE
"j_1463",1,"M","F","14",TRUE
"j_1464",1,"M","I","14",FALSE
"j_1465",0,"L","Q","14",TRUE
"j_1466",1,"M","C","14",TRUE
"j_1467",1,"S","M","14",TRUE
"j_1468",1,"L","N","14",FALSE
"j_1469",1,"M","J","14",TRUE
"j_1470",0,"L","K.L","14",TRUE
"j_1471",1,"S","G","14",FALSE
"j_1472",1,"S","G","14",TRUE
"j_1473",1,"L","C","14",FALSE
"j_1474",1,"L","G","14",TRUE
"j_1475",1,"L","C","28",FALSE
"j_1476",1,"S","H","14",FALSE
"j_1477",1,"L","C","14",FALSE
"j_1478",1,"L","H","14",TRUE
"j_1479",1,"S","G","14",FALSE
"j_1480",1,"M","G","02",TRUE
"j_1481",1,"L","N","14",TRUE
"j_1482",1,"S","R.S","14",FALSE
"j_1483",1,"L","D.E","14",FALSE
"j_1484",1,"L","K.L","10",TRUE
"j_1485",0,"L","P","14",TRUE
"j_1486",1,"L","Q","14",FALSE
"j_1487",0,"M","Q","14",TRUE
"j_1488",1,"L","G","14",FALSE
"j_1489",1,"M","I","14",FALSE
"j_1490",1,"M","I","14",FALSE
"j_1491",1,"M","C","14",TRUE
"j_1492",1,"L","G","12",FALSE
"j_1493",1,"M","C","14",TRUE
"j_1494",1,"L","I","14",TRUE
"j_1495",1,"M","C","14",TRUE
"j_1496",0,"L","P","14",FALSE
"j_1497",1,"M","C","14",TRUE
"j_1498",1,"M","C","14",TRUE
"j_1499",1,"S","F","14",TRUE
"j_1500",1,"M","G","14",FALSE
"j_1501",1,"S","G","14",FALSE
"j_1502",1,"L","F","16",FALSE
"j_1503",1,"S","G","14",TRUE
"j_1504",1,"S","C","14",TRUE
"j_1505",1,"L","I","02",FALSE
"j_1506",1,"M","C","14",TRUE
"j_1507",1,"S","C","14",TRUE
"j_1508",1,"S","N","14",FALSE
"j_1509",1,"L","C","06",FALSE
"j_1510",1,"M","C","14",FALSE
"j_1511",1,"S","R.S","14",FALSE
"j_1512",1,"L","M","14",FALSE
"j_1513",1,"S","M","14",TRUE
"j_1514",1,"S","G","24",TRUE
"j_1515",1,"L","C","14",FALSE
"j_1516",1,"L","H","14",FALSE
"j_1517",0,"L","P","14",TRUE
"j_1518",1,"M","C","14",FALSE
"j_1519",1,"L","F","14",TRUE
"j_1520",1,"L","C","14",TRUE
"j_1521",1,"L","C","14",TRUE
"j_1522",1,"M","G","14",TRUE
"j_1523",1,"L","C","14",FALSE
"j_1524",1,"S","C","14",TRUE
"j_1525",1,"L","G","14",FALSE
"j_1526",1,"M","K.L","14",TRUE
"j_1527",0,"L","Q","14",FALSE
"j_1528",0,"L","P","14",FALSE
"j_1529",0,"L","P","14",FALSE
"j_1530",1,"S","M","14",TRUE
"j_1531",1,"L","C","18",FALSE
"j_1532",1,"L","C","14",FALSE
"j_1533",1,"M","G","14",TRUE
"j_1534",1,"M","G","14",TRUE
"j_1535",1,"M","C","26",TRUE
"j_1536",1,"L","G","14",FALSE
"j_1537",1,"M","G","14",TRUE
"j_1538",1,"L","Q","14",TRUE
"j_1539",0,"L","O","32",TRUE
"j_1540",1,"L","C","14",TRUE
"j_1541",1,"L","C","10",FALSE
"j_1542",1,"M","C","14",FALSE
"j_1543",1,"S","F","14",TRUE
"j_1544",0,"L","Q","14",FALSE
"j_1545",1,"L","C","24",FALSE
"j_1546",1,"M","G","14",FALSE
"j_1547",1,"M","F","14",TRUE
"j_1548",1,"M","I","14",TRUE
"j_1549",1,"L","D.E","08",TRUE
"j_1550",1,"L","N","14",FALSE
"j_1551",1,"L","C","14",FALSE
"j_1552",1,"L","C","02",FALSE
"j_1553",1,"S","F","14",TRUE
"j_1554",0,"M","P","14",FALSE
"j_1555",0,"M","P","14",TRUE
"j_1556",0,"M","P","14",TRUE
"j_1557",0,"L","P","14",TRUE
"j_1558",0,"M","P","14",TRUE
"j_1559",0,"L","P","14",FALSE
"j_1560",0,"M","P","14",TRUE
"j_1561",0,"M","P","14",FALSE
"j_1562",0,"M","P","14",FALSE
"j_1563",0,"L","Q","14",FALSE
"j_1564",0,"M","P","14",FALSE
"j_1565",0,"M","P","14",TRUE
"j_1566",0,"M","P","14",TRUE
"j_1567",0,"M","P","14",TRUE
"j_1568",0,"M","P","14",TRUE
"j_1569",0,"M","P","14",TRUE
"j_1570",0,"M","P","14",TRUE
"j_1571",1,"M","M","14",TRUE
"j_1572",1,"S","I","14",FALSE
"j_1573",1,"S","I","14",TRUE
"j_1574",1,"S","G","14",TRUE
"j_1575",1,"M","G","14",TRUE
"j_1576",1,"S","K.L","14",TRUE
"j_1577",0,"L","P","14",TRUE
"j_1578",1,"M","I","14",FALSE
"j_1579",0,"L","O","14",TRUE
"j_1580",1,"L","H","04",TRUE
"j_1581",0,"S","O","14",TRUE
"j_1582",1,"S","I","14",FALSE
"j_1583",1,"S","G","14",FALSE
"j_1584",1,"S","M","14",TRUE
"j_1585",1,"S","F","14",TRUE
"j_1586",1,"S","I","24",TRUE
"j_1587",1,"L","H","14",FALSE
"j_1588",1,"M","F","14",TRUE
"j_1589",1,"S","Q","14",TRUE
"j_1590",1,"S","R.S","14",FALSE
"j_1591",1,"M","G","18",TRUE
"j_1592",1,"S","G","14",TRUE
"j_1593",1,"M","G","14",TRUE
"j_1594",1,"L","J","04",FALSE
"j_1595",1,"L","Q","14",FALSE
"j_1596",0,"L","H","14",FALSE
"j_1597",1,"M","G","14",TRUE
"j_1598",1,"L","C","14",FALSE
"j_1599",1,"M","G","14",FALSE
"j_1600",1,"S","H","14",TRUE
"j_1601",0,"L","D.E","14",FALSE
"j_1602",1,"L","C","28",TRUE
"j_1603",1,"L","N","14",TRUE
"j_1604",1,"L","G","14",TRUE
"j_1605",1,"S","G","14",FALSE
"j_1606",1,"S","F","14",TRUE
"j_1607",1,"S","M","14",TRUE
"j_1608",1,"L","H","14",FALSE
"j_1609",0,"L","P","14",FALSE
"j_1610",1,"M","G","14",FALSE
"j_1611",0,"L","I","14",TRUE
"j_1612",1,"M","G","14",TRUE
"j_1613",1,"S","I","14",FALSE
"j_1614",1,"S","G","14",TRUE
"j_1615",1,"S","C","14",TRUE
"j_1616",1,"M","G","14",TRUE
"j_1617",1,"M","G","14",TRUE
"j_1618",1,"S","F","14",TRUE
"j_1619",1,"M","G","14",TRUE
"j_1620",1,"M","Q","14",TRUE
"j_1621",1,"L","K.L","14",FALSE
"j_1622",1,"L","N","10",FALSE
"j_1623",1,"S","G","14",TRUE
"j_1624",1,"S","M","14",TRUE
"j_1625",1,"S","M","14",TRUE
"j_1626",1,"L","K.L","14",TRUE
"j_1627",1,"L","C","14",FALSE
"j_1628",0,"L","P","14",FALSE
"j_1629",1,"S","F","06",TRUE
"j_1630",0,"L","P","14",TRUE
"j_1631",1,"L","M","14",TRUE
"j_1632",1,"L","I","12",FALSE
"j_1633",0,"L","C","14",TRUE
"j_1634",1,"L","N","14",FALSE
"j_1635",1,"S","I","14",FALSE
"j_1636",1,"L","H","14",FALSE
"j_1637",1,"L","C","10",TRUE
"j_1638",1,"L","C","14",FALSE
"j_1639",1,"L","N","14",FALSE
"j_1640",1,"L","N","14",FALSE
"j_1641",1,"S","G","14",FALSE
"j_1642",1,"L","G","14",FALSE
"j_1643",1,"S","F","14",TRUE
"j_1644",1,"S","M","14",TRUE
"j_1645",1,"M","H","14",TRUE
"j_1646",0,"L","P","14",FALSE
"j_1647",0,"M","Q","14",TRUE
"j_1648",1,"L","I","14",FALSE
"j_1649",1,"S","M","14",TRUE
"j_1650",0,"L","K.L","14",TRUE
"j_1651",1,"M","I","14",TRUE
"j_1652",1,"L","M","24",FALSE
"j_1653",1,"L","Q","14",TRUE
"j_1654",1,"M","F","14",TRUE
"j_1655",1,"S","R.S","14",TRUE
"j_1656",1,"M","C","14",TRUE
"j_1657",0,"L","P","14",TRUE
"j_1658",1,"M","F","14",TRUE
"j_1659",1,"L","N","14",FALSE
"j_1660",1,"M","I","14",TRUE
"j_1661",1,"L","C","14",FALSE
"j_1662",1,"L","J","14",FALSE
"j_1663",1,"S","D.E","14",TRUE
"j_1664",1,"S","C","14",TRUE
"j_1665",0,"L","P","14",FALSE
"j_1666",0,"L","R.S","14",FALSE
"j_1667",0,"L","Q","14",FALSE
"j_1668",0,"L","P","14",FALSE
"j_1669",1,"S","R.S","14",FALSE
"j_1670",1,"M","F","14",TRUE
"j_1671",0,"L","P","14",TRUE
"j_1672",0,"L","H","24",TRUE
"j_1673",0,"M","H","14",FALSE
"j_1674",1,"M","G","14",TRUE
"j_1675",1,"L","C","14",TRUE
"j_1676",1,"S","G","14",FALSE
"j_1677",1,"L","N","16",FALSE
"j_1678",1,"M","G","14",FALSE
"j_1679",1,"S","G","14",TRUE
"j_1680",0,"L","O","14",TRUE
"j_1681",1,"S","H","14",TRUE
"j_1682",1,"L","C","14",FALSE
"j_1683",1,"M","I","28",FALSE
"j_1684",1,"M","C","02",FALSE
"j_1685",1,"S","I","02",TRUE
"j_1686",1,"L","C","02",FALSE
"j_1687",1,"S","C","02",TRUE
"j_1688",1,"L","C","02",FALSE
"j_1689",1,"M","F","02",TRUE
"j_1690",1,"L","C","02",FALSE
"j_1691",1,"L","C","02",FALSE
"j_1692",1,"S","F","02",TRUE
"j_1693",1,"L","G","02",FALSE
"j_1694",0,"M","P","02",TRUE
"j_1695",1,"L","C","02",FALSE
"j_1696",1,"L","M","02",FALSE
"j_1697",1,"M","F","02",TRUE
"j_1698",1,"M","F","02",TRUE
"j_1699",1,"L","N","02",TRUE
"j_1700",1,"S","G","02",FALSE
"j_1701",1,"S","G","02",TRUE
"j_1702",1,"S","N","02",TRUE
"j_1703",1,"S","F","02",TRUE
"j_1704",0,"M","P","02",TRUE
"j_1705",1,"S","C","02",FALSE
"j_1706",1,"L","H","02",TRUE
"j_1707",1,"M","C","02",TRUE
"j_1708",1,"S","M","02",TRUE
"j_1709",1,"L","H","02",FALSE
"j_1710",1,"M","F","02",TRUE
"j_1711",1,"S","C","02",TRUE
"j_1712",1,"L","H","02",FALSE
"j_1713",1,"L","C","02",FALSE
"j_1714",1,"S","C","02",TRUE
"j_1715",1,"S","D.E","02",TRUE
"j_1716",1,"S","I","02",TRUE
"j_1717",1,"S","F","02",TRUE
"j_1718",1,"L","G","02",FALSE
"j_1719",1,"S","J","02",TRUE
"j_1720",1,"S","H","02",FALSE
"j_1721",1,"S","M","02",FALSE
"j_1722",1,"M","H","02",FALSE
"j_1723",0,"L","K.L","02",TRUE
"j_1724",1,"S","F","02",TRUE
"j_1725",1,"S","F","02",TRUE
"j_1726",1,"S","I","02",FALSE
"j_1727",1,"M","N","10",TRUE
"j_1728",1,"S","G","02",TRUE
"j_1729",1,"S","G","02",TRUE
"j_1730",0,"L","R.S","02",FALSE
"j_1731",1,"S","G","02",TRUE
"j_1732",1,"S","M","02",TRUE
"j_1733",1,"M","F","02",TRUE
"j_1734",1,"S","C","02",TRUE
"j_1735",1,"S","F","02",TRUE
"j_1736",1,"S","H","02",TRUE
"j_1737",1,"L","C","02",FALSE
"j_1738",1,"S","I","02",TRUE
"j_1739",1,"S","N","02",FALSE
"j_1740",0,"L","P","02",TRUE
"j_1741",1,"M","P","02",FALSE
"j_1742",1,"S","F","02",TRUE
"j_1743",1,"M","F","02",TRUE
"j_1744",1,"L","C","02",FALSE
"j_1745",1,"L","H","02",TRUE
"j_1746",1,"S","D.E","02",TRUE
"j_1747",1,"M","F","02",FALSE
"j_1748",1,"M","C","02",TRUE
"j_1749",1,"S","I","02",TRUE
"j_1750",1,"S","G","02",TRUE
"j_1751",1,"S","G","02",TRUE
"j_1752",1,"S","F","02",TRUE
"j_1753",1,"M","F","02",TRUE
"j_1754",0,"M","Q","02",FALSE
"j_1755",1,"S","C","02",FALSE
"j_1756",1,"S","H","02",FALSE
"j_1757",1,"S","I","02",TRUE
"j_1758",1,"L","C","02",FALSE
"j_1759",1,"M","C","02",TRUE
"j_1760",1,"S","I","02",TRUE
"j_1761",1,"S","C","02",TRUE
"j_1762",1,"S","I","02",FALSE
"j_1763",1,"S","K.L","02",TRUE
"j_1764",1,"S","N","02",TRUE
"j_1765",1,"M","H","02",TRUE
"j_1766",1,"S","I","02",TRUE
"j_1767",1,"S","G","02",FALSE
"j_1768",1,"L","N","02",FALSE
"j_1769",1,"M","R.S","02",TRUE
"j_1770",1,"M","Q","02",FALSE
"j_1771",1,"M","K.L","02",TRUE
"j_1772",1,"L","N","16",FALSE
"j_1773",1,"M","I","02",FALSE
"j_1774",1,"M","G","24",FALSE
"j_1775",1,"S","G","02",TRUE
"j_1776",1,"L","C","02",TRUE
"j_1777",1,"S","C","02",TRUE
"j_1778",1,"S","N","32",FALSE
"j_1779",1,"M","R.S","02",FALSE
"j_1780",1,"L","H","16",TRUE
"j_1781",1,"L","R.S","02",TRUE
"j_1782",1,"M","G","02",FALSE
"j_1783",1,"M","P","02",TRUE
"j_1784",1,"S","G","02",FALSE
"j_1785",1,"L","N","02",FALSE
"j_1786",1,"S","I","02",TRUE
"j_1787",1,"M","F","02",TRUE
"j_1788",1,"S","G","02",FALSE
"j_1789",1,"S","C","02",FALSE
"j_1790",1,"M","F","02",TRUE
"j_1791",0,"L","M","02",TRUE
"j_1792",1,"S","F","02",TRUE
"j_1793",1,"L","N","02",TRUE
"j_1794",0,"M","P","02",TRUE
"j_1795",1,"S","Q","02",TRUE
"j_1796",1,"S","N","16",TRUE
"j_1797",1,"M","F","02",TRUE
"j_1798",1,"S","Q","02",TRUE
"j_1799",1,"M","G","02",FALSE
"j_1800",0,"M","P","02",TRUE
"j_1801",1,"S","G","02",FALSE
"j_1802",1,"S","P","02",FALSE
"j_1803",1,"M","I","02",TRUE
"j_1804",1,"S","C","02",TRUE
"j_1805",1,"L","G","02",FALSE
"j_1806",1,"L","C","02",TRUE
"j_1807",1,"S","G","02",TRUE
"j_1808",0,"M","Q","02",FALSE
"j_1809",1,"S","C","02",TRUE
"j_1810",0,"M","Q","02",TRUE
"j_1811",0,"L","D.E","02",TRUE
"j_1812",1,"M","R.S","02",FALSE
"j_1813",1,"L","N","02",FALSE
"j_1814",1,"M","H","02",FALSE
"j_1815",1,"S","F","02",TRUE
"j_1816",1,"M","P","02",TRUE
"j_1817",1,"M","I","02",FALSE
"j_1818",0,"L","D.E","02",TRUE
"j_1819",1,"L","I","02",FALSE
"j_1820",1,"S","H","02",TRUE
"j_1821",1,"M","M","02",FALSE
"j_1822",1,"S","F","02",TRUE
"j_1823",1,"S","F","02",TRUE
"j_1824",1,"L","C","02",FALSE
"j_1825",1,"M","P","02",TRUE
"j_1826",1,"S","P","02",TRUE
"j_1827",1,"L","C","02",FALSE
"j_1828",1,"S","P","02",TRUE
"j_1829",1,"M","P","02",TRUE
"j_1830",1,"M","P","02",TRUE
"j_1831",1,"S","I","02",FALSE
"j_1832",1,"S","P","02",TRUE
"j_1833",1,"M","G","02",FALSE
"j_1834",1,"S","I","02",FALSE
"j_1835",1,"S","R.S","02",FALSE
"j_1836",1,"M","P","02",TRUE
"j_1837",1,"S","F","02",TRUE
"j_1838",1,"S","G","02",TRUE
"j_1839",1,"L","N","02",TRUE
"j_1840",1,"M","C","02",FALSE
"j_1841",1,"S","H","02",TRUE
"j_1842",1,"S","H","02",FALSE
"j_1843",1,"S","N","02",FALSE
"j_1844",0,"M","P","02",FALSE
"j_1845",1,"S","I","02",FALSE
"j_1846",1,"M","K.L","02",FALSE
"j_1847",1,"S","F","02",TRUE
"j_1848",1,"M","H","02",TRUE
"j_1849",1,"S","H","02",TRUE
"j_1850",1,"M","K.L","02",TRUE
"j_1851",1,"S","M","02",TRUE
"j_1852",1,"M","Q","02",TRUE
"j_1853",1,"L","C","02",FALSE
"j_1854",1,"M","G","02",TRUE
"j_1855",1,"L","N","02",FALSE
"j_1856",1,"S","M","02",TRUE
"j_1857",1,"M","F","02",FALSE
"j_1858",1,"L","N","02",FALSE
"j_1859",0,"S","M","02",FALSE
"j_1860",0,"M","Q","02",FALSE
"j_1861",1,"M","G","02",TRUE
"j_1862",1,"S","G","02",FALSE
"j_1863",1,"S","Q","02",TRUE
"j_1864",1,"M","C","02",FALSE
"j_1865",1,"M","G","02",FALSE
"j_1866",0,"M","P","02",FALSE
"j_1867",1,"M","G","10",TRUE
"j_1868",1,"L","C","30",FALSE
"j_1869",1,"M","N","02",FALSE
"j_1870",0,"L","P","02",TRUE
"j_1871",1,"M","G","02",FALSE
"j_1872",1,"S","G","02",TRUE
"j_1873",0,"L","P","02",TRUE
"j_1874",1,"M","I","02",TRUE
"j_1875",1,"S","G","02",FALSE
"j_1876",1,"M","I","02",TRUE
"j_1877",1,"S","K.L","06",TRUE
"j_1878",1,"M","G","06",FALSE
"j_1879",1,"S","N","06",TRUE
"j_1880",1,"L","C","06",TRUE
"j_1881",1,"M","F","06",TRUE
"j_1882",1,"S","N","06",FALSE
"j_1883",1,"M","C","06",TRUE
"j_1884",1,"M","G","06",TRUE
"j_1885",1,"S","G","06",TRUE
"j_1886",1,"S","C","06",TRUE
"j_1887",1,"S","G","06",TRUE
"j_1888",1,"M","H","06",TRUE
"j_1889",1,"S","P","14",TRUE
"j_1890",1,"L","G","06",FALSE
"j_1891",1,"S","M","06",TRUE
"j_1892",1,"L","C","06",FALSE
"j_1893",1,"S","H","06",TRUE
"j_1894",1,"S","H","06",TRUE
"j_1895",1,"M","G","06",FALSE
"j_1896",1,"L","C","06",TRUE
"j_1897",1,"S","C","06",TRUE
"j_1898",1,"M","C","06",FALSE
"j_1899",1,"M","G","06",TRUE
"j_1900",1,"M","C","06",TRUE
"j_1901",1,"S","F","06",TRUE
"j_1902",1,"M","G","06",TRUE
"j_1903",1,"S","I","06",FALSE
"j_1904",1,"S","G","06",TRUE
"j_1905",1,"M","G","14",FALSE
"j_1906",0,"M","Q","06",TRUE
"j_1907",1,"S","F","20",TRUE
"j_1908",1,"M","C","20",TRUE
"j_1909",1,"L","C","20",FALSE
"j_1910",1,"S","H","20",TRUE
"j_1911",1,"M","C","20",TRUE
"j_1912",0,"L","P","20",TRUE
"j_1913",1,"M","F","20",TRUE
"j_1914",1,"S","I","20",FALSE
"j_1915",1,"M","F","20",TRUE
"j_1916",1,"M","G","20",TRUE
"j_1917",1,"M","P","20",TRUE
"j_1918",1,"M","G","20",TRUE
"j_1919",1,"S","C","20",TRUE
"j_1920",1,"M","I","20",FALSE
"j_1921",1,"L","I","20",FALSE
"j_1922",1,"M","G","20",FALSE
"j_1923",1,"M","F","20",TRUE
"j_1924",1,"S","F","20",TRUE
"j_1925",1,"S","R.S","20",FALSE
"j_1926",0,"M","D.E","20",TRUE
"j_1927",1,"S","C","14",TRUE
"j_1928",1,"S","F","20",TRUE
"j_1929",1,"M","G","20",FALSE
"j_1930",1,"L","G","14",TRUE
"j_1931",1,"M","N","20",FALSE
"j_1932",1,"S","G","20",TRUE
"j_1933",1,"M","H","20",TRUE
"j_1934",1,"M","I","20",FALSE
"j_1935",1,"S","C","20",TRUE
"j_1936",1,"S","R.S","20",FALSE
"j_1937",0,"L","Q","20",TRUE
"j_1938",1,"L","C","20",TRUE
"j_1939",1,"M","G","20",FALSE
"j_1940",0,"L","Q","20",TRUE
"j_1941",0,"M","G","20",FALSE
"j_1942",0,"M","Q","20",TRUE
"j_1943",1,"S","F","20",FALSE
"j_1944",1,"L","C","20",TRUE
"j_1945",1,"L","C","20",TRUE
"j_1946",1,"M","N","20",FALSE
"j_1947",1,"S","I","20",FALSE
"j_1948",1,"S","I","20",FALSE
"j_1949",1,"M","I","20",TRUE
"j_1950",1,"M","I","20",FALSE
"j_1951",1,"S","H","20",TRUE
"j_1952",1,"M","C","20",TRUE
"j_1953",1,"L","N","20",TRUE
"j_1954",1,"M","K.L","20",TRUE
"j_1955",1,"L","C","20",FALSE
"j_1956",1,"L","C","20",FALSE
"j_1957",1,"S","M","20",TRUE
"j_1958",1,"S","C","20",TRUE
"j_1959",1,"S","I","20",TRUE
"j_1960",1,"M","C","20",TRUE
"j_1961",1,"S","C","20",TRUE
"j_1962",1,"L","C","20",FALSE
"j_1963",1,"S","C","20",TRUE
"j_1964",1,"S","M","20",TRUE
"j_1965",1,"L","C","20",TRUE
"j_1966",1,"M","Q","06",FALSE
"j_1967",1,"L","C","06",TRUE
"j_1968",1,"S","M","06",TRUE
"j_1969",1,"M","G","06",TRUE
"j_1970",1,"M","M","06",TRUE
"j_1971",1,"L","G","06",FALSE
"j_1972",1,"S","G","06",TRUE
"j_1973",1,"S","F","06",TRUE
"j_1974",1,"M","G","06",TRUE
"j_1975",1,"L","C","06",TRUE
"j_1976",1,"M","G","06",TRUE
"j_1977",1,"M","I","06",TRUE
"j_1978",1,"S","G","06",TRUE
"j_1979",1,"S","F","06",TRUE
"j_1980",1,"M","C","06",TRUE
"j_1981",1,"S","I","06",TRUE
"j_1982",1,"L","C","06",TRUE
"j_1983",1,"S","F","06",TRUE
"j_1984",1,"S","F","06",TRUE
"j_1985",1,"S","Q","06",TRUE
"j_1986",1,"S","G","06",FALSE
"j_1987",1,"M","C","06",FALSE
"j_1988",1,"S","G","06",TRUE
"j_1989",1,"M","C","06",TRUE
"j_1990",1,"L","G","06",TRUE
"j_1991",0,"M","Q","06",FALSE
"j_1992",1,"M","C","06",TRUE
"j_1993",1,"S","G","06",TRUE
"j_1994",1,"S","G","06",FALSE
"j_1995",1,"S","Q","06",TRUE
"j_1996",1,"M","Q","06",TRUE
"j_1997",1,"M","C","06",FALSE
"j_1998",1,"S","Q","06",FALSE
"j_1999",1,"S","F","06",TRUE
"j_2000",1,"M","G","06",FALSE
"j_2001",1,"L","G","06",FALSE
"j_2002",1,"L","C","06",TRUE
"j_2003",1,"M","H","06",TRUE
"j_2004",1,"S","F","14",TRUE
"j_2005",1,"S","C","06",TRUE
"j_2006",1,"S","F","06",TRUE
"j_2007",1,"M","G","06",TRUE
"j_2008",1,"M","P","06",TRUE
"j_2009",1,"M","C","06",TRUE
"j_2010",1,"S","G","06",FALSE
"j_2011",1,"S","M","06",TRUE
"j_2012",1,"S","H","06",TRUE
"j_2013",1,"S","F","06",TRUE
"j_2014",1,"L","N","06",FALSE
"j_2015",1,"S","G","06",FALSE
"j_2016",1,"S","G","06",TRUE
"j_2017",1,"M","P","06",TRUE
"j_2018",0,"L","Q","06",TRUE
"j_2019",1,"S","K.L","06",TRUE
"j_2020",1,"S","Q","06",TRUE
"j_2021",1,"S","G","06",TRUE
"j_2022",1,"M","R.S","06",TRUE
"j_2023",1,"L","C","06",FALSE
"j_2024",0,"M","P","06",TRUE
"j_2025",1,"M","C","06",FALSE
"j_2026",1,"M","F","06",TRUE
"j_2027",0,"M","P","06",TRUE
"j_2028",1,"S","G","06",TRUE
"j_2029",1,"S","G","06",FALSE
"j_2030",1,"M","P","06",FALSE
"j_2031",1,"S","I","06",FALSE
"j_2032",0,"M","P","06",TRUE
"j_2033",1,"S","G","06",TRUE
"j_2034",1,"S","H","06",TRUE
"j_2035",1,"S","G","06",TRUE
"j_2036",1,"M","C","06",TRUE
"j_2037",1,"S","D.E","06",TRUE
"j_2038",1,"M","J","06",TRUE
"j_2039",0,"M","Q","06",TRUE
"j_2040",1,"M","G","18",FALSE
"j_2041",1,"M","G","06",TRUE
"j_2042",1,"S","J","06",TRUE
"j_2043",1,"L","C","06",TRUE
"j_2044",1,"M","G","06",TRUE
"j_2045",1,"S","F","06",TRUE
"j_2046",1,"S","R.S","06",TRUE
"j_2047",1,"M","M","06",TRUE
"j_2048",1,"S","C","06",TRUE
"j_2049",1,"S","I","06",TRUE
"j_2050",1,"S","H","06",TRUE
"j_2051",1,"S","H","06",FALSE
"j_2052",1,"M","M","06",FALSE
"j_2053",1,"S","I","06",TRUE
"j_2054",1,"S","G","06",FALSE
"j_2055",1,"S","J","06",TRUE
"j_2056",1,"M","P","06",TRUE
"j_2057",1,"S","F","06",TRUE
"j_2058",1,"L","G","06",TRUE
"j_2059",1,"S","R.S","06",FALSE
"j_2060",1,"M","G","06",FALSE
"j_2061",1,"S","P","06",TRUE
"j_2062",1,"M","G","06",FALSE
"j_2063",1,"M","H","06",TRUE
"j_2064",1,"M","G","06",TRUE
"j_2065",1,"S","G","06",TRUE
"j_2066",1,"S","R.S","14",FALSE
"j_2067",1,"L","G","06",FALSE
"j_2068",1,"M","I","06",TRUE
"j_2069",1,"S","M","06",TRUE
"j_2070",1,"L","G","06",TRUE
"j_2071",0,"M","F","06",TRUE
"j_2072",1,"S","P","06",TRUE
"j_2073",1,"S","C","06",TRUE
"j_2074",0,"M","P","06",TRUE
"j_2075",1,"S","N","06",TRUE
"j_2076",1,"M","G","06",TRUE
"j_2077",0,"M","R.S","06",TRUE
"j_2078",1,"S","I","06",TRUE
"j_2079",1,"M","C","06",TRUE
"j_2080",1,"S","G","06",TRUE
"j_2081",1,"M","M","06",TRUE
"j_2082",1,"M","P","06",TRUE
"j_2083",1,"M","C","06",TRUE
"j_2084",1,"S","R.S","06",FALSE
"j_2085",1,"S","F","06",TRUE
"j_2086",0,"S","Q","06",TRUE
"j_2087",1,"S","F","06",TRUE
"j_2088",1,"S","P","06",TRUE
"j_2089",1,"L","C","06",TRUE
"j_2090",1,"S","R.S","06",TRUE
"j_2091",1,"S","G","06",FALSE
"j_2092",1,"S","G","06",TRUE
"j_2093",1,"S","C","06",TRUE
"j_2094",1,"S","J","06",TRUE
"j_2095",1,"L","D.E","24",FALSE
"j_2096",1,"L","G","24",FALSE
"j_2097",1,"S","G","24",FALSE
"j_2098",1,"S","G","24",TRUE
"j_2099",1,"M","C","12",TRUE
"j_2100",1,"M","C","12",TRUE
"j_2101",1,"S","G","24",TRUE
"j_2102",1,"M","G","12",TRUE
"j_2103",1,"S","C","12",TRUE
"j_2104",1,"S","G","12",FALSE
"j_2105",1,"S","I","12",FALSE
"j_2106",1,"L","C","12",TRUE
"j_2107",1,"S","R.S","24",TRUE
"j_2108",1,"S","C","24",TRUE
"j_2109",1,"S","G","24",TRUE
"j_2110",1,"M","I","24",FALSE
"j_2111",1,"M","H","24",FALSE
"j_2112",1,"L","C","24",FALSE
"j_2113",1,"M","H","24",FALSE
"j_2114",1,"M","C","24",TRUE
"j_2115",0,"L","P","24",TRUE
"j_2116",0,"M","P","24",TRUE
"j_2117",1,"M","G","24",TRUE
"j_2118",1,"S","C","24",TRUE
"j_2119",1,"S","C","12",TRUE
"j_2120",1,"L","C","24",FALSE
"j_2121",1,"S","G","24",TRUE
"j_2122",1,"M","C","12",TRUE
"j_2123",1,"L","N","24",FALSE
"j_2124",1,"S","C","24",TRUE
"j_2125",0,"L","P","24",TRUE
"j_2126",1,"L","G","12",FALSE
"j_2127",1,"S","M","24",TRUE
"j_2128",1,"M","H","12",TRUE
"j_2129",0,"M","Q","12",FALSE
"j_2130",1,"M","C","12",TRUE
"j_2131",1,"S","K.L","12",TRUE
"j_2132",1,"S","G","12",TRUE
"j_2133",1,"L","C","24",FALSE
"j_2134",1,"S","H","24",FALSE
"j_2135",1,"S","M","24",TRUE
"j_2136",1,"M","G","24",FALSE
"j_2137",1,"M","G","12",TRUE
"j_2138",1,"S","F","12",TRUE
"j_2139",1,"S","R.S","12",FALSE
"j_2140",1,"L","N","24",FALSE
"j_2141",1,"M","G","24",FALSE
"j_2142",1,"M","N","12",TRUE
"j_2143",1,"M","C","24",TRUE
"j_2144",1,"S","H","12",TRUE
"j_2145",1,"S","G","12",FALSE
"j_2146",1,"S","M","12",TRUE
"j_2147",1,"S","F","12",TRUE
"j_2148",1,"S","R.S","12",TRUE
"j_2149",1,"S","C","24",TRUE
"j_2150",1,"L","C","24",TRUE
"j_2151",1,"S","H","24",TRUE
"j_2152",1,"L","C","24",TRUE
"j_2153",0,"M","Q","24",FALSE
"j_2154",1,"S","F","24",FALSE
"j_2155",1,"S","G","24",TRUE
"j_2156",1,"L","Q","24",TRUE
"j_2157",0,"M","Q","24",TRUE
"j_2158",0,"M","Q","24",FALSE
"j_2159",1,"S","G","24",TRUE
"j_2160",1,"S","G","24",TRUE
"j_2161",0,"M","P","24",TRUE
"j_2162",1,"M","I","24",TRUE
"j_2163",1,"M","G","12",TRUE
"j_2164",0,"M","P","24",TRUE
"j_2165",1,"S","C","24",TRUE
"j_2166",1,"L","C","24",FALSE
"j_2167",1,"M","C","24",FALSE
"j_2168",1,"M","C","24",TRUE
"j_2169",1,"M","I","24",FALSE
"j_2170",1,"S","F","24",FALSE
"j_2171",1,"L","G","24",FALSE
"j_2172",1,"M","K.L","24",TRUE
"j_2173",1,"L","G","08",FALSE
"j_2174",1,"S","M","08",TRUE
"j_2175",1,"M","G","08",FALSE
"j_2176",1,"S","G","08",TRUE
"j_2177",1,"S","G","08",TRUE
"j_2178",1,"M","R.S","08",TRUE
"j_2179",1,"M","D.E","08",TRUE
"j_2180",0,"S","P","08",TRUE
"j_2181",1,"M","G","08",TRUE
"j_2182",1,"M","G","08",TRUE
"j_2183",1,"S","F","08",TRUE
"j_2184",1,"S","I","08",FALSE
"j_2185",1,"M","Q","30",TRUE
"j_2186",1,"S","C","08",TRUE
"j_2187",1,"S","G","08",TRUE
"j_2188",1,"L","N","08",TRUE
"j_2189",1,"M","F","08",TRUE
"j_2190",1,"M","G","08",TRUE
"j_2191",1,"S","I","08",FALSE
"j_2192",1,"L","N","08",FALSE
"j_2193",1,"S","G","08",TRUE
"j_2194",1,"L","N","08",FALSE
"j_2195",0,"M","Q","08",TRUE
"j_2196",1,"M","F","08",TRUE
"j_2197",0,"L","D.E","08",TRUE
"j_2198",1,"S","H","08",TRUE
"j_2199",1,"M","C","08",FALSE
"j_2200",1,"S","C","08",TRUE
"j_2201",1,"S","Q","08",FALSE
"j_2202",1,"S","G","08",FALSE
"j_2203",1,"M","G","08",TRUE
"j_2204",1,"S","F","08",TRUE
"j_2205",1,"S","F","08",TRUE
"j_2206",1,"S","H","08",TRUE
"j_2207",1,"M","N","08",TRUE
"j_2208",1,"S","H","08",FALSE
"j_2209",1,"S","M","08",TRUE
"j_2210",0,"M","P","08",TRUE
"j_2211",1,"S","R.S","08",TRUE
"j_2212",1,"L","N","08",FALSE
"j_2213",1,"S","G","08",TRUE
"j_2214",1,"S","F","08",TRUE
"j_2215",1,"S","C","08",TRUE
"j_2216",1,"M","F","08",TRUE
"j_2217",1,"M","P","08",TRUE
"j_2218",1,"S","H","08",FALSE
"j_2219",1,"M","N","08",TRUE
"j_2220",1,"M","N","08",TRUE
"j_2221",1,"L","C","08",FALSE
"j_2222",1,"L","N","08",TRUE
"j_2223",1,"S","I","08",FALSE
"j_2224",1,"S","N","08",TRUE
"j_2225",1,"M","P","08",TRUE
"j_2226",1,"S","R.S","08",FALSE
"j_2227",1,"M","G","08",TRUE
"j_2228",1,"M","G","08",TRUE
"j_2229",0,"S","R.S","08",TRUE
"j_2230",1,"S","G","08",TRUE
"j_2231",1,"M","M","08",TRUE
"j_2232",0,"M","P","08",TRUE
"j_2233",1,"S","F","08",TRUE
"j_2234",1,"S","H","08",TRUE
"j_2235",0,"M","P","08",TRUE
"j_2236",0,"S","Q","08",TRUE
"j_2237",1,"S","I","08",TRUE
"j_2238",1,"L","N","04",FALSE
"j_2239",1,"L","C","04",FALSE
"j_2240",1,"M","C","04",FALSE
"j_2241",1,"S","F","04",TRUE
"j_2242",1,"S","G","04",TRUE
"j_2243",0,"L","D.E","04",TRUE
"j_2244",1,"L","H","04",TRUE
"j_2245",1,"S","M","04",TRUE
"j_2246",1,"S","F","04",FALSE
"j_2247",1,"S","C","04",TRUE
"j_2248",1,"M","C","22",TRUE
"j_2249",1,"L","C","22",FALSE
"j_2250",1,"M","G","04",TRUE
"j_2251",1,"L","M","04",TRUE
"j_2252",1,"S","F","04",TRUE
"j_2253",1,"M","G","04",TRUE
"j_2254",1,"M","C","04",FALSE
"j_2255",0,"M","D.E","04",TRUE
"j_2256",1,"L","H","04",TRUE
"j_2257",1,"S","H","04",TRUE
"j_2258",0,"L","O","04",FALSE
"j_2259",1,"M","G","04",TRUE
"j_2260",1,"L","N","04",TRUE
"j_2261",1,"L","F","04",TRUE
"j_2262",1,"L","C","04",FALSE
"j_2263",1,"L","C","04",TRUE
"j_2264",1,"M","F","04",FALSE
"j_2265",0,"M","D.E","04",TRUE
"j_2266",1,"M","C","04",TRUE
"j_2267",1,"M","G","04",FALSE
"j_2268",1,"M","F","04",TRUE
"j_2269",1,"M","C","04",TRUE
"j_2270",1,"S","I","04",TRUE
"j_2271",1,"S","F","04",TRUE
"j_2272",1,"S","G","04",TRUE
"j_2273",1,"L","N","04",FALSE
"j_2274",1,"L","C","04",FALSE
"j_2275",1,"L","C","14",FALSE
"j_2276",1,"M","F","04",TRUE
"j_2277",1,"M","F","22",TRUE
"j_2278",1,"M","G","04",TRUE
"j_2279",1,"S","H","04",TRUE
"j_2280",1,"S","K.L","04",TRUE
"j_2281",1,"S","Q","04",FALSE
"j_2282",1,"S","H","04",TRUE
"j_2283",1,"M","I","04",TRUE
"j_2284",1,"S","F","04",TRUE
"j_2285",0,"L","R.S","04",FALSE
"j_2286",1,"L","C","04",FALSE
"j_2287",1,"M","F","04",TRUE
"j_2288",1,"L","C","04",FALSE
"j_2289",0,"L","Q","04",FALSE
"j_2290",1,"S","C","04",TRUE
"j_2291",1,"M","G","22",TRUE
"j_2292",1,"S","I","04",TRUE
"j_2293",1,"L","C","04",FALSE
"j_2294",1,"M","C","04",TRUE
"j_2295",1,"S","C","02",TRUE
"j_2296",1,"M","C","04",TRUE
"j_2297",1,"S","H","04",TRUE
"j_2298",1,"S","C","04",TRUE
"j_2299",1,"M","F","04",TRUE
"j_2300",1,"S","C","04",TRUE
"j_2301",1,"M","F","04",TRUE
"j_2302",1,"S","F","04",TRUE
"j_2303",1,"S","H","04",TRUE
"j_2304",0,"L","D.E","04",FALSE
"j_2305",1,"S","I","04",TRUE
"j_2306",1,"M","F","04",TRUE
"j_2307",1,"S","F","04",TRUE
"j_2308",1,"M","G","04",FALSE
"j_2309",1,"L","G","04",TRUE
"j_2310",1,"S","R.S","04",FALSE
"j_2311",1,"M","C","04",TRUE
"j_2312",1,"M","G","04",FALSE
"j_2313",1,"M","C","04",FALSE
"j_2314",0,"M","Q","22",FALSE
"j_2315",0,"L","Q","04",FALSE
"j_2316",0,"L","O","04",FALSE
"j_2317",0,"L","O","04",TRUE
"j_2318",0,"L","Q","04",TRUE
"j_2319",0,"L","O","22",TRUE
"j_2320",0,"M","Q","04",TRUE
"j_2321",1,"L","G","04",FALSE
"j_2322",1,"L","C","04",FALSE
"j_2323",1,"S","I","04",TRUE
"j_2324",1,"L","C","04",TRUE
"j_2325",1,"S","G","04",TRUE
"j_2326",1,"M","C","04",TRUE
"j_2327",1,"L","C","04",FALSE
"j_2328",1,"S","C","04",TRUE
"j_2329",0,"M","Q","04",TRUE
"j_2330",1,"S","N","04",TRUE
"j_2331",1,"S","G","04",TRUE
"j_2332",1,"S","C","04",TRUE
"j_2333",1,"S","G","04",FALSE
"j_2334",1,"S","C","04",TRUE
"j_2335",1,"M","G","04",TRUE
"j_2336",0,"M","P","04",TRUE
"j_2337",1,"S","G","04",TRUE
"j_2338",1,"M","F","22",TRUE
"j_2339",1,"M","C","32",TRUE
"j_2340",1,"L","G","04",TRUE
"j_2341",1,"L","N","04",FALSE
"j_2342",1,"S","H","04",FALSE
"j_2343",1,"L","C","04",FALSE
"j_2344",1,"S","R.S","04",TRUE
"j_2345",1,"S","G","04",TRUE
"j_2346",1,"L","C","04",FALSE
"j_2347",1,"L","G","04",FALSE
"j_2348",1,"L","G","04",TRUE
"j_2349",1,"S","G","04",TRUE
"j_2350",1,"S","C","04",TRUE
"j_2351",1,"L","G","04",FALSE
"j_2352",1,"L","C","04",FALSE
"j_2353",1,"M","C","04",TRUE
"j_2354",1,"M","K.L","04",FALSE
"j_2355",1,"M","G","04",TRUE
"j_2356",1,"M","K.L","04",TRUE
"j_2357",1,"M","C","04",TRUE
"j_2358",1,"M","C","04",TRUE
"j_2359",1,"S","M","04",TRUE
"j_2360",1,"L","N","04",TRUE
"j_2361",0,"M","D.E","04",FALSE
"j_2362",1,"S","F","04",TRUE
"j_2363",1,"M","C","04",TRUE
"j_2364",1,"L","C","10",FALSE
"j_2365",1,"S","I","10",FALSE
"j_2366",1,"L","N","10",FALSE
"j_2367",1,"S","F","10",TRUE
"j_2368",1,"S","F","10",TRUE
"j_2369",1,"M","N","10",TRUE
"j_2370",1,"S","G","10",TRUE
"j_2371",1,"S","R.S","10",TRUE
"j_2372",1,"M","F","10",TRUE
"j_2373",1,"S","G","10",TRUE
"j_2374",1,"M","H","10",FALSE
"j_2375",1,"S","C","10",TRUE
"j_2376",1,"L","N","10",FALSE
"j_2377",1,"L","N","10",TRUE
"j_2378",1,"S","F","10",TRUE
"j_2379",1,"S","G","10",FALSE
"j_2380",1,"L","P","10",TRUE
"j_2381",1,"S","J","10",TRUE
"j_2382",1,"M","C","10",TRUE
"j_2383",1,"M","C","10",TRUE
"j_2384",1,"L","C","10",FALSE
"j_2385",1,"S","F","10",TRUE
"j_2386",1,"S","F","10",TRUE
"j_2387",1,"S","R.S","10",TRUE
"j_2388",1,"L","C","10",FALSE
"j_2389",1,"M","I","10",TRUE
"j_2390",1,"S","R.S","10",TRUE
"j_2391",1,"S","G","10",TRUE
"j_2392",1,"L","C","10",FALSE
"j_2393",1,"S","F","10",TRUE
"j_2394",1,"S","G","10",TRUE
"j_2395",1,"S","K.L","10",TRUE
"j_2396",1,"S","H","10",FALSE
"j_2397",1,"S","R.S","10",TRUE
"j_2398",1,"L","M","10",TRUE
"j_2399",1,"S","G","10",TRUE
"j_2400",1,"M","D.E","10",TRUE
"j_2401",1,"S","P","10",TRUE
"j_2402",1,"S","M","10",FALSE
"j_2403",1,"S","F","10",TRUE
"j_2404",1,"S","I","10",TRUE
"j_2405",1,"M","N","10",FALSE
"j_2406",1,"L","G","10",FALSE
"j_2407",1,"S","G","10",TRUE
"j_2408",1,"L","C","10",TRUE
"j_2409",1,"S","F","10",FALSE
"j_2410",1,"S","G","10",TRUE
"j_2411",1,"M","I","10",FALSE
"j_2412",1,"M","Q","10",FALSE
"j_2413",1,"M","I","10",TRUE
"j_2414",1,"S","G","10",TRUE
"j_2415",1,"S","I","10",TRUE
"j_2416",1,"S","R.S","10",TRUE
"j_2417",1,"M","G","10",TRUE
"j_2418",1,"S","G","10",TRUE
"j_2419",1,"S","Q","10",TRUE
"j_2420",1,"S","F","14",TRUE
"j_2421",1,"S","F","10",TRUE
"j_2422",1,"S","F","10",TRUE
"j_2423",1,"S","M","10",TRUE
"j_2424",1,"M","M","24",TRUE
"j_2425",1,"S","C","10",FALSE
"j_2426",1,"S","R.S","10",FALSE
"j_2427",1,"S","R.S","10",TRUE
"j_2428",1,"S","F","10",TRUE
"j_2429",1,"S","F","10",TRUE
"j_2430",1,"S","H","10",TRUE
"j_2431",1,"M","F","10",TRUE
"j_2432",1,"S","K.L","10",TRUE
"j_2433",0,"L","Q","10",TRUE
"j_2434",1,"M","Q","10",FALSE
"j_2435",1,"M","I","10",FALSE
"j_2436",1,"S","F","14",TRUE
"j_2437",1,"S","G","10",TRUE
"j_2438",1,"L","C","10",FALSE
"j_2439",1,"M","G","10",TRUE
"j_2440",0,"L","H","10",FALSE
"j_2441",1,"S","I","10",FALSE
"j_2442",1,"S","F","10",TRUE
"j_2443",0,"L","R.S","10",FALSE
"j_2444",1,"M","C","10",FALSE
"j_2445",1,"S","F","10",TRUE
"j_2446",1,"L","N","10",FALSE
"j_2447",1,"M","F","10",TRUE
"j_2448",1,"M","C","10",TRUE
"j_2449",1,"S","G","10",TRUE
"j_2450",1,"S","R.S","10",TRUE
"j_2451",1,"S","G","10",TRUE
"j_2452",1,"S","R.S","12",FALSE
"j_2453",1,"M","G","10",TRUE
"j_2454",0,"M","I","10",FALSE
"j_2455",1,"S","F","10",TRUE
"j_2456",1,"L","C","10",FALSE
"j_2457",1,"M","F","10",TRUE
"j_2458",1,"S","F","10",TRUE
"j_2459",1,"S","H","10",TRUE
"j_2460",1,"S","I","10",TRUE
"j_2461",1,"L","N","10",FALSE
"j_2462",1,"S","K.L","10",TRUE
"j_2463",1,"S","G","10",TRUE
"j_2464",1,"M","Q","10",TRUE
"j_2465",1,"S","G","10",TRUE
"j_2466",1,"M","C","10",FALSE
"j_2467",1,"S","C","10",TRUE
"j_2468",1,"S","R.S","10",TRUE
"j_2469",1,"S","F","10",TRUE
"j_2470",1,"S","K.L","10",TRUE
"j_2471",1,"L","C","10",TRUE
"j_2472",1,"S","C","10",TRUE
"j_2473",1,"M","G","10",TRUE
"j_2474",1,"S","M","10",TRUE
"j_2475",1,"S","G","10",TRUE
"j_2476",1,"S","G","10",FALSE
"j_2477",1,"S","F","10",TRUE
"j_2478",1,"M","G","10",TRUE
"j_2479",1,"L","K.L","10",FALSE
"j_2480",1,"M","P","10",TRUE
"j_2481",1,"S","G","10",TRUE
"j_2482",1,"L","G","04",FALSE
"j_2483",1,"L","P","10",TRUE
"j_2484",1,"M","K.L","10",TRUE
"j_2485",1,"M","P","10",TRUE
"j_2486",1,"S","C","10",TRUE
"j_2487",1,"L","N","10",FALSE
"j_2488",1,"M","Q","10",TRUE
"j_2489",1,"S","C","10",FALSE
"j_2490",1,"M","G","10",TRUE
"j_2491",1,"S","R.S","10",TRUE
"j_2492",1,"S","G","10",FALSE
"j_2493",1,"M","Q","10",TRUE
"j_2494",1,"M","C","02",TRUE
"j_2495",1,"S","M","10",TRUE
"j_2496",1,"S","R.S","10",TRUE
"j_2497",1,"S","N","10",TRUE
"j_2498",1,"S","C","10",TRUE
"j_2499",1,"S","C","10",TRUE
"j_2500",1,"S","R.S","10",FALSE
"j_2501",1,"M","F","10",TRUE
"j_2502",1,"M","F","10",TRUE
"j_2503",1,"L","N","10",FALSE
"j_2504",1,"M","G","10",FALSE
"j_2505",1,"S","M","22",TRUE
"j_2506",1,"S","K.L","10",FALSE
"j_2507",1,"S","G","10",FALSE
"j_2508",1,"S","I","10",TRUE
"j_2509",0,"M","F","10",TRUE
"j_2510",1,"S","F","10",TRUE
"j_2511",1,"S","F","10",TRUE
"j_2512",1,"L","C","10",FALSE
"j_2513",1,"S","C","10",FALSE
"j_2514",1,"M","I","10",FALSE
"j_2515",1,"S","P","10",FALSE
"j_2516",1,"M","G","10",TRUE
"j_2517",1,"L","C","06",TRUE
"j_2518",1,"M","G","06",TRUE
"j_2519",1,"L","F","06",TRUE
"j_2520",1,"M","C","06",FALSE
"j_2521",1,"M","C","06",TRUE
"j_2522",1,"L","G","06",TRUE
"j_2523",1,"S","G","06",FALSE
"j_2524",1,"M","G","06",TRUE
"j_2525",1,"S","F","06",TRUE
"j_2526",1,"M","C","06",TRUE
"j_2527",1,"M","I","06",TRUE
"j_2528",0,"S","R.S","06",TRUE
"j_2529",1,"S","K.L","06",TRUE
"j_2530",0,"L","P","06",TRUE
"j_2531",1,"M","C","06",TRUE
"j_2532",1,"S","G","06",TRUE
"j_2533",1,"M","G","06",FALSE
"j_2534",1,"S","G","06",TRUE
"j_2535",0,"L","Q","06",FALSE
"j_2536",1,"M","F","06",TRUE
"j_2537",0,"L","O","06",TRUE
"j_2538",1,"S","M","06",TRUE
"j_2539",0,"L","Q","06",FALSE
"j_2540",1,"M","F","06",TRUE
"j_2541",1,"S","C","06",TRUE
"j_2542",1,"M","N","12",FALSE
"j_2543",1,"S","G","12",FALSE
"j_2544",1,"S","H","12",TRUE
"j_2545",1,"S","R.S","12",FALSE
"j_2546",1,"S","C","18",TRUE
"j_2547",1,"S","F","12",TRUE
"j_2548",1,"M","C","12",TRUE
"j_2549",1,"S","Q","12",FALSE
"j_2550",1,"L","C","12",TRUE
"j_2551",1,"M","C","12",TRUE
"j_2552",1,"S","C","12",TRUE
"j_2553",1,"S","C","12",TRUE
"j_2554",1,"S","F","12",TRUE
"j_2555",1,"S","F","12",TRUE
"j_2556",1,"L","F","12",TRUE
"j_2557",1,"L","G","12",TRUE
"j_2558",1,"M","C","24",TRUE
"j_2559",1,"L","C","12",TRUE
"j_2560",1,"S","H","12",FALSE
"j_2561",1,"L","G","12",FALSE
"j_2562",1,"M","J","12",TRUE
"j_2563",1,"S","H","12",TRUE
"j_2564",1,"S","F","12",TRUE
"j_2565",1,"S","F","12",TRUE
"j_2566",1,"S","C","12",TRUE
"j_2567",1,"S","G","12",TRUE
"j_2568",1,"L","F","12",TRUE
"j_2569",1,"S","I","12",TRUE
"j_2570",1,"M","I","12",TRUE
"j_2571",1,"S","K.L","12",TRUE
"j_2572",1,"S","G","12",TRUE
"j_2573",1,"M","C","12",TRUE
"j_2574",1,"M","G","12",TRUE
"j_2575",1,"L","N","12",FALSE
"j_2576",1,"M","F","12",TRUE
"j_2577",1,"M","G","12",TRUE
"j_2578",1,"S","C","12",TRUE
"j_2579",1,"S","F","12",TRUE
"j_2580",1,"L","K.L","14",FALSE
"j_2581",1,"S","H","12",TRUE
"j_2582",1,"S","Q","12",FALSE
"j_2583",1,"S","N","12",TRUE
"j_2584",1,"S","F","12",TRUE
"j_2585",1,"S","G","12",FALSE
"j_2586",1,"M","C","12",TRUE
"j_2587",1,"S","F","12",TRUE
"j_2588",1,"S","G","12",TRUE
"j_2589",1,"L","C","12",TRUE
"j_2590",1,"M","F","12",TRUE
"j_2591",1,"M","C","12",TRUE
"j_2592",1,"S","F","12",TRUE
"j_2593",1,"S","C","12",TRUE
"j_2594",1,"M","C","12",TRUE
"j_2595",1,"S","G","12",TRUE
"j_2596",1,"L","C","12",FALSE
"j_2597",1,"S","G","12",TRUE
"j_2598",1,"S","H","12",FALSE
"j_2599",1,"S","Q","12",TRUE
"j_2600",1,"M","H","12",FALSE
"j_2601",1,"M","I","12",TRUE
"j_2602",1,"M","F","14",TRUE
"j_2603",1,"M","F","12",TRUE
"j_2604",1,"L","C","12",FALSE
"j_2605",1,"L","C","08",FALSE
"j_2606",1,"S","F","12",TRUE
"j_2607",1,"L","D.E","12",FALSE
"j_2608",1,"S","F","12",TRUE
"j_2609",1,"S","F","12",TRUE
"j_2610",1,"M","F","12",TRUE
"j_2611",1,"M","K.L","12",TRUE
"j_2612",0,"L","D.E","12",FALSE
"j_2613",1,"S","J","12",TRUE
"j_2614",1,"S","H","12",TRUE
"j_2615",1,"S","Q","12",TRUE
"j_2616",1,"M","C","12",FALSE
"j_2617",1,"M","F","12",FALSE
"j_2618",1,"M","G","12",TRUE
"j_2619",1,"S","F","12",TRUE
"j_2620",1,"S","F","12",TRUE
"j_2621",1,"M","C","12",FALSE
"j_2622",1,"S","G","12",TRUE
"j_2623",1,"S","J","12",TRUE
"j_2624",1,"S","G","12",TRUE
"j_2625",1,"M","F","12",TRUE
"j_2626",1,"L","C","12",FALSE
"j_2627",1,"S","F","12",TRUE
"j_2628",1,"M","G","12",TRUE
"j_2629",1,"S","Q","12",TRUE
"j_2630",1,"S","G","12",FALSE
"j_2631",1,"S","G","12",TRUE
"j_2632",1,"S","G","12",TRUE
"j_2633",1,"S","F","12",TRUE
"j_2634",1,"M","F","12",TRUE
"j_2635",1,"L","M","30",TRUE
"j_2636",1,"L","H","12",FALSE
"j_2637",1,"L","G","12",TRUE
"j_2638",1,"S","M","12",TRUE
"j_2639",1,"S","H","12",TRUE
"j_2640",0,"S","R.S","12",TRUE
"j_2641",1,"S","C","12",TRUE
"j_2642",1,"S","F","12",TRUE
"j_2643",1,"S","I","12",FALSE
"j_2644",1,"L","G","12",TRUE
"j_2645",1,"S","I","12",TRUE
"j_2646",1,"M","G","12",TRUE
"j_2647",1,"S","I","12",TRUE
"j_2648",1,"S","M","12",TRUE
"j_2649",1,"M","C","12",FALSE
"j_2650",0,"M","Q","12",FALSE
"j_2651",1,"S","K.L","12",TRUE
"j_2652",1,"M","C","12",TRUE
"j_2653",1,"M","R.S","12",FALSE
"j_2654",1,"M","C","12",FALSE
"j_2655",1,"L","I","12",FALSE
"j_2656",1,"S","P","12",FALSE
"j_2657",0,"S","R.S","12",TRUE
"j_2658",1,"S","F","12",TRUE
"j_2659",0,"L","Q","12",TRUE
"j_2660",1,"M","C","12",FALSE
"j_2661",1,"S","F","12",TRUE
"j_2662",1,"S","F","12",TRUE
"j_2663",1,"M","G","08",FALSE
"j_2664",1,"S","G","12",TRUE
"j_2665",1,"L","H","12",FALSE
"j_2666",1,"S","F","12",TRUE
"j_2667",1,"S","C","12",TRUE
"j_2668",1,"L","I","26",FALSE
"j_2669",1,"S","I","12",TRUE
"j_2670",1,"M","I","12",FALSE
"j_2671",1,"L","C","12",FALSE
"j_2672",1,"L","G","12",TRUE
"j_2673",1,"L","N","12",FALSE
"j_2674",0,"M","P","12",TRUE
"j_2675",1,"M","C","12",TRUE
"j_2676",1,"M","F","12",FALSE
"j_2677",1,"L","G","12",TRUE
"j_2678",1,"S","C","12",FALSE
"j_2679",1,"L","C","12",FALSE
"j_2680",1,"M","F","12",TRUE
"j_2681",1,"M","C","12",TRUE
"j_2682",1,"L","N","02",FALSE
"j_2683",1,"S","F","12",TRUE
"j_2684",1,"L","G","12",TRUE
"j_2685",1,"S","G","12",FALSE
"j_2686",1,"S","R.S","12",TRUE
"j_2687",1,"S","Q","12",FALSE
"j_2688",1,"M","P","12",TRUE
"j_2689",1,"S","I","12",TRUE
"j_2690",1,"M","C","12",TRUE
"j_2691",1,"S","R.S","12",TRUE
"j_2692",1,"S","Q","12",FALSE
"j_2693",1,"L","G","26",FALSE
"j_2694",1,"L","N","12",TRUE
"j_2695",1,"M","F","12",TRUE
"j_2696",1,"S","P","12",TRUE
"j_2697",1,"S","F","12",TRUE
"j_2698",1,"S","C","12",FALSE
"j_2699",1,"S","G","12",TRUE
"j_2700",1,"M","G","12",TRUE
"j_2701",1,"L","G","12",FALSE
"j_2702",1,"S","F","12",TRUE
"j_2703",1,"S","R.S","12",FALSE
"j_2704",1,"L","G","12",TRUE
"j_2705",1,"M","N","12",FALSE
"j_2706",1,"S","G","12",TRUE
"j_2707",1,"M","N","12",FALSE
"j_2708",1,"L","N","12",FALSE
"j_2709",1,"S","R.S","12",TRUE
"j_2710",1,"L","G","12",TRUE
"j_2711",1,"S","F","12",TRUE
"j_2712",1,"S","M","12",TRUE
"j_2713",1,"L","N","12",FALSE
"j_2714",1,"M","G","12",TRUE
"j_2715",1,"S","F","12",TRUE
"j_2716",1,"M","Q","12",TRUE
"j_2717",1,"L","K.L","12",TRUE
"j_2718",1,"S","P","12",TRUE
"j_2719",1,"S","G","12",FALSE
"j_2720",1,"S","G","12",FALSE
"j_2721",1,"S","M","12",TRUE
"j_2722",1,"L","H","12",TRUE
"j_2723",1,"S","F","12",TRUE
"j_2724",1,"S","F","12",TRUE
"j_2725",1,"S","F","12",TRUE
"j_2726",1,"S","R.S","12",TRUE
"j_2727",1,"S","G","12",TRUE
"j_2728",1,"L","I","12",FALSE
"j_2729",1,"S","G","12",FALSE
"j_2730",1,"S","M","12",TRUE
"j_2731",1,"S","F","12",TRUE
"j_2732",1,"S","P","12",TRUE
"j_2733",1,"S","I","12",TRUE
"j_2734",1,"L","C","12",TRUE
"j_2735",1,"S","R.S","12",TRUE
"j_2736",1,"S","G","12",TRUE
"j_2737",1,"S","F","12",TRUE
"j_2738",1,"S","P","12",TRUE
"j_2739",1,"S","F","12",TRUE
"j_2740",1,"S","G","12",TRUE
"j_2741",1,"S","R.S","12",FALSE
"j_2742",1,"S","R.S","12",TRUE
"j_2743",1,"S","G","12",TRUE
"j_2744",1,"M","C","12",FALSE
"j_2745",1,"S","R.S","12",FALSE
"j_2746",1,"S","G","12",TRUE
"j_2747",0,"M","P","12",TRUE
"j_2748",1,"M","G","12",TRUE
"j_2749",0,"L","F","12",TRUE
"j_2750",1,"S","R.S","12",FALSE
"j_2751",1,"M","M","12",TRUE
"j_2752",1,"L","C","12",TRUE
"j_2753",1,"M","G","12",TRUE
"j_2754",1,"M","N","12",TRUE
"j_2755",1,"S","R.S","12",TRUE
"j_2756",1,"S","I","12",FALSE
"j_2757",1,"S","Q","12",FALSE
"j_2758",1,"S","I","12",TRUE
"j_2759",1,"M","C","12",FALSE
"j_2760",1,"S","R.S","12",FALSE
"j_2761",1,"L","C","14",FALSE
"j_2762",1,"L","C","14",FALSE
"j_2763",1,"S","C","14",TRUE
"j_2764",1,"S","C","14",TRUE
"j_2765",1,"M","F","14",TRUE
"j_2766",1,"M","F","14",TRUE
"j_2767",1,"S","G","14",TRUE
"j_2768",1,"S","G","14",FALSE
"j_2769",1,"M","G","14",TRUE
"j_2770",1,"S","H","14",TRUE
"j_2771",1,"M","G","14",TRUE
"j_2772",1,"M","G","14",FALSE
"j_2773",1,"L","G","14",FALSE
"j_2774",1,"M","C","14",FALSE
"j_2775",1,"M","C","14",TRUE
"j_2776",1,"S","C","28",TRUE
"j_2777",1,"S","C","14",TRUE
"j_2778",1,"M","K.L","14",TRUE
"j_2779",1,"S","G","14",FALSE
"j_2780",1,"M","C","14",TRUE
"j_2781",1,"L","C","14",FALSE
"j_2782",0,"M","O","14",TRUE
"j_2783",1,"S","G","14",TRUE
"j_2784",1,"M","C","14",TRUE
"j_2785",1,"M","C","14",TRUE
"j_2786",1,"M","C","14",TRUE
"j_2787",1,"S","G","14",TRUE
"j_2788",1,"L","C","28",TRUE
"j_2789",1,"S","F","28",TRUE
"j_2790",1,"S","G","14",FALSE
"j_2791",1,"S","G","14",TRUE
"j_2792",1,"M","G","14",TRUE
"j_2793",1,"M","G","14",FALSE
"j_2794",1,"S","H","14",TRUE
"j_2795",1,"M","C","14",FALSE
"j_2796",0,"L","R.S","14",FALSE
"j_2797",1,"L","C","14",TRUE
"j_2798",1,"S","Q","14",FALSE
"j_2799",1,"L","C","14",TRUE
"j_2800",0,"L","D.E","14",TRUE
"j_2801",0,"M","K.L","14",TRUE
"j_2802",1,"L","C","14",FALSE
"j_2803",1,"M","C","14",TRUE
"j_2804",1,"S","C","14",TRUE
"j_2805",1,"S","H","14",FALSE
"j_2806",1,"L","C","14",FALSE
"j_2807",1,"L","M","12",TRUE
"j_2808",1,"S","G","28",TRUE
"j_2809",1,"L","C","30",FALSE
"j_2810",1,"L","C","14",TRUE
"j_2811",1,"L","C","04",FALSE
"j_2812",1,"M","G","14",TRUE
"j_2813",1,"M","G","14",FALSE
"j_2814",1,"S","G","14",TRUE
"j_2815",1,"S","G","14",TRUE
"j_2816",1,"M","G","14",FALSE
"j_2817",1,"S","C","14",TRUE
"j_2818",1,"M","C","14",TRUE
"j_2819",1,"L","N","10",FALSE
"j_2820",1,"S","C","14",TRUE
"j_2821",1,"L","C","14",FALSE
"j_2822",1,"S","R.S","14",TRUE
"j_2823",1,"L","C","14",FALSE
"j_2824",1,"L","G","14",FALSE
"j_2825",1,"M","I","14",FALSE
"j_2826",1,"M","G","14",FALSE
"j_2827",1,"S","M","14",TRUE
"j_2828",1,"S","M","14",TRUE
"j_2829",1,"L","C","22",TRUE
"j_2830",1,"M","I","28",FALSE
"j_2831",1,"S","F","14",FALSE
"j_2832",1,"M","N","14",TRUE
"j_2833",1,"L","R.S","14",FALSE
"j_2834",1,"S","G","14",TRUE
"j_2835",1,"S","C","14",TRUE
"j_2836",1,"L","I","14",FALSE
"j_2837",1,"L","J","24",TRUE
"j_2838",1,"L","N","04",FALSE
"j_2839",1,"S","M","14",TRUE
"j_2840",1,"S","G","14",TRUE
"j_2841",1,"L","C","14",FALSE
"j_2842",0,"M","R.S","14",FALSE
"j_2843",1,"S","F","14",TRUE
"j_2844",1,"M","F","14",TRUE
"j_2845",0,"L","D.E","14",TRUE
"j_2846",1,"S","F","14",TRUE
"j_2847",1,"S","M","14",TRUE
"j_2848",1,"L","C","14",FALSE
"j_2849",1,"S","G","14",TRUE
"j_2850",1,"L","C","10",TRUE
"j_2851",1,"M","I","14",FALSE
"j_2852",1,"S","C","14",TRUE
"j_2853",1,"S","F","14",TRUE
"j_2854",1,"M","C","14",TRUE
"j_2855",1,"L","P","14",TRUE
"j_2856",1,"L","C","30",FALSE
"j_2857",1,"S","N","14",FALSE
"j_2858",1,"S","F","14",TRUE
"j_2859",1,"S","M","14",TRUE
"j_2860",1,"M","C","14",TRUE
"j_2861",1,"L","C","14",FALSE
"j_2862",1,"M","G","14",TRUE
"j_2863",1,"M","G","14",FALSE
"j_2864",0,"L","R.S","14",TRUE
"j_2865",1,"M","C","14",TRUE
"j_2866",1,"S","F","14",TRUE
"j_2867",1,"S","C","14",TRUE
"j_2868",1,"M","G","14",TRUE
"j_2869",1,"S","C","14",TRUE
"j_2870",1,"M","C","14",FALSE
"j_2871",1,"S","G","14",FALSE
"j_2872",1,"S","F","14",TRUE
"j_2873",1,"S","F","14",TRUE
"j_2874",0,"M","D.E","14",TRUE
"j_2875",1,"S","D.E","28",TRUE
"j_2876",1,"S","G","14",TRUE
"j_2877",1,"M","H","14",TRUE
"j_2878",1,"S","M","14",TRUE
"j_2879",1,"M","F","14",TRUE
"j_2880",1,"M","Q","14",FALSE
"j_2881",1,"S","G","14",TRUE
"j_2882",1,"S","F","14",TRUE
"j_2883",1,"S","G","14",TRUE
"j_2884",1,"M","I","14",FALSE
"j_2885",1,"M","P","14",TRUE
"j_2886",1,"L","C","14",FALSE
"j_2887",1,"L","Q","14",FALSE
"j_2888",0,"L","R.S","14",FALSE
"j_2889",1,"M","H","14",TRUE
"j_2890",0,"S","Q","14",TRUE
"j_2891",0,"L","C","14",FALSE
"j_2892",1,"M","I","14",FALSE
"j_2893",1,"S","D.E","14",FALSE
"j_2894",1,"M","G","14",FALSE
"j_2895",1,"S","G","14",TRUE
"j_2896",1,"S","G","14",FALSE
"j_2897",1,"S","C","14",TRUE
"j_2898",1,"S","K.L","14",TRUE
"j_2899",1,"L","N","14",FALSE
"j_2900",0,"M","D.E","14",TRUE
"j_2901",0,"M","Q","14",TRUE
"j_2902",1,"S","G","14",TRUE
"j_2903",1,"S","G","14",TRUE
"j_2904",1,"S","F","14",TRUE
"j_2905",1,"L","H","28",FALSE
"j_2906",1,"M","G","14",FALSE
"j_2907",1,"M","G","14",TRUE
"j_2908",1,"L","K.L","14",TRUE
"j_2909",1,"S","C","14",TRUE
"j_2910",1,"S","G","14",TRUE
"j_2911",1,"M","M","14",TRUE
"j_2912",0,"M","K.L","14",TRUE
"j_2913",1,"M","I","14",FALSE
"j_2914",1,"S","G","14",TRUE
"j_2915",0,"L","P","14",TRUE
"j_2916",1,"S","G","14",TRUE
"j_2917",1,"M","Q","14",FALSE
"j_2918",1,"M","G","14",FALSE
"j_2919",1,"S","F","14",TRUE
"j_2920",1,"S","I","14",TRUE
"j_2921",1,"S","I","14",TRUE
"j_2922",1,"S","I","14",FALSE
"j_2923",1,"S","P","14",TRUE
"j_2924",0,"M","R.S","14",TRUE
"j_2925",1,"M","I","14",TRUE
"j_2926",1,"M","C","14",FALSE
"j_2927",1,"M","C","14",TRUE
"j_2928",1,"S","F","14",FALSE
"j_2929",1,"S","M","14",TRUE
"j_2930",1,"M","K.L","32",FALSE
"j_2931",1,"S","R.S","14",FALSE
"j_2932",1,"M","I","14",FALSE
"j_2933",1,"S","F","14",TRUE
"j_2934",1,"M","I","14",TRUE
"j_2935",1,"S","G","14",TRUE
"j_2936",1,"M","N","14",TRUE
"j_2937",0,"L","H","14",FALSE
"j_2938",1,"S","G","14",TRUE
"j_2939",1,"S","G","14",TRUE
"j_2940",1,"S","R.S","14",TRUE
"j_2941",1,"S","F","14",TRUE
"j_2942",1,"S","C","14",FALSE
"j_2943",1,"S","F","14",TRUE
"j_2944",1,"L","C","14",TRUE
"j_2945",0,"M","P","14",FALSE
"j_2946",1,"S","G","14",TRUE
"j_2947",1,"L","C","14",TRUE
"j_2948",1,"S","R.S","14",TRUE
"j_2949",1,"L","C","30",FALSE
"j_2950",1,"S","N","14",TRUE
"j_2951",1,"S","G","14",TRUE
"j_2952",1,"S","F","14",TRUE
"j_2953",1,"M","G","14",FALSE
"j_2954",0,"L","R.S","14",TRUE
"j_2955",1,"L","N","06",TRUE
"j_2956",1,"S","G","04",TRUE
"j_2957",1,"M","G","14",FALSE
"j_2958",1,"M","G","14",TRUE
"j_2959",1,"S","K.L","14",FALSE
"j_2960",1,"S","R.S","14",FALSE
"j_2961",1,"S","G","14",TRUE
"j_2962",1,"L","G","14",TRUE
"j_2963",1,"M","R.S","14",FALSE
"j_2964",1,"M","C","14",TRUE
"j_2965",0,"L","F","14",FALSE
"j_2966",0,"L","I","14",TRUE
"j_2967",1,"S","C","14",TRUE
"j_2968",1,"L","C","24",FALSE
"j_2969",1,"M","N","14",TRUE
"j_2970",0,"M","Q","14",FALSE
"j_2971",1,"S","G","14",TRUE
"j_2972",1,"S","R.S","14",TRUE
"j_2973",1,"S","I","14",FALSE
"j_2974",1,"M","C","14",TRUE
"j_2975",1,"S","G","14",TRUE
"j_2976",1,"L","G","14",TRUE
"j_2977",1,"M","G","14",FALSE
"j_2978",1,"M","C","14",TRUE
"j_2979",0,"L","R.S","14",TRUE
"j_2980",1,"M","C","14",FALSE
"j_2981",1,"L","C","20",FALSE
"j_2982",0,"L","R.S","14",TRUE
"j_2983",1,"S","R.S","14",FALSE
"j_2984",0,"M","D.E","14",FALSE
"j_2985",1,"L","I","14",TRUE
"j_2986",1,"L","C","14",FALSE
"j_2987",1,"S","C","14",TRUE
"j_2988",1,"L","C","14",FALSE
"j_2989",1,"M","H","14",FALSE
"j_2990",1,"S","G","14",TRUE
"j_2991",1,"S","F","14",TRUE
"j_2992",1,"L","G","04",FALSE
"j_2993",1,"S","I","14",FALSE
"j_2994",1,"S","G","14",FALSE
"j_2995",1,"S","R.S","14",TRUE
"j_2996",1,"S","M","14",TRUE
"j_2997",1,"L","C","14",FALSE
"j_2998",1,"S","F","14",TRUE
"j_2999",1,"S","I","14",TRUE
"j_3000",1,"M","P","14",FALSE
"j_3001",1,"S","G","14",TRUE
"j_3002",1,"L","N","02",FALSE
"j_3003",1,"S","P","14",TRUE
"j_3004",1,"S","F","14",TRUE
"j_3005",1,"S","C","14",TRUE
"j_3006",0,"M","D.E","14",FALSE
"j_3007",1,"M","P","14",TRUE
"j_3008",1,"L","C","14",FALSE
"j_3009",1,"L","I","10",FALSE
"j_3010",1,"L","C","14",TRUE
"j_3011",1,"S","G","14",TRUE
"j_3012",1,"L","H","14",FALSE
"j_3013",0,"L","Q","14",TRUE
"j_3014",1,"M","P","14",FALSE
"j_3015",1,"M","P","14",TRUE
"j_3016",1,"L","N","08",FALSE
"j_3017",1,"S","I","14",TRUE
"j_3018",1,"S","Q","14",FALSE
"j_3019",0,"M","Q","14",TRUE
"j_3020",1,"M","P","14",TRUE
"j_3021",1,"M","P","14",TRUE
"j_3022",1,"M","P","14",TRUE
"j_3023",0,"L","D.E","14",TRUE
"j_3024",1,"S","G","14",FALSE
"j_3025",1,"S","N","14",FALSE
"j_3026",1,"L","H","30",FALSE
"j_3027",1,"S","I","14",TRUE
"j_3028",1,"S","F","14",TRUE
"j_3029",1,"S","G","28",FALSE
"j_3030",1,"L","G","14",TRUE
"j_3031",1,"M","I","14",FALSE
"j_3032",1,"S","Q","14",FALSE
"j_3033",1,"S","H","14",FALSE
"j_3034",1,"M","I","14",FALSE
"j_3035",1,"S","Q","14",FALSE
"j_3036",1,"S","G","14",FALSE
"j_3037",1,"S","I","14",FALSE
"j_3038",1,"L","C","14",TRUE
"j_3039",1,"M","P","14",FALSE
"j_3040",1,"M","F","14",TRUE
"j_3041",1,"S","F","14",TRUE
"j_3042",1,"S","I","14",TRUE
"j_3043",1,"M","I","14",TRUE
"j_3044",1,"S","G","14",TRUE
"j_3045",1,"L","C","14",FALSE
"j_3046",1,"S","Q","14",TRUE
"j_3047",1,"S","I","14",FALSE
"j_3048",0,"L","P","14",TRUE
"j_3049",1,"L","F","14",TRUE
"j_3050",1,"S","F","14",TRUE
"j_3051",1,"S","Q","14",TRUE
"j_3052",1,"S","I","14",FALSE
"j_3053",1,"S","G","14",TRUE
"j_3054",1,"M","I","14",FALSE
"j_3055",1,"M","Q","14",TRUE
"j_3056",1,"L","C","18",TRUE
"j_3057",1,"M","G","14",FALSE
"j_3058",1,"M","F","24",TRUE
"j_3059",1,"S","G","14",FALSE
"j_3060",0,"L","K.L","14",TRUE
"j_3061",1,"M","N","14",FALSE
"j_3062",1,"M","Q","14",FALSE
"j_3063",1,"S","H","14",TRUE
"j_3064",1,"L","G","06",FALSE
"j_3065",1,"S","H","14",TRUE
"j_3066",1,"M","C","14",TRUE
"j_3067",1,"L","M","14",TRUE
"j_3068",1,"L","H","14",FALSE
"j_3069",1,"S","I","14",FALSE
"j_3070",1,"S","F","14",TRUE
"j_3071",1,"L","G","14",TRUE
"j_3072",1,"L","N","14",FALSE
"j_3073",1,"L","M","24",TRUE
"j_3074",1,"S","R.S","14",FALSE
"j_3075",1,"M","R.S","14",TRUE
"j_3076",1,"S","I","06",TRUE
"j_3077",1,"S","R.S","14",TRUE
"j_3078",1,"S","F","14",FALSE
"j_3079",1,"M","F","14",FALSE
"j_3080",1,"S","F","14",TRUE
"j_3081",1,"M","M","14",FALSE
"j_3082",1,"S","H","14",TRUE
"j_3083",1,"S","I","14",TRUE
"j_3084",1,"S","F","14",TRUE
"j_3085",1,"L","G","14",FALSE
"j_3086",1,"S","J","14",TRUE
"j_3087",1,"M","C","14",TRUE
"j_3088",1,"S","R.S","14",FALSE
"j_3089",1,"M","G","14",TRUE
"j_3090",1,"M","F","14",TRUE
"j_3091",1,"S","G","14",TRUE
"j_3092",1,"M","G","14",FALSE
"j_3093",1,"S","I","14",FALSE
"j_3094",1,"L","N","24",FALSE
"j_3095",1,"M","F","14",TRUE
"j_3096",1,"M","C","14",FALSE
"j_3097",1,"M","F","14",TRUE
"j_3098",1,"L","C","02",FALSE
"j_3099",1,"M","I","14",TRUE
"j_3100",1,"S","M","14",TRUE
"j_3101",1,"M","G","14",TRUE
"j_3102",1,"S","N","14",TRUE
"j_3103",1,"S","H","14",TRUE
"j_3104",0,"L","P","14",TRUE
"j_3105",1,"S","N","14",TRUE
"j_3106",1,"S","G","14",TRUE
"j_3107",1,"L","N","10",FALSE
"j_3108",1,"S","G","14",FALSE
"j_3109",1,"S","M","14",TRUE
"j_3110",1,"S","G","14",TRUE
"j_3111",1,"S","R.S","14",FALSE
"j_3112",1,"M","I","28",FALSE
"j_3113",1,"M","M","14",TRUE
"j_3114",1,"S","G","14",FALSE
"j_3115",1,"S","K.L","14",FALSE
"j_3116",1,"S","N","14",TRUE
"j_3117",1,"L","C","14",FALSE
"j_3118",1,"L","N","14",TRUE
"j_3119",1,"S","G","14",TRUE
"j_3120",1,"S","F","14",TRUE
"j_3121",1,"S","C","24",TRUE
"j_3122",1,"M","G","24",FALSE
"j_3123",1,"L","C","24",FALSE
"j_3124",0,"M","Q","24",TRUE
"j_3125",1,"M","C","24",TRUE
"j_3126",1,"S","G","10",TRUE
"j_3127",1,"S","C","24",TRUE
"j_3128",1,"M","G","24",FALSE
"j_3129",1,"M","C","24",FALSE
"j_3130",1,"L","C","24",FALSE
"j_3131",1,"L","C","16",FALSE
"j_3132",1,"M","C","24",TRUE
"j_3133",1,"S","F","24",TRUE
"j_3134",1,"L","C","24",FALSE
"j_3135",1,"S","C","24",FALSE
"j_3136",1,"S","N","24",TRUE
"j_3137",0,"L","Q","24",FALSE
"j_3138",1,"S","F","24",TRUE
"j_3139",1,"S","C","16",TRUE
"j_3140",1,"S","C","24",TRUE
"j_3141",1,"M","C","24",FALSE
"j_3142",1,"M","F","24",TRUE
"j_3143",0,"L","O","24",TRUE
"j_3144",1,"S","G","24",FALSE
"j_3145",1,"S","C","24",TRUE
"j_3146",1,"S","C","24",TRUE
"j_3147",1,"M","C","24",TRUE
"j_3148",1,"M","C","16",FALSE
"j_3149",1,"S","G","24",TRUE
"j_3150",1,"M","C","24",TRUE
"j_3151",1,"S","C","24",TRUE
"j_3152",1,"L","G","24",FALSE
"j_3153",1,"S","G","24",TRUE
"j_3154",1,"L","F","24",TRUE
"j_3155",1,"L","C","24",TRUE
"j_3156",1,"L","C","24",FALSE
"j_3157",1,"L","C","24",FALSE
"j_3158",1,"M","G","24",TRUE
"j_3159",1,"S","I","24",FALSE
"j_3160",1,"M","N","16",TRUE
"j_3161",1,"S","M","24",TRUE
"j_3162",1,"M","C","24",TRUE
"j_3163",1,"L","N","24",TRUE
"j_3164",1,"L","C","24",FALSE
"j_3165",1,"L","G","24",FALSE
"j_3166",1,"S","N","24",FALSE
"j_3167",1,"L","C","24",TRUE
"j_3168",1,"M","H","24",FALSE
"j_3169",1,"S","C","24",TRUE
"j_3170",1,"S","C","24",TRUE
"j_3171",1,"S","C","24",TRUE
"j_3172",1,"S","G","24",TRUE
"j_3173",1,"S","F","24",TRUE
"j_3174",1,"S","G","24",FALSE
"j_3175",1,"S","G","24",FALSE
"j_3176",1,"S","N","24",TRUE
"j_3177",1,"M","C","24",TRUE
"j_3178",1,"M","N","24",TRUE
"j_3179",1,"S","I","24",FALSE
"j_3180",1,"L","C","24",FALSE
"j_3181",1,"M","H","24",FALSE
"j_3182",1,"S","F","24",TRUE
"j_3183",1,"S","C","24",TRUE
"j_3184",1,"S","G","24",FALSE
"j_3185",1,"M","F","24",TRUE
"j_3186",1,"M","G","24",FALSE
"j_3187",1,"M","C","16",TRUE
"j_3188",1,"S","N","16",TRUE
"j_3189",1,"S","G","16",TRUE
"j_3190",1,"S","K.L","16",TRUE
"j_3191",1,"S","M","16",TRUE
"j_3192",1,"M","C","16",FALSE
"j_3193",1,"S","H","16",TRUE
"j_3194",1,"S","K.L","16",TRUE
"j_3195",1,"L","G","16",TRUE
"j_3196",1,"M","G","16",TRUE
"j_3197",1,"S","C","16",TRUE
"j_3198",0,"L","P","16",TRUE
"j_3199",1,"S","R.S","24",TRUE
"j_3200",1,"S","F","16",TRUE
"j_3201",1,"S","G","16",TRUE
"j_3202",1,"M","C","16",FALSE
"j_3203",1,"L","N","14",FALSE
"j_3204",1,"S","I","16",FALSE
"j_3205",1,"L","G","16",TRUE
"j_3206",1,"M","H","16",TRUE
"j_3207",1,"M","G","16",FALSE
"j_3208",1,"S","G","16",FALSE
"j_3209",1,"M","F","16",TRUE
"j_3210",1,"S","F","16",TRUE
"j_3211",1,"S","R.S","16",FALSE
"j_3212",1,"S","I","16",FALSE
"j_3213",1,"M","C","16",TRUE
"j_3214",1,"M","I","16",FALSE
"j_3215",1,"M","F","16",TRUE
"j_3216",1,"S","F","16",TRUE
"j_3217",1,"M","G","16",FALSE
"j_3218",1,"S","C","16",TRUE
"j_3219",1,"M","I","16",FALSE
"j_3220",1,"S","F","02",TRUE
"j_3221",1,"M","C","16",FALSE
"j_3222",1,"S","F","16",TRUE
"j_3223",1,"L","I","16",TRUE
"j_3224",1,"S","C","16",TRUE
"j_3225",1,"S","F","16",TRUE
"j_3226",1,"S","F","16",TRUE
"j_3227",1,"S","I","16",TRUE
"j_3228",1,"S","C","16",TRUE
"j_3229",1,"M","N","32",TRUE
"j_3230",1,"M","C","16",TRUE
"j_3231",1,"M","C","16",FALSE
"j_3232",1,"M","I","16",FALSE
"j_3233",1,"M","F","16",TRUE
"j_3234",1,"S","M","16",TRUE
"j_3235",1,"S","G","16",TRUE
"j_3236",1,"M","C","16",TRUE
"j_3237",1,"M","Q","16",TRUE
"j_3238",0,"L","P","16",TRUE
"j_3239",1,"S","G","16",TRUE
"j_3240",1,"M","Q","16",FALSE
"j_3241",1,"S","M","16",TRUE
"j_3242",1,"S","N","16",TRUE
"j_3243",1,"M","C","16",TRUE
"j_3244",1,"M","C","16",TRUE
"j_3245",1,"S","F","16",TRUE
"j_3246",1,"M","C","16",TRUE
"j_3247",1,"S","F","16",TRUE
"j_3248",1,"S","C","16",TRUE
"j_3249",1,"S","R.S","16",TRUE
"j_3250",1,"S","F","16",TRUE
"j_3251",1,"S","F","16",TRUE
"j_3252",0,"L","P","16",TRUE
"j_3253",1,"S","G","16",TRUE
"j_3254",1,"S","I","16",TRUE
"j_3255",1,"S","C","16",TRUE
"j_3256",1,"S","N","16",TRUE
"j_3257",1,"M","C","16",FALSE
"j_3258",1,"S","I","14",TRUE
"j_3259",1,"S","F","16",TRUE
"j_3260",0,"L","P","16",TRUE
"j_3261",1,"S","C","16",TRUE
"j_3262",1,"M","P","16",TRUE
"j_3263",1,"M","P","16",TRUE
"j_3264",1,"M","P","16",TRUE
"j_3265",1,"M","G","16",TRUE
"j_3266",1,"M","N","16",TRUE
"j_3267",1,"S","M","16",TRUE
"j_3268",0,"L","Q","16",FALSE
"j_3269",1,"S","H","16",FALSE
"j_3270",1,"S","C","16",TRUE
"j_3271",1,"M","H","16",TRUE
"j_3272",1,"L","C","16",FALSE
"j_3273",1,"S","F","16",TRUE
"j_3274",1,"M","C","16",FALSE
"j_3275",1,"M","F","16",TRUE
"j_3276",1,"M","I","22",FALSE
"j_3277",1,"S","G","16",FALSE
"j_3278",1,"S","F","16",TRUE
"j_3279",1,"S","R.S","16",TRUE
"j_3280",1,"M","C","16",TRUE
"j_3281",1,"L","C","16",FALSE
"j_3282",1,"S","G","16",FALSE
"j_3283",1,"M","C","16",FALSE
"j_3284",1,"S","I","28",FALSE
"j_3285",1,"S","C","28",TRUE
"j_3286",1,"L","C","22",TRUE
"j_3287",1,"L","N","28",TRUE
"j_3288",1,"M","N","28",TRUE
"j_3289",1,"S","I","22",FALSE
"j_3290",1,"S","M","28",TRUE
"j_3291",0,"M","P","22",TRUE
"j_3292",1,"M","F","22",FALSE
"j_3293",1,"S","C","22",TRUE
"j_3294",1,"S","G","22",TRUE
"j_3295",1,"S","G","28",TRUE
"j_3296",1,"M","G","28",TRUE
"j_3297",1,"M","G","28",FALSE
"j_3298",1,"S","G","28",FALSE
"j_3299",1,"M","F","28",TRUE
"j_3300",1,"S","M","22",FALSE
"j_3301",0,"M","Q","28",FALSE
"j_3302",1,"M","F","22",TRUE
"j_3303",1,"M","C","28",FALSE
"j_3304",1,"M","C","28",TRUE
"j_3305",1,"M","K.L","28",TRUE
"j_3306",1,"M","C","28",TRUE
"j_3307",1,"S","G","22",TRUE
"j_3308",1,"M","G","28",TRUE
"j_3309",1,"S","I","28",TRUE
"j_3310",1,"M","C","28",TRUE
"j_3311",1,"S","F","22",TRUE
"j_3312",1,"S","G","28",TRUE
"j_3313",1,"S","C","22",FALSE
"j_3314",1,"L","G","28",FALSE
"j_3315",1,"S","R.S","22",TRUE
"j_3316",1,"M","C","22",TRUE
"j_3317",1,"M","G","22",TRUE
"j_3318",0,"M","P","22",TRUE
"j_3319",1,"S","G","04",TRUE
"j_3320",1,"S","R.S","28",TRUE
"j_3321",1,"M","C","22",FALSE
"j_3322",1,"S","F","22",TRUE
"j_3323",1,"S","G","28",TRUE
"j_3324",1,"S","C","28",TRUE
"j_3325",1,"S","G","22",TRUE
"j_3326",1,"M","I","28",FALSE
"j_3327",1,"S","C","28",TRUE
"j_3328",1,"M","M","28",FALSE
"j_3329",1,"S","C","22",TRUE
"j_3330",1,"L","N","28",TRUE
"j_3331",1,"M","G","28",FALSE
"j_3332",1,"L","C","22",FALSE
"j_3333",1,"M","G","22",TRUE
"j_3334",1,"S","G","28",TRUE
"j_3335",1,"S","G","28",TRUE
"j_3336",1,"M","G","28",TRUE
"j_3337",1,"L","G","22",FALSE
"j_3338",1,"S","G","28",TRUE
"j_3339",1,"M","C","28",TRUE
"j_3340",1,"S","H","22",FALSE
"j_3341",1,"M","C","28",TRUE
"j_3342",1,"M","R.S","28",FALSE
"j_3343",0,"M","O","28",TRUE
"j_3344",1,"S","G","28",TRUE
"j_3345",0,"M","R.S","28",FALSE
"j_3346",1,"M","G","28",TRUE
"j_3347",1,"S","C","28",TRUE
"j_3348",1,"S","H","22",TRUE
"j_3349",1,"S","D.E","28",FALSE
"j_3350",1,"L","F","28",FALSE
"j_3351",1,"S","G","28",TRUE
"j_3352",1,"L","N","28",FALSE
"j_3353",1,"L","C","18",FALSE
"j_3354",1,"L","F","18",TRUE
"j_3355",1,"L","C","14",FALSE
"j_3356",1,"L","C","18",TRUE
"j_3357",1,"M","I","18",FALSE
"j_3358",1,"M","F","18",TRUE
"j_3359",1,"S","F","18",TRUE
"j_3360",1,"M","F","18",TRUE
"j_3361",1,"S","F","18",TRUE
"j_3362",1,"L","C","14",TRUE
"j_3363",1,"M","I","18",TRUE
"j_3364",1,"M","F","18",TRUE
"j_3365",1,"S","F","18",TRUE
"j_3366",1,"S","M","18",TRUE
"j_3367",1,"M","H","18",TRUE
"j_3368",1,"L","G","18",FALSE
"j_3369",1,"S","G","18",FALSE
"j_3370",1,"S","G","18",TRUE
"j_3371",1,"L","N","18",FALSE
"j_3372",1,"L","C","18",FALSE
"j_3373",1,"S","J","18",TRUE
"j_3374",1,"S","F","18",TRUE
"j_3375",1,"S","C","18",TRUE
"j_3376",1,"S","G","18",TRUE
"j_3377",1,"L","G","18",FALSE
"j_3378",1,"S","G","18",TRUE
"j_3379",1,"M","C","18",FALSE
"j_3380",1,"S","G","18",FALSE
"j_3381",1,"S","C","14",TRUE
"j_3382",1,"M","I","18",FALSE
"j_3383",1,"M","G","18",TRUE
"j_3384",1,"S","G","18",TRUE
"j_3385",1,"S","F","18",TRUE
"j_3386",1,"M","N","18",FALSE
"j_3387",1,"M","H","18",FALSE
"j_3388",1,"S","F","18",TRUE
"j_3389",1,"S","C","18",TRUE
"j_3390",1,"M","F","18",TRUE
"j_3391",1,"S","M","18",TRUE
"j_3392",1,"M","G","18",FALSE
"j_3393",1,"S","H","18",TRUE
"j_3394",1,"S","G","18",TRUE
"j_3395",1,"M","G","18",FALSE
"j_3396",1,"M","C","18",TRUE
"j_3397",1,"L","C","18",FALSE
"j_3398",1,"M","C","18",TRUE
"j_3399",1,"S","G","18",FALSE
"j_3400",1,"S","F","18",TRUE
"j_3401",1,"S","K.L","18",TRUE
"j_3402",1,"S","M","18",TRUE
"j_3403",1,"M","C","18",TRUE
"j_3404",1,"S","R.S","18",TRUE
"j_3405",1,"M","G","18",FALSE
"j_3406",1,"M","F","18",TRUE
"j_3407",1,"S","F","18",TRUE
"j_3408",1,"S","Q","18",FALSE
"j_3409",0,"M","D.E","18",TRUE
"j_3410",0,"M","P","18",TRUE
"j_3411",0,"L","D.E","18",TRUE
"j_3412",1,"M","I","18",TRUE
"j_3413",1,"M","F","18",TRUE
"j_3414",1,"M","F","18",TRUE
"j_3415",1,"S","F","18",FALSE
"j_3416",1,"S","G","18",TRUE
"j_3417",1,"S","F","18",TRUE
"j_3418",1,"S","K.L","18",TRUE
"j_3419",1,"S","F","18",TRUE
"j_3420",0,"L","P","18",TRUE
"j_3421",1,"L","G","18",TRUE
"j_3422",1,"M","C","18",FALSE
"j_3423",1,"M","G","18",TRUE
"j_3424",1,"S","C","18",TRUE
"j_3425",1,"S","R.S","18",TRUE
"j_3426",1,"S","Q","18",FALSE
"j_3427",1,"S","C","18",TRUE
"j_3428",1,"M","G","18",FALSE
"j_3429",1,"M","G","18",FALSE
"j_3430",1,"S","I","18",FALSE
"j_3431",1,"S","G","18",FALSE
"j_3432",1,"L","C","18",FALSE
"j_3433",1,"S","P","14",TRUE
"j_3434",1,"S","Q","18",TRUE
"j_3435",1,"S","G","18",TRUE
"j_3436",1,"M","F","18",TRUE
"j_3437",1,"S","F","18",TRUE
"j_3438",1,"M","Q","18",TRUE
"j_3439",0,"L","K.L","18",TRUE
"j_3440",1,"M","C","18",FALSE
"j_3441",1,"S","G","18",TRUE
"j_3442",1,"S","N","18",TRUE
"j_3443",1,"S","R.S","18",FALSE
"j_3444",1,"M","G","18",FALSE
"j_3445",1,"S","G","18",TRUE
"j_3446",1,"M","P","18",TRUE
"j_3447",1,"M","P","18",FALSE
"j_3448",1,"S","I","18",TRUE
"j_3449",1,"S","M","18",TRUE
"j_3450",1,"S","C","18",TRUE
"j_3451",1,"M","G","18",TRUE
"j_3452",1,"M","C","18",TRUE
"j_3453",1,"M","F","18",TRUE
"j_3454",1,"M","C","18",FALSE
"j_3455",1,"S","G","18",FALSE
"j_3456",1,"S","M","18",TRUE
"j_3457",1,"M","C","18",TRUE
"j_3458",1,"S","C","18",TRUE
"j_3459",0,"M","Q","18",TRUE
"j_3460",1,"S","F","18",TRUE
"j_3461",1,"S","I","18",TRUE
"j_3462",1,"L","C","18",FALSE
"j_3463",1,"S","G","18",TRUE
"j_3464",1,"S","F","18",TRUE
"j_3465",1,"M","F","18",TRUE
"j_3466",1,"M","N","18",TRUE
"j_3467",1,"L","N","14",TRUE
"j_3468",1,"S","N","18",TRUE
"j_3469",1,"S","N","18",TRUE
"j_3470",1,"S","G","18",TRUE
"j_3471",1,"S","K.L","18",TRUE
"j_3472",1,"S","F","18",TRUE
"j_3473",1,"S","C","18",TRUE
"j_3474",1,"M","P","18",TRUE
"j_3475",1,"M","F","18",TRUE
"j_3476",1,"S","M","18",TRUE
"j_3477",1,"S","R.S","18",TRUE
"j_3478",1,"S","P","18",TRUE
"j_3479",1,"S","P","18",TRUE
"j_3480",1,"S","N","18",FALSE
"j_3481",1,"S","C","18",TRUE
"j_3482",1,"S","F","18",TRUE
"j_3483",1,"M","R.S","18",TRUE
"j_3484",1,"M","G","18",TRUE
"j_3485",1,"S","F","18",TRUE
"j_3486",1,"S","K.L","12",TRUE
"j_3487",0,"M","D.E","18",TRUE
"j_3488",1,"S","F","18",TRUE
"j_3489",1,"S","G","18",TRUE
"j_3490",1,"S","R.S","18",TRUE
"j_3491",1,"S","G","18",TRUE
"j_3492",1,"S","G","18",TRUE
"j_3493",1,"L","C","18",FALSE
"j_3494",1,"S","R.S","18",TRUE
"j_3495",1,"S","C","18",TRUE
"j_3496",1,"L","N","18",TRUE
"j_3497",1,"S","G","18",FALSE
"j_3498",1,"S","R.S","18",TRUE
"j_3499",1,"M","I","18",FALSE
"j_3500",0,"M","Q","18",TRUE
"j_3501",1,"L","C","18",TRUE
"j_3502",1,"L","N","30",TRUE
"j_3503",1,"S","C","18",FALSE
"j_3504",1,"S","F","18",TRUE
"j_3505",1,"S","C","18",TRUE
"j_3506",1,"L","C","18",FALSE
"j_3507",1,"S","C","18",FALSE
"j_3508",1,"M","F","18",TRUE
"j_3509",1,"S","K.L","18",TRUE
"j_3510",1,"S","G","18",FALSE
"j_3511",0,"M","P","18",TRUE
"j_3512",1,"S","M","18",FALSE
"j_3513",1,"S","P","18",TRUE
"j_3514",1,"S","H","18",FALSE
"j_3515",1,"S","C","18",TRUE
"j_3516",1,"M","G","18",TRUE
"j_3517",1,"S","P","18",TRUE
"j_3518",1,"S","G","18",TRUE
"j_3519",1,"M","I","22",FALSE
"j_3520",1,"M","M","22",TRUE
"j_3521",1,"M","I","22",FALSE
"j_3522",1,"S","Q","22",TRUE
"j_3523",1,"L","I","22",FALSE
"j_3524",1,"M","C","22",TRUE
"j_3525",1,"S","G","22",TRUE
"j_3526",1,"M","G","22",FALSE
"j_3527",1,"S","C","22",TRUE
"j_3528",0,"L","Q","22",TRUE
"j_3529",1,"S","G","22",FALSE
"j_3530",1,"M","H","22",TRUE
"j_3531",1,"S","G","22",TRUE
"j_3532",1,"S","N","22",TRUE
"j_3533",1,"S","F","22",TRUE
"j_3534",1,"M","C","22",TRUE
"j_3535",1,"L","C","22",FALSE
"j_3536",1,"S","F","22",TRUE
"j_3537",1,"S","C","22",FALSE
"j_3538",1,"S","R.S","22",FALSE
"j_3539",1,"S","G","22",TRUE
"j_3540",1,"L","C","32",FALSE
"j_3541",1,"S","C","22",TRUE
"j_3542",1,"L","C","22",TRUE
"j_3543",1,"S","F","22",TRUE
"j_3544",0,"L","P","22",FALSE
"j_3545",1,"M","F","22",TRUE
"j_3546",1,"M","C","22",TRUE
"j_3547",0,"L","P","22",TRUE
"j_3548",1,"M","C","22",TRUE
"j_3549",1,"L","C","22",FALSE
"j_3550",1,"L","P","22",TRUE
"j_3551",1,"S","C","22",TRUE
"j_3552",1,"S","I","22",TRUE
"j_3553",1,"M","G","22",FALSE
"j_3554",1,"M","C","22",FALSE
"j_3555",0,"L","P","22",TRUE
"j_3556",1,"M","J","22",TRUE
"j_3557",1,"S","I","22",FALSE
"j_3558",1,"M","H","22",TRUE
"j_3559",1,"L","N","22",FALSE
"j_3560",1,"S","C","22",TRUE
"j_3561",1,"M","F","22",TRUE
"j_3562",1,"M","H","22",TRUE
"j_3563",1,"M","F","22",TRUE
"j_3564",1,"L","C","22",TRUE
"j_3565",1,"M","D.E","22",FALSE
"j_3566",1,"L","C","22",FALSE
"j_3567",1,"L","G","22",FALSE
"j_3568",1,"M","G","22",TRUE
"j_3569",0,"M","P","22",FALSE
"j_3570",1,"S","G","22",TRUE
"j_3571",0,"M","P","22",TRUE
"j_3572",0,"L","Q","22",TRUE
"j_3573",1,"M","G","22",TRUE
"j_3574",1,"S","F","22",TRUE
"j_3575",0,"L","Q","22",FALSE
"j_3576",1,"M","F","22",TRUE
"j_3577",1,"S","G","22",TRUE
"j_3578",0,"M","P","22",TRUE
"j_3579",0,"M","Q","22",TRUE
"j_3580",0,"L","P","22",TRUE
"j_3581",0,"L","P","22",TRUE
"j_3582",0,"L","P","22",FALSE
"j_3583",1,"L","J","22",TRUE
"j_3584",1,"S","G","22",TRUE
"j_3585",1,"S","G","22",FALSE
"j_3586",1,"S","G","22",TRUE
"j_3587",1,"S","G","22",FALSE
"j_3588",0,"M","P","22",FALSE
"j_3589",1,"M","F","22",TRUE
"j_3590",1,"S","G","22",FALSE
"j_3591",1,"S","G","22",TRUE
"j_3592",1,"S","G","22",TRUE
"j_3593",1,"M","D.E","22",FALSE
"j_3594",1,"S","G","22",TRUE
"j_3595",0,"M","P","22",TRUE
"j_3596",1,"M","C","22",TRUE
"j_3597",1,"M","C","22",TRUE
"j_3598",1,"S","I","22",TRUE
"j_3599",1,"M","C","22",TRUE
"j_3600",1,"M","G","22",FALSE
"j_3601",1,"S","G","22",TRUE
"j_3602",1,"S","G","22",TRUE
"j_3603",1,"S","C","22",TRUE
"j_3604",1,"S","F","22",TRUE
"j_3605",1,"S","M","22",FALSE
"j_3606",1,"S","H","22",TRUE
"j_3607",1,"S","G","22",TRUE
"j_3608",1,"M","C","22",FALSE
"j_3609",1,"S","I","22",FALSE
"j_3610",1,"L","C","22",FALSE
"j_3611",1,"S","C","22",TRUE
"j_3612",1,"M","C","22",TRUE
"j_3613",1,"S","G","22",TRUE
"j_3614",1,"L","C","22",FALSE
"j_3615",1,"M","F","22",TRUE
"j_3616",1,"S","G","22",TRUE
"j_3617",1,"S","F","22",TRUE
"j_3618",1,"S","H","22",TRUE
"j_3619",1,"S","C","22",TRUE
"j_3620",1,"S","R.S","22",FALSE
"j_3621",1,"S","F","22",TRUE
"j_3622",1,"S","G","22",FALSE
"j_3623",1,"L","G","22",FALSE
"j_3624",1,"S","G","22",TRUE
"j_3625",1,"S","G","22",TRUE
"j_3626",0,"M","R.S","22",FALSE
"j_3627",1,"M","F","22",TRUE
"j_3628",1,"M","I","22",FALSE
"j_3629",1,"S","C","22",TRUE
"j_3630",1,"M","K.L","22",TRUE
"j_3631",1,"M","F","22",TRUE
"j_3632",1,"M","D.E","22",TRUE
"j_3633",1,"M","C","22",TRUE
"j_3634",1,"L","C","22",TRUE
"j_3635",0,"L","D.E","22",TRUE
"j_3636",0,"L","R.S","22",FALSE
"j_3637",1,"L","F","22",TRUE
"j_3638",1,"S","C","22",TRUE
"j_3639",1,"M","C","22",TRUE
"j_3640",1,"S","G","22",TRUE
"j_3641",1,"S","G","22",FALSE
"j_3642",1,"S","G","22",FALSE
"j_3643",1,"S","G","22",TRUE
"j_3644",1,"S","F","32",TRUE
"j_3645",1,"L","C","22",TRUE
"j_3646",1,"S","G","22",TRUE
"j_3647",1,"M","G","22",FALSE
"j_3648",1,"S","F","22",TRUE
"j_3649",1,"S","G","22",TRUE
"j_3650",1,"S","I","22",TRUE
"j_3651",1,"M","P","22",FALSE
"j_3652",1,"M","G","22",TRUE
"j_3653",1,"L","C","22",TRUE
"j_3654",0,"L","O","22",TRUE
"j_3655",0,"M","Q","22",FALSE
"j_3656",1,"S","C","22",TRUE
"j_3657",1,"S","N","22",TRUE
"j_3658",1,"S","G","22",TRUE
"j_3659",0,"M","D.E","22",TRUE
"j_3660",1,"S","Q","22",TRUE
"j_3661",0,"L","P","22",TRUE
"j_3662",1,"M","N","22",FALSE
"j_3663",1,"S","G","22",TRUE
"j_3664",0,"M","P","22",TRUE
"j_3665",0,"M","P","22",TRUE
"j_3666",0,"M","Q","22",FALSE
"j_3667",1,"M","C","22",FALSE
"j_3668",1,"S","F","22",TRUE
"j_3669",0,"L","O","22",TRUE
"j_3670",1,"M","G","22",TRUE
"j_3671",1,"S","F","22",FALSE
"j_3672",1,"M","C","22",TRUE
"j_3673",1,"S","I","22",TRUE
"j_3674",1,"M","G","22",TRUE
"j_3675",1,"S","I","22",TRUE
"j_3676",1,"L","C","22",FALSE
"j_3677",1,"S","Q","28",FALSE
"j_3678",1,"L","C","22",FALSE
"j_3679",1,"S","H","22",FALSE
"j_3680",0,"L","D.E","22",TRUE
"j_3681",1,"S","F","22",TRUE
"j_3682",1,"M","M","22",TRUE
"j_3683",1,"S","G","22",TRUE
"j_3684",1,"S","F","22",TRUE
"j_3685",1,"S","K.L","22",TRUE
"j_3686",1,"L","C","22",FALSE
"j_3687",1,"S","R.S","22",TRUE
"j_3688",1,"S","G","22",FALSE
"j_3689",1,"L","Q","22",TRUE
"j_3690",1,"S","G","22",FALSE
"j_3691",1,"M","C","22",TRUE
"j_3692",1,"M","Q","22",TRUE
"j_3693",1,"S","N","22",TRUE
"j_3694",0,"L","H","22",FALSE
"j_3695",0,"L","F","22",TRUE
"j_3696",1,"M","G","22",TRUE
"j_3697",1,"M","G","22",FALSE
"j_3698",1,"M","G","22",FALSE
"j_3699",1,"S","F","22",TRUE
"j_3700",1,"S","Q","22",FALSE
"j_3701",0,"L","H","22",TRUE
"j_3702",1,"S","C","22",TRUE
"j_3703",1,"M","F","22",TRUE
"j_3704",1,"S","F","22",TRUE
"j_3705",1,"S","N","22",TRUE
"j_3706",1,"M","C","22",FALSE
"j_3707",1,"M","G","22",FALSE
"j_3708",1,"S","G","22",TRUE
"j_3709",1,"S","K.L","22",FALSE
"j_3710",0,"L","P","22",TRUE
"j_3711",0,"M","Q","22",FALSE
"j_3712",0,"L","P","22",TRUE
"j_3713",1,"S","F","22",TRUE
"j_3714",1,"S","G","22",TRUE
"j_3715",1,"S","C","22",TRUE
"j_3716",1,"S","G","22",TRUE
"j_3717",1,"S","G","22",TRUE
"j_3718",1,"L","C","22",FALSE
"j_3719",1,"S","C","22",TRUE
"j_3720",1,"S","C","22",TRUE
"j_3721",1,"M","I","22",FALSE
"j_3722",1,"S","I","22",TRUE
"j_3723",1,"S","M","22",FALSE
"j_3724",1,"L","G","22",FALSE
"j_3725",1,"L","C","22",TRUE
"j_3726",1,"L","C","22",TRUE
"j_3727",0,"S","K.L","22",TRUE
"j_3728",1,"M","I","22",TRUE
"j_3729",1,"M","C","22",TRUE
"j_3730",1,"M","G","22",FALSE
"j_3731",1,"M","C","22",FALSE
"j_3732",1,"L","G","22",FALSE
"j_3733",1,"M","F","22",TRUE
"j_3734",1,"S","R.S","22",FALSE
"j_3735",1,"M","F","22",TRUE
"j_3736",1,"M","F","22",TRUE
"j_3737",1,"L","F","20",FALSE
"j_3738",1,"M","J","20",TRUE
"j_3739",1,"M","I","20",TRUE
"j_3740",1,"M","C","20",FALSE
"j_3741",1,"S","R.S","20",TRUE
"j_3742",1,"M","I","20",TRUE
"j_3743",1,"S","G","20",TRUE
"j_3744",1,"M","N","20",FALSE
"j_3745",1,"L","C","20",TRUE
"j_3746",1,"M","G","20",FALSE
"j_3747",1,"S","N","20",TRUE
"j_3748",1,"M","G","20",TRUE
"j_3749",1,"L","C","20",FALSE
"j_3750",1,"S","F","20",TRUE
"j_3751",1,"S","C","20",TRUE
"j_3752",1,"M","C","20",TRUE
"j_3753",1,"S","F","20",TRUE
"j_3754",1,"S","F","20",TRUE
"j_3755",1,"S","D.E","20",TRUE
"j_3756",1,"S","C","22",TRUE
"j_3757",1,"S","G","20",TRUE
"j_3758",1,"S","G","20",FALSE
"j_3759",1,"S","F","20",TRUE
"j_3760",1,"S","R.S","20",TRUE
"j_3761",1,"M","Q","20",TRUE
"j_3762",1,"S","K.L","20",TRUE
"j_3763",1,"S","C","20",TRUE
"j_3764",1,"M","I","20",FALSE
"j_3765",1,"S","G","20",TRUE
"j_3766",0,"L","D.E","20",FALSE
"j_3767",1,"L","C","32",FALSE
"j_3768",1,"L","M","20",FALSE
"j_3769",1,"M","F","22",TRUE
"j_3770",1,"S","Q","20",FALSE
"j_3771",1,"S","I","20",TRUE
"j_3772",1,"M","C","20",FALSE
"j_3773",1,"S","I","20",FALSE
"j_3774",1,"M","G","20",FALSE
"j_3775",1,"S","N","20",TRUE
"j_3776",1,"M","H","20",TRUE
"j_3777",1,"S","R.S","28",TRUE
"j_3778",1,"L","C","20",FALSE
"j_3779",1,"S","H","20",FALSE
"j_3780",0,"L","D.E","20",TRUE
"j_3781",1,"L","C","20",TRUE
"j_3782",1,"M","M","20",TRUE
"j_3783",1,"M","I","20",FALSE
"j_3784",0,"M","D.E","20",TRUE
"j_3785",1,"S","M","20",TRUE
"j_3786",1,"M","P","20",TRUE
"j_3787",0,"M","Q","20",TRUE
"j_3788",1,"L","G","20",FALSE
"j_3789",1,"S","M","20",TRUE
"j_3790",1,"M","F","20",TRUE
"j_3791",1,"S","F","20",TRUE
"j_3792",1,"S","F","20",TRUE
"j_3793",1,"S","Q","20",TRUE
"j_3794",1,"M","C","20",TRUE
"j_3795",1,"M","G","20",TRUE
"j_3796",1,"M","N","20",TRUE
"j_3797",1,"S","C","20",TRUE
"j_3798",1,"S","C","20",TRUE
"j_3799",1,"M","F","20",TRUE
"j_3800",1,"M","G","08",TRUE
"j_3801",1,"S","M","08",TRUE
"j_3802",1,"S","K.L","08",TRUE
"j_3803",1,"S","C","32",TRUE
"j_3804",1,"S","F","32",TRUE
"j_3805",0,"L","P","08",TRUE
"j_3806",0,"M","P","08",TRUE
"j_3807",0,"M","P","08",FALSE
"j_3808",1,"M","M","32",TRUE
"j_3809",1,"M","F","08",TRUE
"j_3810",1,"S","M","08",TRUE
"j_3811",1,"S","G","32",TRUE
"j_3812",1,"S","G","08",TRUE
"j_3813",1,"S","G","32",TRUE
"j_3814",1,"S","C","08",TRUE
"j_3815",1,"L","C","02",FALSE
"j_3816",1,"S","F","30",TRUE
"j_3817",1,"L","C","08",FALSE
"j_3818",1,"S","I","32",FALSE
"j_3819",0,"L","Q","08",FALSE
"j_3820",1,"M","G","30",TRUE
"j_3821",1,"S","F","08",TRUE
"j_3822",1,"L","C","08",TRUE
"j_3823",1,"M","K.L","08",TRUE
"j_3824",1,"L","C","08",FALSE
"j_3825",1,"S","C","08",TRUE
"j_3826",0,"L","O","08",TRUE
"j_3827",1,"S","F","30",TRUE
"j_3828",1,"L","C","08",FALSE
"j_3829",1,"S","G","08",TRUE
"j_3830",1,"M","H","08",TRUE
"j_3831",1,"L","C","08",FALSE
"j_3832",1,"M","D.E","08",TRUE
"j_3833",0,"L","P","08",TRUE
"j_3834",1,"S","F","08",TRUE
"j_3835",1,"M","G","08",TRUE
"j_3836",1,"S","G","08",TRUE
"j_3837",0,"M","D.E","08",TRUE
"j_3838",1,"M","F","08",TRUE
"j_3839",1,"S","G","08",TRUE
"j_3840",1,"S","D.E","08",TRUE
"j_3841",0,"L","Q","08",TRUE
"j_3842",1,"L","C","08",TRUE
"j_3843",1,"L","N","08",FALSE
"j_3844",1,"S","G","08",TRUE
"j_3845",1,"M","F","08",TRUE
"j_3846",1,"L","I","08",TRUE
"j_3847",1,"S","G","08",TRUE
"j_3848",1,"M","G","08",TRUE
"j_3849",1,"S","H","08",FALSE
"j_3850",0,"S","Q","08",FALSE
"j_3851",1,"M","G","08",FALSE
"j_3852",1,"S","M","08",TRUE
"j_3853",1,"S","M","08",TRUE
"j_3854",1,"M","C","22",TRUE
"j_3855",1,"M","G","22",FALSE
"j_3856",1,"S","C","22",TRUE
"j_3857",1,"L","C","22",FALSE
"j_3858",1,"S","R.S","22",FALSE
"j_3859",1,"L","I","22",TRUE
"j_3860",1,"S","H","22",TRUE
"j_3861",1,"S","N","22",TRUE
"j_3862",1,"L","C","22",FALSE
"j_3863",1,"M","G","22",TRUE
"j_3864",1,"L","H","22",FALSE
"j_3865",1,"S","J","22",TRUE
"j_3866",1,"M","I","22",FALSE
"j_3867",1,"S","C","22",TRUE
"j_3868",1,"S","F","22",TRUE
"j_3869",1,"S","M","22",TRUE
"j_3870",1,"S","G","22",TRUE
"j_3871",1,"S","I","22",TRUE
"j_3872",0,"M","P","22",TRUE
"j_3873",1,"S","D.E","22",TRUE
"j_3874",0,"M","Q","22",TRUE
"j_3875",1,"S","G","22",TRUE
"j_3876",1,"S","G","22",FALSE
"j_3877",1,"M","C","22",TRUE
"j_3878",1,"M","H","22",FALSE
"j_3879",1,"S","F","22",TRUE
"j_3880",1,"S","K.L","22",TRUE
"j_3881",1,"M","F","22",TRUE
"j_3882",1,"M","I","22",FALSE
"j_3883",1,"S","F","22",TRUE
"j_3884",1,"M","C","22",TRUE
"j_3885",1,"S","G","22",FALSE
"j_3886",1,"M","G","22",FALSE
"j_3887",1,"M","C","22",TRUE
"j_3888",1,"M","F","22",TRUE
"j_3889",1,"S","F","22",TRUE
"j_3890",1,"S","F","22",TRUE
"j_3891",1,"S","R.S","22",TRUE
"j_3892",1,"S","F","22",TRUE
"j_3893",1,"M","G","22",TRUE
"j_3894",1,"S","F","22",TRUE
"j_3895",1,"S","G","22",TRUE
"j_3896",1,"S","F","22",TRUE
"j_3897",1,"S","C","22",TRUE
"j_3898",1,"S","M","32",TRUE
"j_3899",1,"S","G","22",FALSE
"j_3900",1,"L","N","22",FALSE
"j_3901",1,"S","H","22",FALSE
"j_3902",1,"M","G","22",TRUE
"j_3903",1,"S","C","22",TRUE
"j_3904",1,"S","F","22",TRUE
"j_3905",1,"S","F","22",TRUE
"j_3906",1,"S","G","22",TRUE
"j_3907",1,"S","G","22",TRUE
"j_3908",1,"S","G","22",FALSE
"j_3909",0,"L","P","22",TRUE
"j_3910",1,"M","G","22",TRUE
"j_3911",1,"M","F","22",TRUE
"j_3912",1,"L","C","22",TRUE
"j_3913",1,"L","C","22",FALSE
"j_3914",1,"S","R.S","22",FALSE
"j_3915",1,"S","R.S","22",FALSE
"j_3916",1,"S","F","22",TRUE
"j_3917",1,"M","N","14",TRUE
"j_3918",1,"L","N","22",FALSE
"j_3919",1,"S","N","22",FALSE
"j_3920",1,"M","R.S","22",FALSE
"j_3921",1,"S","F","22",TRUE
"j_3922",1,"L","C","22",FALSE
"j_3923",1,"M","K.L","22",FALSE
"j_3924",1,"L","N","22",FALSE
"j_3925",1,"L","H","28",TRUE
"j_3926",1,"L","N","22",FALSE
"j_3927",1,"M","G","04",TRUE
"j_3928",1,"S","C","22",TRUE
"j_3929",1,"S","Q","22",FALSE
"j_3930",1,"S","K.L","22",TRUE
"j_3931",1,"S","I","22",FALSE
"j_3932",1,"S","N","22",TRUE
"j_3933",1,"S","F","22",TRUE
"j_3934",1,"S","Q","22",TRUE
"j_3935",1,"S","M","22",TRUE
"j_3936",1,"L","C","04",FALSE
"j_3937",1,"S","G","22",TRUE
"j_3938",1,"S","F","22",TRUE
"j_3939",1,"M","J","22",TRUE
"j_3940",1,"S","G","22",TRUE
"j_3941",1,"S","R.S","22",TRUE
"j_3942",1,"S","G","22",FALSE
"j_3943",1,"M","Q","22",FALSE
"j_3944",1,"S","R.S","22",TRUE
"j_3945",1,"S","N","22",TRUE
"j_3946",1,"L","P","22",TRUE
"j_3947",1,"S","C","22",TRUE
"j_3948",1,"L","C","22",TRUE
"j_3949",0,"M","K.L","22",TRUE
"j_3950",1,"M","H","22",FALSE
"j_3951",1,"S","C","22",FALSE
"j_3952",1,"S","F","22",TRUE
"j_3953",1,"M","C","22",TRUE
"j_3954",1,"M","C","04",TRUE
"j_3955",1,"S","Q","22",TRUE
"j_3956",1,"L","M","22",TRUE
"j_3957",1,"S","R.S","22",TRUE
"j_3958",1,"S","G","22",TRUE
"j_3959",1,"S","I","22",TRUE
"j_3960",1,"S","C","22",TRUE
"j_3961",1,"M","G","22",FALSE
"j_3962",1,"L","C","22",FALSE
"j_3963",1,"S","F","22",TRUE
"j_3964",1,"L","C","22",TRUE
"j_3965",1,"L","I","22",TRUE
"j_3966",1,"S","F","22",TRUE
"j_3967",0,"L","P","22",TRUE
"j_3968",1,"S","F","22",TRUE
"j_3969",1,"M","R.S","22",FALSE
"j_3970",1,"S","H","22",TRUE
"j_3971",1,"L","P","22",FALSE
"j_3972",1,"L","N","22",FALSE
"j_3973",1,"S","M","22",TRUE
"j_3974",1,"S","N","22",TRUE
"j_3975",1,"S","G","22",FALSE
"j_3976",1,"M","F","22",TRUE
"j_3977",0,"M","P","22",TRUE
"j_3978",0,"M","P","22",TRUE
"j_3979",0,"M","P","22",TRUE
"j_3980",1,"S","G","22",FALSE
"j_3981",1,"L","C","22",FALSE
"j_3982",1,"S","G","22",TRUE
"j_3983",1,"M","F","22",FALSE
"j_3984",1,"S","G","22",TRUE
"j_3985",0,"M","R.S","22",TRUE
"j_3986",1,"S","G","22",TRUE
"j_3987",1,"M","P","22",TRUE
"j_3988",1,"S","M","22",TRUE
"j_3989",1,"S","G","22",FALSE
"j_3990",1,"S","I","22",TRUE
"j_3991",1,"S","I","22",FALSE
"j_3992",1,"S","Q","22",FALSE
"j_3993",1,"S","N","22",TRUE
"j_3994",1,"S","F","22",TRUE
"j_3995",1,"M","C","22",TRUE
"j_3996",1,"S","C","22",TRUE
"j_3997",1,"S","M","22",TRUE
"j_3998",1,"M","Q","22",TRUE
"j_3999",1,"M","G","22",TRUE
"j_4000",1,"S","F","32",TRUE
"j_4001",1,"S","G","22",TRUE
"j_4002",1,"S","N","22",TRUE
"j_4003",1,"S","F","22",TRUE
"j_4004",1,"S","F","22",TRUE
"j_4005",1,"S","F","22",TRUE
"j_4006",1,"S","G","22",TRUE
"j_4007",1,"S","M","22",TRUE
"j_4008",1,"S","M","22",TRUE
"j_4009",1,"S","F","22",TRUE
"j_4010",1,"S","Q","22",FALSE
"j_4011",1,"S","G","22",FALSE
"j_4012",1,"S","R.S","22",TRUE
"j_4013",1,"L","N","22",FALSE
"j_4014",0,"M","D.E","22",TRUE
"j_4015",1,"L","N","22",FALSE
"j_4016",1,"S","G","22",FALSE
"j_4017",0,"M","Q","22",TRUE
"j_4018",1,"M","C","22",TRUE
"j_4019",1,"S","C","22",TRUE
"j_4020",1,"S","G","22",TRUE
"j_4021",1,"M","C","22",FALSE
"j_4022",1,"L","C","22",FALSE
"j_4023",1,"M","C","22",TRUE
"j_4024",1,"S","G","22",FALSE
"j_4025",1,"L","K.L","22",FALSE
"j_4026",0,"M","R.S","22",FALSE
"j_4027",1,"L","C","22",FALSE
"j_4028",1,"S","G","22",FALSE
"j_4029",1,"S","M","22",TRUE
"j_4030",1,"M","P","22",TRUE
"j_4031",1,"M","C","22",TRUE
"j_4032",1,"M","C","22",FALSE
"j_4033",1,"M","P","22",TRUE
"j_4034",1,"M","P","22",TRUE
"j_4035",1,"S","R.S","22",TRUE
"j_4036",1,"M","P","22",TRUE
"j_4037",1,"M","F","22",TRUE
"j_4038",1,"S","H","22",TRUE
"j_4039",1,"M","P","22",TRUE
"j_4040",1,"M","P","22",FALSE
"j_4041",1,"L","C","22",FALSE
"j_4042",1,"M","G","22",TRUE
"j_4043",1,"M","N","22",TRUE
"j_4044",1,"S","F","22",TRUE
"j_4045",1,"M","C","22",TRUE
"j_4046",1,"L","N","22",TRUE
"j_4047",1,"S","G","22",FALSE
"j_4048",1,"S","I","22",TRUE
"j_4049",1,"S","C","22",TRUE
"j_4050",1,"M","P","22",TRUE
"j_4051",1,"S","F","28",TRUE
"j_4052",1,"M","F","22",TRUE
"j_4053",1,"M","P","22",FALSE
"j_4054",1,"S","K.L","22",TRUE
"j_4055",1,"S","I","22",TRUE
"j_4056",1,"M","C","22",TRUE
"j_4057",1,"S","N","22",TRUE
"j_4058",1,"M","F","22",TRUE
"j_4059",1,"S","G","22",TRUE
"j_4060",1,"S","G","22",TRUE
"j_4061",1,"S","I","22",TRUE
"j_4062",1,"L","P","22",TRUE
"j_4063",0,"L","Q","22",TRUE
"j_4064",1,"S","G","22",FALSE
"j_4065",1,"S","F","22",TRUE
"j_4066",1,"S","F","22",TRUE
"j_4067",1,"S","G","22",FALSE
"j_4068",1,"L","C","22",TRUE
"j_4069",1,"M","G","22",TRUE
"j_4070",1,"L","N","22",FALSE
"j_4071",1,"S","M","22",TRUE
"j_4072",1,"L","N","04",FALSE
"j_4073",1,"S","C","22",TRUE
"j_4074",1,"M","H","22",FALSE
"j_4075",1,"L","N","22",FALSE
"j_4076",1,"S","G","22",TRUE
"j_4077",1,"S","G","22",FALSE
"j_4078",1,"S","K.L","22",TRUE
"j_4079",0,"L","P","22",TRUE
"j_4080",1,"S","C","22",TRUE
"j_4081",1,"S","P","22",TRUE
"j_4082",1,"S","C","22",TRUE
"j_4083",1,"S","R.S","22",TRUE
"j_4084",1,"M","G","02",FALSE
"j_4085",1,"M","G","02",FALSE
"j_4086",1,"L","G","02",FALSE
"j_4087",1,"M","C","02",TRUE
"j_4088",1,"S","G","02",TRUE
"j_4089",1,"M","I","02",FALSE
"j_4090",1,"S","Q","02",TRUE
"j_4091",1,"S","F","02",TRUE
"j_4092",1,"L","D.E","12",FALSE
"j_4093",1,"S","I","02",TRUE
"j_4094",0,"L","C","02",FALSE
"j_4095",1,"M","G","02",TRUE
"j_4096",1,"S","G","02",TRUE
"j_4097",1,"S","M","12",TRUE
"j_4098",0,"L","P","02",TRUE
"j_4099",1,"M","G","02",FALSE
"j_4100",1,"M","G","02",TRUE
"j_4101",1,"S","G","02",TRUE
"j_4102",1,"M","H","02",FALSE
"j_4103",0,"L","Q","02",TRUE
"j_4104",1,"L","C","02",FALSE
"j_4105",1,"S","R.S","02",TRUE
"j_4106",1,"L","I","02",FALSE
"j_4107",1,"M","G","02",FALSE
"j_4108",0,"L","D.E","02",TRUE
"j_4109",1,"M","C","02",FALSE
"j_4110",1,"L","C","02",FALSE
"j_4111",1,"M","H","02",TRUE
"j_4112",1,"M","M","02",TRUE
"j_4113",1,"S","G","02",TRUE
"j_4114",1,"M","C","02",FALSE
"j_4115",1,"M","F","02",TRUE
"j_4116",1,"S","M","02",TRUE
"j_4117",0,"M","P","02",TRUE
"j_4118",1,"S","F","02",TRUE
"j_4119",1,"S","G","02",TRUE
"j_4120",0,"L","P","02",TRUE
"j_4121",1,"L","C","02",TRUE
"j_4122",1,"L","G","02",FALSE
"j_4123",1,"S","F","02",TRUE
"j_4124",0,"M","P","02",FALSE
"j_4125",1,"M","G","28",FALSE
"j_4126",1,"S","I","02",FALSE
"j_4127",1,"M","F","02",TRUE
"j_4128",1,"M","N","02",TRUE
"j_4129",1,"S","G","02",FALSE
"j_4130",1,"L","C","02",TRUE
"j_4131",1,"M","G","24",TRUE
"j_4132",1,"S","C","24",TRUE
"j_4133",1,"S","M","24",TRUE
"j_4134",1,"M","C","24",TRUE
"j_4135",1,"S","G","24",TRUE
"j_4136",1,"M","N","24",FALSE
"j_4137",1,"L","C","24",TRUE
"j_4138",1,"M","C","24",TRUE
"j_4139",1,"M","Q","24",TRUE
"j_4140",1,"S","C","24",TRUE
"j_4141",1,"L","G","24",FALSE
"j_4142",1,"L","C","06",FALSE
"j_4143",1,"S","F","24",TRUE
"j_4144",0,"M","P","24",TRUE
"j_4145",0,"L","O","24",FALSE
"j_4146",1,"M","Q","24",FALSE
"j_4147",1,"M","N","24",FALSE
"j_4148",1,"M","C","24",FALSE
"j_4149",1,"M","C","24",TRUE
"j_4150",1,"S","I","24",FALSE
"j_4151",1,"M","F","24",TRUE
"j_4152",1,"M","F","24",TRUE
"j_4153",1,"S","I","24",TRUE
"j_4154",1,"M","C","24",TRUE
"j_4155",1,"S","R.S","24",TRUE
"j_4156",1,"S","G","24",FALSE
"j_4157",1,"S","G","24",FALSE
"j_4158",0,"L","O","24",TRUE
"j_4159",1,"L","N","24",TRUE
"j_4160",1,"L","F","16",TRUE
"j_4161",1,"M","F","24",TRUE
"j_4162",1,"L","R.S","24",TRUE
"j_4163",1,"M","C","24",FALSE
"j_4164",1,"M","Q","24",FALSE
"j_4165",1,"S","G","24",TRUE
"j_4166",1,"L","M","24",FALSE
"j_4167",1,"L","C","24",FALSE
"j_4168",1,"S","N","24",TRUE
"j_4169",1,"S","C","24",TRUE
"j_4170",1,"S","G","24",FALSE
"j_4171",0,"L","D.E","24",FALSE
"j_4172",0,"L","P","24",FALSE
"j_4173",1,"S","R.S","24",TRUE
"j_4174",1,"L","C","24",FALSE
"j_4175",1,"S","K.L","16",TRUE
"j_4176",1,"M","G","24",FALSE
"j_4177",1,"M","G","24",TRUE
"j_4178",1,"S","F","24",TRUE
"j_4179",1,"M","C","24",TRUE
"j_4180",1,"S","I","24",FALSE
"j_4181",1,"M","I","24",TRUE
"j_4182",1,"S","J","24",TRUE
"j_4183",1,"M","G","24",TRUE
"j_4184",1,"S","C","24",FALSE
"j_4185",1,"S","R.S","24",FALSE
"j_4186",1,"S","F","24",TRUE
"j_4187",1,"S","K.L","24",FALSE
"j_4188",0,"L","K.L","24",TRUE
"j_4189",1,"S","R.S","24",FALSE
"j_4190",1,"S","F","24",TRUE
"j_4191",1,"S","F","24",TRUE
"j_4192",1,"S","F","24",TRUE
"j_4193",1,"S","F","24",TRUE
"j_4194",1,"S","G","16",TRUE
"j_4195",1,"S","H","26",TRUE
"j_4196",1,"S","G","24",TRUE
"j_4197",1,"S","C","24",TRUE
"j_4198",1,"S","F","24",TRUE
"j_4199",1,"S","G","24",TRUE
"j_4200",1,"S","Q","24",FALSE
"j_4201",1,"S","R.S","24",TRUE
"j_4202",1,"M","N","24",TRUE
"j_4203",1,"S","M","24",TRUE
"j_4204",1,"L","F","02",FALSE
"j_4205",1,"M","C","24",TRUE
"j_4206",1,"L","C","24",TRUE
"j_4207",1,"S","M","24",TRUE
"j_4208",1,"S","M","24",TRUE
"j_4209",1,"M","F","24",TRUE
"j_4210",1,"S","C","24",TRUE
"j_4211",1,"S","G","24",TRUE
"j_4212",1,"M","M","24",TRUE
"j_4213",1,"M","C","24",FALSE
"j_4214",1,"M","G","24",FALSE
"j_4215",1,"M","F","24",TRUE
"j_4216",1,"S","I","24",FALSE
"j_4217",1,"S","F","24",TRUE
"j_4218",1,"S","G","24",TRUE
"j_4219",1,"L","C","24",FALSE
"j_4220",1,"M","C","24",FALSE
"j_4221",1,"S","R.S","24",FALSE
"j_4222",1,"S","M","24",TRUE
"j_4223",1,"S","F","24",TRUE
"j_4224",1,"S","F","24",TRUE
"j_4225",1,"M","C","24",TRUE
"j_4226",1,"S","R.S","24",TRUE
"j_4227",1,"S","G","24",FALSE
"j_4228",1,"M","M","24",TRUE
"j_4229",1,"S","G","24",TRUE
"j_4230",1,"L","I","24",FALSE
"j_4231",0,"L","K.L","24",TRUE
"j_4232",1,"M","C","24",TRUE
"j_4233",1,"L","C","24",FALSE
"j_4234",1,"S","F","24",FALSE
"j_4235",1,"M","D.E","24",FALSE
"j_4236",1,"M","G","24",TRUE
"j_4237",1,"S","I","24",TRUE
"j_4238",1,"M","C","24",TRUE
"j_4239",1,"M","Q","24",FALSE
"j_4240",1,"S","G","24",TRUE
"j_4241",1,"S","G","24",FALSE
"j_4242",1,"M","G","24",TRUE
"j_4243",1,"S","F","24",TRUE
"j_4244",1,"M","P","24",TRUE
"j_4245",1,"S","N","24",TRUE
"j_4246",1,"M","M","24",TRUE
"j_4247",1,"M","C","24",FALSE
"j_4248",1,"S","M","24",TRUE
"j_4249",1,"M","D.E","24",TRUE
"j_4250",1,"L","H","24",TRUE
"j_4251",1,"S","F","24",FALSE
"j_4252",1,"S","Q","24",FALSE
"j_4253",1,"M","N","24",FALSE
"j_4254",1,"S","Q","24",FALSE
"j_4255",1,"S","G","24",TRUE
"j_4256",1,"L","J","24",TRUE
"j_4257",1,"S","M","24",TRUE
"j_4258",1,"S","N","24",TRUE
"j_4259",1,"S","R.S","24",FALSE
"j_4260",1,"M","H","24",TRUE
"j_4261",1,"S","R.S","24",FALSE
"j_4262",1,"S","R.S","24",FALSE
"j_4263",1,"S","K.L","24",FALSE
"j_4264",1,"M","F","24",TRUE
"j_4265",1,"L","C","24",FALSE
"j_4266",1,"M","C","24",TRUE
"j_4267",1,"S","F","24",TRUE
"j_4268",1,"S","G","24",TRUE
"j_4269",1,"S","F","04",TRUE
"j_4270",1,"S","F","24",TRUE
"j_4271",1,"L","N","24",FALSE
"j_4272",1,"S","G","24",TRUE
"j_4273",1,"S","R.S","24",FALSE
"j_4274",1,"M","H","24",FALSE
"j_4275",1,"M","C","24",TRUE
"j_4276",1,"S","N","24",TRUE
"j_4277",1,"M","C","24",FALSE
"j_4278",1,"S","G","18",FALSE
"j_4279",1,"S","G","24",TRUE
"j_4280",1,"S","G","24",TRUE
"j_4281",1,"S","I","24",FALSE
"j_4282",1,"S","G","24",FALSE
"j_4283",1,"M","G","24",FALSE
"j_4284",1,"S","G","24",TRUE
"j_4285",1,"S","G","24",TRUE
"j_4286",1,"S","N","24",FALSE
"j_4287",1,"S","M","24",FALSE
"j_4288",1,"M","N","24",FALSE
"j_4289",1,"M","G","24",FALSE
"j_4290",1,"S","C","24",TRUE
"j_4291",1,"M","Q","24",FALSE
"j_4292",1,"S","M","24",TRUE
"j_4293",1,"S","G","24",FALSE
"j_4294",1,"L","N","24",FALSE
"j_4295",1,"L","N","24",FALSE
"j_4296",1,"M","C","24",FALSE
"j_4297",1,"M","F","24",TRUE
"j_4298",1,"S","H","24",FALSE
"j_4299",1,"S","I","24",TRUE
"j_4300",1,"L","H","24",TRUE
"j_4301",1,"L","C","24",FALSE
"j_4302",1,"S","C","24",TRUE
"j_4303",1,"S","F","24",TRUE
"j_4304",1,"S","N","24",FALSE
"j_4305",1,"M","M","24",TRUE
"j_4306",1,"S","M","24",TRUE
"j_4307",1,"S","G","24",FALSE
"j_4308",1,"S","M","24",TRUE
"j_4309",1,"S","G","24",TRUE
"j_4310",1,"M","C","24",TRUE
"j_4311",1,"S","F","24",TRUE
"j_4312",1,"S","Q","24",TRUE
"j_4313",1,"S","P","24",FALSE
"j_4314",1,"M","G","24",TRUE
"j_4315",1,"S","F","24",TRUE
"j_4316",1,"S","P","24",FALSE
"j_4317",1,"S","F","24",TRUE
"j_4318",1,"M","G","24",FALSE
"j_4319",1,"S","I","02",TRUE
"j_4320",1,"S","R.S","24",TRUE
"j_4321",1,"S","Q","24",FALSE
"j_4322",1,"M","N","24",FALSE
"j_4323",1,"S","F","24",TRUE
"j_4324",1,"M","J","24",FALSE
"j_4325",1,"S","C","24",TRUE
"j_4326",1,"S","G","24",FALSE
"j_4327",1,"S","M","24",TRUE
"j_4328",1,"M","F","24",TRUE
"j_4329",1,"S","G","24",TRUE
"j_4330",1,"S","G","24",TRUE
"j_4331",1,"M","R.S","24",TRUE
"j_4332",1,"M","P","24",FALSE
"j_4333",1,"M","C","24",FALSE
"j_4334",1,"S","F","24",TRUE
"j_4335",1,"S","P","24",FALSE
"j_4336",1,"S","G","24",FALSE
"j_4337",1,"M","Q","24",FALSE
"j_4338",1,"S","Q","24",TRUE
"j_4339",1,"M","G","24",FALSE
"j_4340",1,"S","F","24",TRUE
"j_4341",1,"S","H","24",FALSE
"j_4342",1,"M","C","24",FALSE
"j_4343",1,"S","G","24",TRUE
"j_4344",1,"M","G","24",FALSE
"j_4345",1,"S","N","24",TRUE
"j_4346",1,"S","M","24",TRUE
"j_4347",1,"M","M","24",FALSE
"j_4348",1,"S","F","24",TRUE
"j_4349",1,"S","G","24",TRUE
"j_4350",1,"M","G","24",TRUE
"j_4351",1,"S","F","24",TRUE
"j_4352",1,"S","F","24",TRUE
"j_4353",1,"S","C","24",TRUE
"j_4354",1,"L","N","24",TRUE
"j_4355",1,"S","G","24",TRUE
"j_4356",1,"S","F","24",TRUE
"j_4357",1,"S","R.S","24",FALSE
"j_4358",1,"S","F","24",TRUE
"j_4359",1,"M","F","24",TRUE
"j_4360",1,"S","G","24",TRUE
"j_4361",1,"S","G","24",FALSE
"j_4362",1,"S","F","24",TRUE
"j_4363",1,"S","G","24",TRUE
"j_4364",1,"L","C","24",TRUE
"j_4365",1,"S","G","24",FALSE
"j_4366",1,"S","F","24",TRUE
"j_4367",1,"S","R.S","30",FALSE
"j_4368",1,"S","F","24",TRUE
"j_4369",1,"M","I","24",TRUE
"j_4370",1,"L","C","24",FALSE
"j_4371",1,"M","C","24",FALSE
"j_4372",1,"L","N","24",FALSE
"j_4373",1,"S","I","24",TRUE
"j_4374",1,"S","I","24",TRUE
"j_4375",1,"L","N","24",TRUE
"j_4376",1,"S","F","24",TRUE
"j_4377",1,"M","C","24",FALSE
"j_4378",1,"L","F","24",FALSE
"j_4379",1,"S","R.S","24",FALSE
"j_4380",1,"L","C","24",FALSE
"j_4381",1,"M","C","24",TRUE
"j_4382",1,"L","G","24",FALSE
"j_4383",1,"S","M","24",TRUE
"j_4384",1,"M","C","24",TRUE
"j_4385",1,"S","M","24",TRUE
"j_4386",1,"S","G","24",FALSE
"j_4387",1,"L","C","24",FALSE
"j_4388",1,"S","F","24",TRUE
"j_4389",1,"S","G","24",FALSE
"j_4390",1,"L","N","24",FALSE
"j_4391",1,"M","Q","24",FALSE
"j_4392",1,"L","K.L","24",TRUE
"j_4393",1,"M","F","10",TRUE
"j_4394",1,"S","F","24",TRUE
"j_4395",1,"M","N","24",FALSE
"j_4396",1,"S","I","24",TRUE
"j_4397",1,"S","F","24",TRUE
"j_4398",1,"M","C","30",TRUE
"j_4399",1,"S","G","30",TRUE
"j_4400",1,"S","G","30",TRUE
"j_4401",1,"L","C","30",FALSE
"j_4402",1,"S","F","30",TRUE
"j_4403",1,"M","F","02",TRUE
"j_4404",1,"M","C","30",TRUE
"j_4405",1,"M","G","30",TRUE
"j_4406",1,"M","G","30",FALSE
"j_4407",1,"S","N","30",TRUE
"j_4408",1,"M","C","30",TRUE
"j_4409",1,"S","C","30",TRUE
"j_4410",1,"S","C","30",TRUE
"j_4411",1,"S","C","30",TRUE
"j_4412",1,"M","C","30",FALSE
"j_4413",1,"S","F","30",TRUE
"j_4414",1,"S","F","30",TRUE
"j_4415",1,"S","C","30",TRUE
"j_4416",1,"M","C","02",TRUE
"j_4417",1,"L","C","30",TRUE
"j_4418",1,"L","C","30",TRUE
"j_4419",1,"S","G","30",TRUE
"j_4420",1,"L","C","30",FALSE
"j_4421",1,"M","C","30",TRUE
"j_4422",1,"M","F","30",TRUE
"j_4423",1,"S","F","30",TRUE
"j_4424",1,"L","F","30",TRUE
"j_4425",1,"S","G","30",FALSE
"j_4426",1,"M","C","30",TRUE
"j_4427",1,"L","C","30",FALSE
"j_4428",1,"M","H","30",TRUE
"j_4429",1,"S","R.S","30",TRUE
"j_4430",1,"S","K.L","30",TRUE
"j_4431",1,"S","R.S","30",TRUE
"j_4432",1,"S","G","30",TRUE
"j_4433",1,"S","C","30",TRUE
"j_4434",0,"L","D.E","30",FALSE
"j_4435",1,"M","C","30",TRUE
"j_4436",1,"L","G","30",TRUE
"j_4437",1,"L","G","30",TRUE
"j_4438",0,"M","K.L","02",TRUE
"j_4439",1,"L","C","30",TRUE
"j_4440",1,"M","C","30",TRUE
"j_4441",1,"S","G","30",TRUE
"j_4442",1,"S","G","30",FALSE
"j_4443",1,"S","G","30",TRUE
"j_4444",1,"S","F","30",TRUE
"j_4445",1,"M","C","30",FALSE
"j_4446",1,"M","C","30",TRUE
"j_4447",1,"S","G","30",FALSE
"j_4448",1,"S","Q","30",TRUE
"j_4449",1,"S","M","30",TRUE
"j_4450",1,"S","G","30",TRUE
"j_4451",1,"S","G","10",TRUE
"j_4452",1,"L","C","30",FALSE
"j_4453",1,"M","G","30",TRUE
"j_4454",1,"S","C","30",TRUE
"j_4455",1,"M","C","30",FALSE
"j_4456",1,"M","C","30",FALSE
"j_4457",1,"L","C","30",FALSE
"j_4458",1,"M","C","30",TRUE
"j_4459",1,"L","G","30",TRUE
"j_4460",1,"M","C","30",TRUE
"j_4461",1,"S","G","30",FALSE
"j_4462",0,"S","K.L","30",TRUE
"j_4463",1,"M","C","30",FALSE
"j_4464",1,"S","C","30",TRUE
"j_4465",1,"S","Q","30",TRUE
"j_4466",1,"S","G","30",TRUE
"j_4467",1,"S","F","30",TRUE
"j_4468",1,"M","C","30",TRUE
"j_4469",1,"M","G","30",TRUE
"j_4470",1,"S","G","30",TRUE
"j_4471",1,"S","G","30",TRUE
"j_4472",1,"S","G","30",FALSE
"j_4473",1,"S","I","30",FALSE
"j_4474",1,"S","H","30",FALSE
"j_4475",1,"S","F","30",TRUE
"j_4476",0,"L","C","30",TRUE
"j_4477",1,"M","G","30",FALSE
"j_4478",1,"L","N","30",FALSE
"j_4479",1,"L","G","30",FALSE
"j_4480",1,"M","Q","30",FALSE
"j_4481",1,"L","C","30",TRUE
"j_4482",1,"S","F","30",TRUE
"j_4483",1,"S","F","30",TRUE
"j_4484",1,"M","C","30",TRUE
"j_4485",1,"L","C","30",TRUE
"j_4486",1,"M","G","30",TRUE
"j_4487",0,"M","D.E","30",FALSE
"j_4488",0,"L","P","30",FALSE
"j_4489",1,"M","F","30",TRUE
"j_4490",1,"S","H","30",FALSE
"j_4491",1,"M","C","30",TRUE
"j_4492",1,"S","G","30",TRUE
"j_4493",1,"S","F","30",TRUE
"j_4494",1,"S","C","30",TRUE
"j_4495",1,"S","G","30",FALSE
"j_4496",1,"M","C","30",TRUE
"j_4497",1,"S","C","30",TRUE
"j_4498",1,"S","C","30",TRUE
"j_4499",1,"S","R.S","30",FALSE
"j_4500",1,"S","J","30",TRUE
"j_4501",1,"S","G","30",TRUE
"j_4502",1,"L","F","30",TRUE
"j_4503",1,"M","G","30",FALSE
"j_4504",1,"M","C","30",TRUE
"j_4505",1,"S","F","30",TRUE
"j_4506",1,"S","C","30",TRUE
"j_4507",1,"S","F","30",TRUE
"j_4508",0,"M","P","30",TRUE
"j_4509",0,"M","P","30",FALSE
"j_4510",1,"L","C","30",TRUE
"j_4511",1,"M","C","24",TRUE
"j_4512",1,"M","D.E","30",TRUE
"j_4513",1,"S","G","30",FALSE
"j_4514",1,"M","C","30",FALSE
"j_4515",1,"M","C","26",FALSE
"j_4516",0,"L","Q","26",FALSE
"j_4517",1,"S","F","26",FALSE
"j_4518",0,"M","O","26",TRUE
"j_4519",1,"S","I","26",TRUE
"j_4520",1,"S","C","26",TRUE
"j_4521",1,"S","M","24",TRUE
"j_4522",1,"M","G","26",TRUE
"j_4523",1,"L","G","26",FALSE
"j_4524",1,"S","G","26",TRUE
"j_4525",1,"L","C","26",FALSE
"j_4526",1,"S","G","26",FALSE
"j_4527",1,"S","G","26",FALSE
"j_4528",1,"S","M","14",TRUE
"j_4529",1,"S","H","26",TRUE
"j_4530",1,"S","C","26",TRUE
"j_4531",1,"M","H","26",TRUE
"j_4532",1,"M","C","26",TRUE
"j_4533",1,"L","C","26",TRUE
"j_4534",1,"M","G","26",TRUE
"j_4535",1,"L","N","26",TRUE
"j_4536",1,"S","H","26",FALSE
"j_4537",1,"S","G","26",TRUE
"j_4538",1,"M","P","12",TRUE
"j_4539",1,"L","C","26",FALSE
"j_4540",1,"M","F","26",TRUE
"j_4541",1,"S","F","24",TRUE
"j_4542",1,"S","M","26",TRUE
"j_4543",1,"S","K.L","26",TRUE
"j_4544",1,"S","G","26",TRUE
"j_4545",1,"S","F","26",FALSE
"j_4546",1,"M","F","26",TRUE
"j_4547",1,"S","F","26",TRUE
"j_4548",1,"S","F","26",TRUE
"j_4549",1,"M","G","26",TRUE
"j_4550",1,"S","G","26",TRUE
"j_4551",1,"S","N","26",TRUE
"j_4552",1,"M","G","26",TRUE
"j_4553",1,"M","P","26",TRUE
"j_4554",1,"M","H","26",TRUE
"j_4555",1,"S","G","26",TRUE
"j_4556",1,"L","C","26",TRUE
"j_4557",1,"M","F","26",TRUE
"j_4558",1,"S","R.S","26",TRUE
"j_4559",1,"S","F","26",TRUE
"j_4560",1,"S","H","26",TRUE
"j_4561",1,"S","R.S","26",FALSE
"j_4562",1,"S","I","26",TRUE
"j_4563",1,"M","F","26",TRUE
"j_4564",1,"M","C","26",FALSE
"j_4565",1,"S","F","26",FALSE
"j_4566",1,"S","H","26",TRUE
"j_4567",1,"L","C","26",FALSE
"j_4568",1,"S","G","26",TRUE
"j_4569",1,"M","P","26",TRUE
"j_4570",1,"M","F","26",TRUE
"j_4571",1,"S","F","26",TRUE
"j_4572",1,"S","F","26",TRUE
"j_4573",1,"M","C","26",TRUE
"j_4574",1,"M","G","26",FALSE
"j_4575",1,"S","Q","26",TRUE
"j_4576",1,"S","R.S","26",FALSE
"j_4577",1,"S","R.S","26",TRUE
"j_4578",1,"S","G","24",TRUE
"j_4579",1,"M","G","24",FALSE
"j_4580",1,"M","H","24",TRUE
"j_4581",1,"S","C","12",TRUE
"j_4582",1,"S","F","12",TRUE
"j_4583",1,"M","G","24",FALSE
"j_4584",1,"S","C","24",TRUE
"j_4585",1,"M","G","24",FALSE
"j_4586",1,"S","G","24",FALSE
"j_4587",1,"M","H","24",FALSE
"j_4588",1,"M","C","24",FALSE
"j_4589",0,"L","D.E","24",FALSE
"j_4590",1,"S","Q","24",FALSE
"j_4591",1,"M","D.E","24",TRUE
"j_4592",1,"M","M","24",TRUE
"j_4593",1,"S","H","24",TRUE
"j_4594",0,"L","D.E","24",FALSE
"j_4595",1,"S","M","24",TRUE
"j_4596",1,"M","F","24",TRUE
"j_4597",1,"M","G","24",TRUE
"j_4598",1,"S","C","24",TRUE
"j_4599",0,"L","Q","24",TRUE
"j_4600",1,"S","H","24",TRUE
"j_4601",1,"M","G","24",TRUE
"j_4602",1,"S","F","24",TRUE
"j_4603",1,"M","C","24",TRUE
"j_4604",1,"S","C","24",TRUE
"j_4605",1,"S","C","24",TRUE
"j_4606",1,"S","F","24",TRUE
"j_4607",1,"S","G","24",TRUE
"j_4608",1,"M","G","24",TRUE
"j_4609",1,"S","G","12",FALSE
"j_4610",1,"L","C","14",FALSE
"j_4611",1,"L","N","24",FALSE
"j_4612",0,"M","P","24",TRUE
"j_4613",0,"M","P","24",FALSE
"j_4614",0,"M","P","24",TRUE
"j_4615",1,"M","C","24",TRUE
"j_4616",1,"M","G","24",FALSE
"j_4617",1,"S","G","24",TRUE
"j_4618",0,"L","H","24",FALSE
"j_4619",1,"L","C","24",FALSE
"j_4620",1,"S","I","24",TRUE
"j_4621",1,"S","C","24",TRUE
"j_4622",1,"S","F","24",TRUE
"j_4623",1,"S","G","24",TRUE
"j_4624",1,"S","G","24",TRUE
"j_4625",1,"S","N","24",TRUE
"j_4626",0,"L","Q","24",FALSE
"j_4627",0,"L","D.E","24",TRUE
"j_4628",1,"L","D.E","24",TRUE
"j_4629",1,"S","R.S","24",TRUE
"j_4630",1,"M","C","24",TRUE
"j_4631",1,"S","F","24",TRUE
"j_4632",1,"M","H","24",FALSE
"j_4633",1,"S","F","24",TRUE
"j_4634",1,"M","C","24",TRUE
"j_4635",1,"M","C","24",FALSE
"j_4636",1,"L","G","24",FALSE
"j_4637",1,"S","C","24",TRUE
"j_4638",1,"M","F","24",TRUE
"j_4639",1,"L","K.L","24",TRUE
"j_4640",1,"S","G","24",TRUE
"j_4641",1,"M","C","24",TRUE
"j_4642",1,"S","I","24",FALSE
"j_4643",1,"S","F","24",TRUE
"j_4644",1,"M","C","24",TRUE
"j_4645",1,"M","R.S","24",FALSE
"j_4646",1,"S","M","24",TRUE
"j_4647",0,"M","P","24",TRUE
"j_4648",1,"L","N","24",TRUE
"j_4649",1,"M","F","24",TRUE
"j_4650",1,"S","R.S","24",TRUE
"j_4651",0,"M","Q","24",FALSE
"j_4652",1,"S","F","24",TRUE
"j_4653",1,"M","C","24",TRUE
"j_4654",1,"M","K.L","24",TRUE
"j_4655",1,"S","C","24",FALSE
"j_4656",1,"S","G","24",TRUE
"j_4657",1,"S","C","24",FALSE
"j_4658",0,"L","K.L","24",TRUE
"j_4659",1,"M","H","24",TRUE
"j_4660",1,"M","F","24",FALSE
"j_4661",1,"L","C","24",FALSE
"j_4662",1,"L","C","24",FALSE
"j_4663",1,"M","G","24",TRUE
"j_4664",1,"L","C","24",TRUE
"j_4665",1,"S","I","24",FALSE
"j_4666",1,"S","F","24",TRUE
"j_4667",0,"L","N","24",TRUE
"j_4668",0,"L","M","24",TRUE
"j_4669",1,"S","F","24",TRUE
"j_4670",1,"M","G","24",TRUE
"j_4671",1,"M","C","24",FALSE
"j_4672",1,"M","H","24",FALSE
"j_4673",0,"M","Q","24",FALSE
"j_4674",1,"S","M","24",TRUE
"j_4675",1,"S","C","24",TRUE
"j_4676",1,"L","N","24",TRUE
"j_4677",1,"S","G","24",FALSE
"j_4678",1,"S","G","24",TRUE
"j_4679",1,"M","G","24",TRUE
"j_4680",1,"L","H","24",TRUE
"j_4681",1,"L","G","24",FALSE
"j_4682",1,"S","R.S","24",FALSE
"j_4683",1,"S","G","24",TRUE
"j_4684",1,"M","C","24",TRUE
"j_4685",1,"L","C","24",FALSE
"j_4686",1,"L","D.E","24",TRUE
"j_4687",1,"L","C","24",TRUE
"j_4688",1,"S","I","12",TRUE
"j_4689",1,"S","F","24",TRUE
"j_4690",1,"S","F","04",TRUE
"j_4691",1,"S","G","24",FALSE
"j_4692",1,"S","M","24",TRUE
"j_4693",1,"S","C","24",TRUE
"j_4694",1,"L","C","24",FALSE
"j_4695",1,"L","H","24",FALSE
"j_4696",1,"M","H","24",FALSE
"j_4697",1,"M","C","24",TRUE
"j_4698",1,"S","F","24",TRUE
"j_4699",1,"M","K.L","12",TRUE
"j_4700",1,"S","G","24",FALSE
"j_4701",1,"L","F","24",FALSE
"j_4702",1,"M","G","24",TRUE
"j_4703",1,"M","C","24",FALSE
"j_4704",1,"M","G","24",TRUE
"j_4705",1,"M","H","24",TRUE
"j_4706",1,"S","G","24",TRUE
"j_4707",1,"M","C","24",FALSE
"j_4708",1,"L","C","24",FALSE
"j_4709",1,"S","I","24",FALSE
"j_4710",1,"S","H","24",FALSE
"j_4711",1,"S","F","24",TRUE
"j_4712",1,"L","I","24",FALSE
"j_4713",1,"S","R.S","24",TRUE
"j_4714",0,"M","M","24",TRUE
"j_4715",1,"S","F","24",TRUE
"j_4716",1,"M","F","24",TRUE
"j_4717",1,"L","C","24",TRUE
"j_4718",1,"M","F","24",TRUE
"j_4719",1,"S","G","24",TRUE
"j_4720",1,"L","C","24",FALSE
"j_4721",1,"L","G","12",FALSE
"j_4722",1,"S","C","24",TRUE
"j_4723",0,"M","D.E","12",TRUE
"j_4724",1,"S","J","24",TRUE
"j_4725",1,"M","M","24",TRUE
"j_4726",1,"S","F","24",TRUE
"j_4727",1,"S","I","24",FALSE
"j_4728",0,"L","I","32",FALSE
"j_4729",1,"S","G","24",FALSE
"j_4730",1,"M","Q","24",FALSE
"j_4731",1,"L","C","24",FALSE
"j_4732",1,"S","G","24",TRUE
"j_4733",1,"S","F","24",TRUE
"j_4734",1,"S","M","24",TRUE
"j_4735",1,"M","M","24",TRUE
"j_4736",1,"S","G","24",TRUE
"j_4737",1,"S","F","24",TRUE
"j_4738",1,"L","D.E","24",FALSE
"j_4739",1,"S","C","24",TRUE
"j_4740",1,"M","F","24",FALSE
"j_4741",1,"S","H","24",FALSE
"j_4742",1,"S","G","24",FALSE
"j_4743",1,"S","F","24",TRUE
"j_4744",1,"S","N","24",TRUE
"j_4745",1,"S","G","24",TRUE
"j_4746",1,"L","C","24",FALSE
"j_4747",1,"M","G","24",FALSE
"j_4748",1,"M","M","24",TRUE
"j_4749",1,"S","G","24",FALSE
"j_4750",1,"S","H","12",TRUE
"j_4751",1,"S","Q","24",FALSE
"j_4752",1,"M","K.L","24",TRUE
"j_4753",1,"M","G","24",TRUE
"j_4754",1,"L","C","26",TRUE
"j_4755",1,"M","C","24",TRUE
"j_4756",1,"M","G","24",TRUE
"j_4757",0,"M","Q","24",FALSE
"j_4758",1,"S","G","24",FALSE
"j_4759",1,"M","C","24",FALSE
"j_4760",1,"M","C","24",TRUE
"j_4761",1,"M","G","24",TRUE
"j_4762",1,"M","C","24",TRUE
"j_4763",1,"S","C","24",TRUE
"j_4764",1,"M","C","12",FALSE
"j_4765",1,"S","C","24",TRUE
"j_4766",1,"L","N","24",TRUE
"j_4767",1,"S","G","24",TRUE
"j_4768",1,"L","C","24",FALSE
"j_4769",1,"M","M","24",TRUE
"j_4770",1,"M","G","24",TRUE
"j_4771",1,"L","N","24",TRUE
"j_4772",1,"S","C","24",TRUE
"j_4773",1,"M","G","28",FALSE
"j_4774",0,"M","Q","24",TRUE
"j_4775",1,"S","F","24",FALSE
"j_4776",1,"S","F","24",TRUE
"j_4777",1,"S","G","24",TRUE
"j_4778",1,"S","C","24",TRUE
"j_4779",1,"L","C","14",TRUE
"j_4780",1,"L","C","24",FALSE
"j_4781",1,"S","F","24",TRUE
"j_4782",1,"L","C","24",FALSE
"j_4783",1,"L","C","24",FALSE
"j_4784",1,"M","C","12",TRUE
"j_4785",1,"L","M","24",TRUE
"j_4786",1,"M","I","24",FALSE
"j_4787",1,"M","D.E","24",FALSE
"j_4788",1,"M","D.E","24",FALSE
"j_4789",1,"S","M","24",TRUE
"j_4790",1,"S","G","12",FALSE
"j_4791",1,"S","H","24",TRUE
"j_4792",1,"S","R.S","24",TRUE
"j_4793",0,"M","R.S","24",TRUE
"j_4794",1,"M","I","24",FALSE
"j_4795",1,"S","F","24",TRUE
"j_4796",1,"S","C","24",TRUE
"j_4797",1,"M","C","24",FALSE
"j_4798",1,"S","G","24",TRUE
"j_4799",1,"M","Q","24",FALSE
"j_4800",1,"M","G","24",TRUE
"j_4801",1,"S","F","12",TRUE
"j_4802",1,"M","M","24",TRUE
"j_4803",1,"M","N","24",TRUE
"j_4804",1,"S","P","24",TRUE
"j_4805",1,"M","G","24",TRUE
"j_4806",1,"S","G","24",FALSE
"j_4807",1,"S","G","24",FALSE
"j_4808",1,"S","C","24",TRUE
"j_4809",1,"L","N","24",FALSE
"j_4810",0,"M","Q","24",FALSE
"j_4811",1,"M","H","12",TRUE
"j_4812",1,"S","F","24",TRUE
"j_4813",1,"M","I","24",FALSE
"j_4814",1,"S","H","24",FALSE
"j_4815",1,"L","G","24",TRUE
"j_4816",1,"S","M","24",FALSE
"j_4817",1,"M","G","24",TRUE
"j_4818",1,"M","I","24",FALSE
"j_4819",1,"S","G","24",FALSE
"j_4820",1,"S","G","24",TRUE
"j_4821",1,"M","F","24",TRUE
"j_4822",1,"M","C","24",TRUE
"j_4823",0,"L","P","24",TRUE
"j_4824",1,"L","I","24",FALSE
"j_4825",1,"S","G","24",FALSE
"j_4826",1,"L","N","02",FALSE
"j_4827",1,"M","C","24",FALSE
"j_4828",1,"S","G","24",TRUE
"j_4829",1,"S","C","24",TRUE
"j_4830",1,"S","G","24",TRUE
"j_4831",1,"S","R.S","24",FALSE
"j_4832",1,"S","G","24",FALSE
"j_4833",1,"L","Q","24",FALSE
"j_4834",0,"L","Q","24",TRUE
"j_4835",1,"S","C","12",TRUE
"j_4836",1,"S","C","24",TRUE
"j_4837",1,"M","G","24",TRUE
"j_4838",0,"L","Q","24",FALSE
"j_4839",1,"S","I","24",FALSE
"j_4840",1,"M","G","24",FALSE
"j_4841",0,"M","O","24",TRUE
"j_4842",0,"M","O","24",TRUE
"j_4843",0,"M","Q","24",TRUE
"j_4844",1,"M","C","24",FALSE
"j_4845",1,"M","C","24",FALSE
"j_4846",0,"L","Q","24",TRUE
"j_4847",1,"M","R.S","24",TRUE
"j_4848",1,"S","F","24",TRUE
"j_4849",1,"S","R.S","24",FALSE
"j_4850",1,"S","F","24",TRUE
"j_4851",1,"S","G","24",TRUE
"j_4852",1,"S","F","24",TRUE
"j_4853",1,"M","G","24",TRUE
"j_4854",1,"M","F","24",TRUE
"j_4855",1,"S","F","24",TRUE
"j_4856",1,"S","N","24",FALSE
"j_4857",1,"S","M","24",TRUE
"j_4858",1,"S","R.S","02",TRUE
"j_4859",1,"S","F","24",TRUE
"j_4860",1,"S","F","24",FALSE
"j_4861",1,"M","G","24",TRUE
"j_4862",1,"S","I","24",FALSE
"j_4863",1,"S","G","24",TRUE
"j_4864",1,"L","P","24",TRUE
"j_4865",0,"L","K.L","24",FALSE
"j_4866",0,"L","Q","24",FALSE
"j_4867",1,"S","J","24",TRUE
"j_4868",1,"L","F","24",TRUE
"j_4869",1,"S","G","24",TRUE
"j_4870",1,"M","I","24",FALSE
"j_4871",1,"S","H","24",FALSE
"j_4872",1,"S","C","12",TRUE
"j_4873",1,"S","C","24",TRUE
"j_4874",1,"S","G","24",FALSE
"j_4875",1,"L","I","24",FALSE
"j_4876",1,"M","G","24",TRUE
"j_4877",1,"L","C","24",FALSE
"j_4878",0,"L","K.L","24",TRUE
"j_4879",0,"M","P","24",FALSE
"j_4880",1,"S","G","24",TRUE
"j_4881",1,"M","Q","24",FALSE
"j_4882",1,"L","C","24",TRUE
"j_4883",1,"L","Q","24",FALSE
"j_4884",1,"L","C","24",FALSE
"j_4885",1,"M","G","24",FALSE
"j_4886",1,"L","F","24",TRUE
"j_4887",1,"L","F","24",TRUE
"j_4888",1,"S","R.S","24",FALSE
"j_4889",1,"M","F","24",TRUE
"j_4890",1,"S","R.S","24",FALSE
"j_4891",1,"L","N","24",TRUE
"j_4892",1,"S","M","24",FALSE
"j_4893",1,"M","M","24",TRUE
"j_4894",1,"S","G","24",FALSE
"j_4895",1,"L","C","24",FALSE
"j_4896",1,"S","C","24",TRUE
"j_4897",1,"M","G","24",FALSE
"j_4898",1,"S","R.S","24",TRUE
"j_4899",1,"S","H","24",FALSE
"j_4900",1,"M","C","24",TRUE
"j_4901",1,"S","F","24",TRUE
"j_4902",1,"S","I","24",TRUE
"j_4903",1,"M","C","24",FALSE
"j_4904",1,"M","G","24",TRUE
"j_4905",1,"L","F","24",TRUE
"j_4906",1,"M","F","24",TRUE
"j_4907",1,"M","G","14",TRUE
"j_4908",1,"L","C","32",FALSE
"j_4909",1,"S","G","24",FALSE
"j_4910",1,"M","Q","24",FALSE
"j_4911",1,"S","G","24",TRUE
"j_4912",1,"M","C","24",TRUE
"j_4913",1,"M","G","24",TRUE
"j_4914",1,"L","C","24",TRUE
"j_4915",1,"S","I","24",FALSE
"j_4916",1,"M","G","24",TRUE
"j_4917",1,"L","C","24",FALSE
"j_4918",1,"S","G","24",FALSE
"j_4919",1,"L","G","24",FALSE
"j_4920",1,"S","G","24",TRUE
"j_4921",1,"L","P","24",TRUE
"j_4922",1,"S","C","24",TRUE
"j_4923",1,"S","F","24",TRUE
"j_4924",1,"S","R.S","24",FALSE
"j_4925",0,"L","K.L","24",TRUE
"j_4926",1,"S","F","24",TRUE
"j_4927",1,"S","I","24",FALSE
"j_4928",1,"S","G","24",FALSE
"j_4929",1,"S","C","24",TRUE
"j_4930",1,"S","G","24",FALSE
"j_4931",1,"S","I","24",FALSE
"j_4932",1,"S","R.S","24",FALSE
"j_4933",1,"M","C","24",TRUE
"j_4934",1,"S","H","24",TRUE
"j_4935",1,"M","G","24",FALSE
"j_4936",1,"L","C","24",TRUE
"j_4937",1,"S","I","24",TRUE
"j_4938",1,"M","G","24",TRUE
"j_4939",1,"S","G","24",FALSE
"j_4940",1,"S","G","24",TRUE
"j_4941",1,"M","J","24",TRUE
"j_4942",1,"M","G","24",TRUE
"j_4943",1,"M","G","24",TRUE
"j_4944",1,"L","N","24",FALSE
"j_4945",1,"M","C","24",FALSE
"j_4946",1,"M","F","24",TRUE
"j_4947",1,"S","F","24",TRUE
"j_4948",1,"M","Q","12",FALSE
"j_4949",1,"M","G","24",FALSE
"j_4950",1,"S","F","24",TRUE
"j_4951",1,"M","G","24",TRUE
"j_4952",1,"S","F","24",TRUE
"j_4953",1,"S","G","24",FALSE
"j_4954",1,"M","C","24",TRUE
"j_4955",1,"S","R.S","24",TRUE
"j_4956",1,"L","G","24",TRUE
"j_4957",1,"S","G","24",FALSE
"j_4958",1,"S","F","24",TRUE
"j_4959",1,"M","G","24",TRUE
"j_4960",1,"M","C","24",TRUE
"j_4961",1,"S","M","24",TRUE
"j_4962",1,"S","G","24",FALSE
"j_4963",1,"S","F","24",TRUE
"j_4964",1,"S","Q","24",TRUE
"j_4965",1,"S","M","24",TRUE
"j_4966",1,"L","C","28",TRUE
"j_4967",1,"M","F","28",TRUE
"j_4968",1,"S","I","28",TRUE
"j_4969",1,"S","M","28",TRUE
"j_4970",1,"S","F","28",TRUE
"j_4971",1,"S","H","28",FALSE
"j_4972",1,"L","C","28",FALSE
"j_4973",1,"S","K.L","28",TRUE
"j_4974",1,"M","C","28",TRUE
"j_4975",1,"S","I","28",FALSE
"j_4976",1,"S","F","28",FALSE
"j_4977",1,"M","G","28",FALSE
"j_4978",1,"S","C","04",TRUE
"j_4979",1,"S","G","28",TRUE
"j_4980",1,"S","G","28",FALSE
"j_4981",1,"L","C","28",FALSE
"j_4982",1,"S","R.S","28",TRUE
"j_4983",1,"S","F","28",TRUE
"j_4984",1,"S","I","28",FALSE
"j_4985",1,"M","G","28",TRUE
"j_4986",1,"M","Q","28",TRUE
"j_4987",1,"S","R.S","28",FALSE
"j_4988",1,"L","F","28",TRUE
"j_4989",1,"M","G","28",FALSE
"j_4990",1,"M","C","28",TRUE
"j_4991",1,"S","F","28",TRUE
"j_4992",1,"M","G","28",FALSE
"j_4993",1,"S","G","28",TRUE
"j_4994",1,"S","G","28",FALSE
"j_4995",1,"M","C","28",FALSE
"j_4996",0,"M","D.E","28",TRUE
"j_4997",1,"S","F","28",TRUE
"j_4998",1,"M","C","28",TRUE
"j_4999",1,"M","C","28",FALSE
"j_5000",1,"S","G","28",FALSE
"j_5001",1,"S","F","28",TRUE
"j_5002",0,"L","Q","28",FALSE
"j_5003",1,"M","C","28",TRUE
"j_5004",1,"S","G","28",FALSE
"j_5005",1,"S","G","28",TRUE
"j_5006",1,"M","G","28",FALSE
"j_5007",1,"S","G","28",FALSE
"j_5008",1,"S","G","28",TRUE
"j_5009",1,"S","K.L","28",TRUE
"j_5010",1,"M","P","28",FALSE
"j_5011",1,"S","F","28",TRUE
"j_5012",1,"M","I","28",TRUE
"j_5013",1,"S","F","28",TRUE
"j_5014",1,"M","C","28",TRUE
"j_5015",1,"L","C","28",TRUE
"j_5016",1,"S","G","28",TRUE
"j_5017",1,"L","N","28",TRUE
"j_5018",1,"S","F","28",TRUE
"j_5019",1,"M","F","28",FALSE
"j_5020",1,"S","I","28",TRUE
"j_5021",0,"M","D.E","28",FALSE
"j_5022",1,"S","G","28",TRUE
"j_5023",1,"M","C","28",FALSE
"j_5024",1,"M","F","28",TRUE
"j_5025",1,"M","D.E","28",FALSE
"j_5026",1,"S","G","28",FALSE
"j_5027",1,"S","R.S","28",TRUE
"j_5028",1,"S","F","28",TRUE
"j_5029",1,"S","K.L","28",TRUE
"j_5030",1,"M","H","28",TRUE
"j_5031",1,"S","F","28",TRUE
"j_5032",1,"S","N","28",FALSE
"j_5033",1,"S","C","28",TRUE
"j_5034",1,"M","F","28",TRUE
"j_5035",0,"M","Q","28",TRUE
"j_5036",0,"L","P","28",TRUE
"j_5037",1,"S","C","28",FALSE
"j_5038",1,"M","F","28",TRUE
"j_5039",1,"S","G","28",TRUE
"j_5040",1,"S","C","28",TRUE
"j_5041",1,"S","F","28",TRUE
"j_5042",1,"M","I","28",FALSE
"j_5043",1,"S","G","28",TRUE
"j_5044",0,"L","P","28",TRUE
"j_5045",1,"S","I","28",TRUE
"j_5046",1,"M","C","28",FALSE
"j_5047",1,"S","M","28",TRUE
"j_5048",1,"L","C","28",TRUE
"j_5049",1,"M","H","28",TRUE
"j_5050",1,"S","F","28",TRUE
"j_5051",1,"M","G","28",FALSE
"j_5052",1,"S","G","28",FALSE
"j_5053",1,"L","D.E","28",TRUE
"j_5054",1,"S","C","28",FALSE
"j_5055",0,"M","P","28",TRUE
"j_5056",1,"S","P","28",TRUE
"j_5057",1,"M","P","28",TRUE
"j_5058",1,"M","F","28",TRUE
"j_5059",1,"S","F","28",TRUE
"j_5060",1,"M","P","28",TRUE
"j_5061",1,"L","N","28",FALSE
"j_5062",1,"S","G","28",TRUE
"j_5063",1,"M","C","28",FALSE
"j_5064",1,"S","M","28",TRUE
"j_5065",1,"M","G","28",TRUE
"j_5066",1,"S","G","28",FALSE
"j_5067",0,"M","D.E","28",TRUE
"j_5068",1,"L","C","28",TRUE
"j_5069",1,"L","G","28",FALSE
"j_5070",1,"S","N","28",TRUE
"j_5071",1,"S","N","28",TRUE
"j_5072",1,"S","I","28",TRUE
"j_5073",1,"S","R.S","28",FALSE
"j_5074",1,"M","C","28",FALSE
"j_5075",1,"S","F","28",TRUE
"j_5076",1,"S","F","28",TRUE
"j_5077",1,"S","H","28",TRUE
"j_5078",1,"S","C","28",TRUE
"j_5079",1,"M","I","28",FALSE
"j_5080",1,"S","G","28",TRUE
"j_5081",1,"S","P","28",TRUE
"j_5082",1,"S","G","28",TRUE
"j_5083",1,"L","G","28",FALSE
"j_5084",1,"S","K.L","28",TRUE
"j_5085",1,"M","C","28",FALSE
"j_5086",1,"S","Q","28",FALSE
"j_5087",1,"S","F","28",TRUE
"j_5088",1,"S","G","28",FALSE
"j_5089",1,"S","R.S","28",TRUE
"j_5090",1,"M","G","28",TRUE
"j_5091",1,"S","G","28",FALSE
"j_5092",0,"M","Q","28",FALSE
"j_5093",1,"M","C","28",TRUE
"j_5094",1,"S","F","28",TRUE
"j_5095",1,"L","C","26",TRUE
"j_5096",1,"S","G","26",TRUE
"j_5097",1,"M","F","26",TRUE
"j_5098",1,"M","F","26",FALSE
"j_5099",1,"M","C","26",TRUE
"j_5100",1,"S","F","26",TRUE
"j_5101",1,"L","N","02",TRUE
"j_5102",1,"S","F","26",TRUE
"j_5103",1,"M","C","26",TRUE
"j_5104",1,"L","C","26",FALSE
"j_5105",1,"M","C","26",TRUE
"j_5106",1,"S","C","26",TRUE
"j_5107",1,"M","F","26",TRUE
"j_5108",1,"S","F","26",TRUE
"j_5109",1,"S","C","26",TRUE
"j_5110",1,"L","C","26",TRUE
"j_5111",1,"L","C","26",FALSE
"j_5112",0,"L","N","26",TRUE
"j_5113",1,"M","C","26",TRUE
"j_5114",1,"L","C","26",FALSE
"j_5115",1,"L","F","12",TRUE
"j_5116",1,"M","C","26",TRUE
"j_5117",1,"L","G","26",FALSE
"j_5118",1,"L","G","26",FALSE
"j_5119",1,"M","I","26",FALSE
"j_5120",1,"L","G","26",TRUE
"j_5121",1,"L","K.L","02",TRUE
"j_5122",1,"M","C","26",FALSE
"j_5123",1,"L","C","06",FALSE
"j_5124",1,"S","F","26",TRUE
"j_5125",1,"S","G","26",FALSE
"j_5126",1,"L","F","26",TRUE
"j_5127",1,"M","C","26",TRUE
"j_5128",1,"M","F","26",TRUE
"j_5129",1,"L","C","26",FALSE
"j_5130",1,"S","F","12",TRUE
"j_5131",1,"L","C","26",FALSE
"j_5132",1,"S","G","26",TRUE
"j_5133",1,"S","G","26",TRUE
"j_5134",1,"S","F","26",FALSE
"j_5135",1,"L","C","26",TRUE
"j_5136",1,"L","N","26",FALSE
"j_5137",1,"M","F","26",TRUE
"j_5138",1,"S","G","26",TRUE
"j_5139",1,"M","C","24",TRUE
"j_5140",1,"L","K.L","26",TRUE
"j_5141",1,"L","Q","26",FALSE
"j_5142",1,"S","C","26",TRUE
"j_5143",1,"S","C","26",TRUE
"j_5144",1,"M","G","26",TRUE
"j_5145",1,"M","C","26",TRUE
"j_5146",1,"S","K.L","26",TRUE
"j_5147",1,"S","G","26",TRUE
"j_5148",1,"S","N","26",TRUE
"j_5149",1,"S","G","26",TRUE
"j_5150",1,"S","H","26",TRUE
"j_5151",1,"S","F","26",TRUE
"j_5152",1,"S","C","26",FALSE
"j_5153",1,"M","G","26",TRUE
"j_5154",1,"M","N","26",TRUE
"j_5155",1,"S","G","26",TRUE
"j_5156",1,"M","H","26",TRUE
"j_5157",1,"S","G","26",TRUE
"j_5158",1,"M","N","26",TRUE
"j_5159",1,"L","C","26",FALSE
"j_5160",1,"L","G","26",TRUE
"j_5161",1,"S","G","26",FALSE
"j_5162",1,"S","K.L","26",FALSE
"j_5163",1,"S","I","26",TRUE
"j_5164",1,"S","C","26",TRUE
"j_5165",1,"S","R.S","26",TRUE
"j_5166",0,"M","Q","26",TRUE
"j_5167",0,"L","K.L","26",TRUE
"j_5168",1,"L","Q","26",TRUE
"j_5169",1,"S","G","26",TRUE
"j_5170",1,"L","C","26",FALSE
"j_5171",1,"M","P","26",TRUE
"j_5172",1,"S","C","26",TRUE
"j_5173",1,"S","J","26",TRUE
"j_5174",1,"S","D.E","26",TRUE
"j_5175",0,"L","P","26",TRUE
"j_5176",1,"M","Q","26",FALSE
"j_5177",1,"L","C","26",FALSE
"j_5178",1,"L","G","26",TRUE
"j_5179",1,"S","M","12",TRUE
"j_5180",1,"L","G","26",FALSE
"j_5181",1,"S","F","26",TRUE
"j_5182",1,"S","K.L","26",TRUE
"j_5183",0,"M","Q","26",TRUE
"j_5184",0,"M","P","26",TRUE
"j_5185",1,"S","C","26",TRUE
"j_5186",1,"M","G","26",TRUE
"j_5187",1,"L","C","26",TRUE
"j_5188",1,"L","H","26",FALSE
"j_5189",1,"M","H","26",FALSE
"j_5190",1,"S","G","26",FALSE
"j_5191",1,"L","C","26",TRUE
"j_5192",1,"M","F","26",TRUE
"j_5193",1,"S","C","26",TRUE
"j_5194",1,"L","G","26",TRUE
"j_5195",0,"L","P","26",FALSE
"j_5196",1,"M","I","26",FALSE
"j_5197",1,"M","C","26",TRUE
"j_5198",1,"M","C","26",FALSE
"j_5199",1,"L","G","26",TRUE
"j_5200",1,"S","M","26",TRUE
"j_5201",1,"S","R.S","26",FALSE
"j_5202",1,"S","G","26",TRUE
"j_5203",1,"M","M","26",FALSE
"j_5204",1,"S","D.E","26",TRUE
"j_5205",1,"S","F","26",TRUE
"j_5206",1,"M","G","26",FALSE
"j_5207",1,"L","C","26",TRUE
"j_5208",1,"S","R.S","26",FALSE
"j_5209",1,"S","M","26",TRUE
"j_5210",1,"S","F","16",FALSE
"j_5211",1,"M","C","30",TRUE
"j_5212",1,"S","G","30",FALSE
"j_5213",1,"S","G","30",TRUE
"j_5214",1,"S","H","30",TRUE
"j_5215",1,"L","C","30",FALSE
"j_5216",1,"L","C","30",FALSE
"j_5217",1,"S","G","30",TRUE
"j_5218",1,"L","G","30",FALSE
"j_5219",1,"S","R.S","30",FALSE
"j_5220",1,"L","G","30",FALSE
"j_5221",1,"M","I","30",FALSE
"j_5222",1,"M","C","30",TRUE
"j_5223",1,"M","N","30",TRUE
"j_5224",1,"M","F","30",TRUE
"j_5225",1,"L","C","30",TRUE
"j_5226",1,"S","C","10",TRUE
"j_5227",1,"S","I","30",TRUE
"j_5228",1,"S","H","30",FALSE
"j_5229",1,"L","C","30",TRUE
"j_5230",1,"M","G","30",TRUE
"j_5231",1,"S","F","30",TRUE
"j_5232",1,"M","C","30",FALSE
"j_5233",1,"S","C","30",TRUE
"j_5234",1,"M","G","30",FALSE
"j_5235",1,"L","C","30",FALSE
"j_5236",1,"S","G","30",TRUE
"j_5237",1,"S","F","30",TRUE
"j_5238",1,"S","H","30",FALSE
"j_5239",1,"M","H","30",FALSE
"j_5240",1,"M","H","30",TRUE
"j_5241",1,"S","H","30",FALSE
"j_5242",1,"S","F","30",TRUE
"j_5243",1,"M","H","30",FALSE
"j_5244",1,"L","C","30",FALSE
"j_5245",0,"M","Q","30",TRUE
"j_5246",0,"M","R.S","30",FALSE
"j_5247",1,"S","C","30",TRUE
"j_5248",1,"L","C","30",TRUE
"j_5249",1,"S","F","30",TRUE
"j_5250",1,"M","F","30",TRUE
"j_5251",1,"M","G","30",TRUE
"j_5252",1,"S","K.L","30",TRUE
"j_5253",1,"S","C","30",TRUE
"j_5254",1,"S","F","30",TRUE
"j_5255",1,"S","G","30",TRUE
"j_5256",1,"S","F","30",TRUE
"j_5257",1,"L","C","30",TRUE
"j_5258",1,"S","R.S","30",TRUE
"j_5259",1,"S","F","30",TRUE
"j_5260",1,"S","H","30",TRUE
"j_5261",1,"S","G","30",TRUE
"j_5262",1,"M","F","30",TRUE
"j_5263",1,"L","N","30",TRUE
"j_5264",1,"S","G","30",TRUE
"j_5265",1,"M","C","30",TRUE
"j_5266",1,"M","I","30",FALSE
"j_5267",1,"S","G","30",TRUE
"j_5268",1,"S","I","30",FALSE
"j_5269",1,"S","G","30",TRUE
"j_5270",1,"S","K.L","30",TRUE
"j_5271",0,"M","D.E","30",TRUE
"j_5272",1,"S","F","30",TRUE
"j_5273",1,"L","G","30",TRUE
"j_5274",1,"S","G","30",TRUE
"j_5275",1,"L","C","30",FALSE
"j_5276",1,"S","H","30",TRUE
"j_5277",1,"L","G","30",FALSE
"j_5278",1,"L","G","30",FALSE
"j_5279",1,"S","N","30",TRUE
"j_5280",1,"M","F","30",TRUE
"j_5281",1,"S","C","30",TRUE
"j_5282",1,"S","C","30",TRUE
"j_5283",1,"S","F","30",TRUE
"j_5284",1,"S","N","30",TRUE
"j_5285",1,"S","G","30",FALSE
"j_5286",1,"M","F","30",TRUE
"j_5287",1,"M","G","30",FALSE
"j_5288",1,"M","F","30",TRUE
"j_5289",1,"S","I","04",TRUE
"j_5290",1,"M","C","30",TRUE
"j_5291",1,"M","F","30",TRUE
"j_5292",1,"S","G","30",TRUE
"j_5293",1,"S","I","30",TRUE
"j_5294",0,"M","R.S","30",FALSE
"j_5295",1,"L","N","30",TRUE
"j_5296",1,"M","M","30",TRUE
"j_5297",1,"L","D.E","30",FALSE
"j_5298",1,"L","N","30",TRUE
"j_5299",1,"S","I","30",FALSE
"j_5300",1,"M","C","30",TRUE
"j_5301",1,"L","N","30",FALSE
"j_5302",1,"S","H","30",FALSE
"j_5303",1,"M","G","30",FALSE
"j_5304",1,"M","C","30",FALSE
"j_5305",1,"S","F","30",TRUE
"j_5306",1,"M","G","30",TRUE
"j_5307",1,"M","G","30",TRUE
"j_5308",1,"M","C","30",TRUE
"j_5309",0,"L","Q","30",FALSE
"j_5310",1,"S","F","30",TRUE
"j_5311",1,"S","F","30",TRUE
"j_5312",1,"S","G","30",TRUE
"j_5313",1,"M","F","30",TRUE
"j_5314",1,"M","G","30",TRUE
"j_5315",1,"M","C","30",FALSE
"j_5316",1,"S","R.S","30",TRUE
"j_5317",1,"M","G","06",FALSE
"j_5318",1,"M","G","08",TRUE
"j_5319",1,"S","G","30",FALSE
"j_5320",1,"M","H","30",FALSE
"j_5321",1,"S","F","30",TRUE
"j_5322",1,"M","G","16",FALSE
"j_5323",1,"S","G","02",FALSE
"j_5324",1,"M","G","30",FALSE
"j_5325",1,"L","C","30",FALSE
"j_5326",1,"L","C","30",FALSE
"j_5327",0,"L","M","14",TRUE
"j_5328",1,"S","M","30",TRUE
"j_5329",1,"L","H","30",TRUE
"j_5330",1,"L","C","30",FALSE
"j_5331",1,"S","I","30",TRUE
"j_5332",1,"S","I","30",FALSE
"j_5333",1,"M","F","30",TRUE
"j_5334",1,"M","G","30",TRUE
"j_5335",1,"M","F","30",TRUE
"j_5336",1,"L","G","30",FALSE
"j_5337",1,"M","H","30",TRUE
"j_5338",1,"L","G","30",FALSE
"j_5339",1,"S","H","30",FALSE
"j_5340",0,"M","I","30",TRUE
"j_5341",1,"S","C","30",TRUE
"j_5342",1,"S","G","30",TRUE
"j_5343",1,"M","C","30",TRUE
"j_5344",1,"S","F","30",TRUE
"j_5345",1,"L","C","30",FALSE
"j_5346",1,"S","G","30",FALSE
"j_5347",1,"M","J","30",TRUE
"j_5348",1,"S","I","30",FALSE
"j_5349",1,"S","I","30",FALSE
"j_5350",1,"M","C","30",TRUE
"j_5351",1,"M","I","30",TRUE
"j_5352",0,"S","Q","30",TRUE
"j_5353",1,"M","F","30",TRUE
"j_5354",1,"M","R.S","30",FALSE
"j_5355",1,"S","G","30",FALSE
"j_5356",1,"S","F","30",TRUE
"j_5357",1,"M","C","30",FALSE
"j_5358",1,"M","H","30",TRUE
"j_5359",1,"S","N","30",TRUE
"j_5360",1,"L","N","30",FALSE
"j_5361",1,"M","C","30",FALSE
"j_5362",1,"L","F","30",TRUE
"j_5363",1,"S","K.L","30",TRUE
"j_5364",1,"M","C","30",TRUE
"j_5365",1,"M","C","30",FALSE
"j_5366",1,"M","P","30",TRUE
"j_5367",1,"S","F","30",TRUE
"j_5368",1,"M","N","30",TRUE
"j_5369",1,"L","C","30",TRUE
"j_5370",1,"S","N","30",FALSE
"j_5371",1,"S","M","30",TRUE
"j_5372",1,"M","G","30",TRUE
"j_5373",1,"S","I","30",FALSE
"j_5374",1,"S","I","30",TRUE
"j_5375",1,"M","G","30",TRUE
"j_5376",1,"S","F","30",TRUE
"j_5377",0,"M","P","30",TRUE
"j_5378",1,"L","F","12",TRUE
"j_5379",1,"M","G","30",TRUE
"j_5380",0,"S","Q","30",FALSE
"j_5381",1,"S","K.L","30",FALSE
"j_5382",1,"M","P","30",TRUE
"j_5383",1,"L","C","30",FALSE
"j_5384",1,"S","H","30",FALSE
"j_5385",1,"L","C","30",FALSE
"j_5386",1,"S","C","30",TRUE
"j_5387",1,"M","G","30",TRUE
"j_5388",1,"S","K.L","30",TRUE
"j_5389",1,"M","H","30",FALSE
"j_5390",1,"L","F","30",TRUE
"j_5391",0,"M","P","30",FALSE
"j_5392",1,"S","G","30",FALSE
"j_5393",1,"M","C","30",FALSE
"j_5394",1,"L","C","30",FALSE
"j_5395",1,"M","G","30",FALSE
"j_5396",1,"S","R.S","30",FALSE
"j_5397",1,"M","G","30",FALSE
"j_5398",1,"M","G","10",FALSE
"j_5399",1,"S","C","22",TRUE
"j_5400",1,"M","G","24",FALSE
"j_5401",1,"S","G","30",FALSE
"j_5402",1,"M","F","30",TRUE
"j_5403",1,"L","C","30",FALSE
"j_5404",1,"M","F","30",TRUE
"j_5405",1,"S","G","30",TRUE
"j_5406",1,"S","K.L","30",TRUE
"j_5407",1,"M","D.E","30",TRUE
"j_5408",1,"M","G","30",TRUE
"j_5409",1,"S","F","30",TRUE
"j_5410",1,"S","G","30",TRUE
"j_5411",1,"S","R.S","30",FALSE
"j_5412",1,"S","R.S","30",TRUE
"j_5413",1,"M","H","30",FALSE
"j_5414",1,"M","F","30",TRUE
"j_5415",1,"S","G","30",TRUE
"j_5416",1,"S","N","30",TRUE
"j_5417",1,"M","G","14",FALSE
"j_5418",1,"L","M","30",TRUE
"j_5419",1,"S","G","30",FALSE
"j_5420",1,"S","G","30",TRUE
"j_5421",1,"L","G","30",FALSE
"j_5422",1,"S","G","30",TRUE
"j_5423",1,"M","C","30",TRUE
"j_5424",1,"S","C","30",TRUE
"j_5425",1,"M","G","30",TRUE
"j_5426",1,"M","C","30",TRUE
"j_5427",1,"M","G","30",FALSE
"j_5428",1,"S","F","30",TRUE
"j_5429",0,"M","Q","30",TRUE
"j_5430",1,"S","H","30",FALSE
"j_5431",1,"S","C","30",TRUE
"j_5432",0,"M","D.E","30",TRUE
"j_5433",1,"M","C","30",TRUE
"j_5434",1,"S","C","30",TRUE
"j_5435",1,"M","C","30",TRUE
"j_5436",1,"M","G","30",TRUE
"j_5437",1,"S","F","30",TRUE
"j_5438",1,"M","C","30",FALSE
"j_5439",1,"S","I","30",TRUE
"j_5440",1,"S","F","30",TRUE
"j_5441",1,"L","G","30",TRUE
"j_5442",1,"M","G","30",FALSE
"j_5443",0,"S","R.S","30",TRUE
"j_5444",0,"M","P","30",FALSE
"j_5445",0,"M","D.E","30",FALSE
"j_5446",1,"L","C","30",TRUE
"j_5447",1,"S","F","30",TRUE
"j_5448",1,"M","G","30",TRUE
"j_5449",1,"S","M","30",TRUE
"j_5450",1,"M","H","30",TRUE
"j_5451",0,"M","Q","30",TRUE
"j_5452",1,"S","C","30",TRUE
"j_5453",1,"S","G","30",TRUE
"j_5454",0,"M","D.E","30",TRUE
"j_5455",1,"M","F","30",TRUE
"j_5456",1,"S","M","30",TRUE
"j_5457",1,"L","M","30",TRUE
"j_5458",1,"S","G","30",FALSE
"j_5459",0,"M","D.E","30",TRUE
"j_5460",1,"S","R.S","30",TRUE
"j_5461",1,"S","R.S","30",TRUE
"j_5462",1,"L","G","30",FALSE
"j_5463",1,"S","I","30",FALSE
"j_5464",1,"S","R.S","30",TRUE
"j_5465",1,"S","G","32",TRUE
"j_5466",1,"L","C","32",FALSE
"j_5467",1,"S","D.E","22",TRUE
"j_5468",1,"S","F","32",TRUE
"j_5469",1,"S","G","32",FALSE
"j_5470",1,"M","F","32",TRUE
"j_5471",1,"S","G","32",TRUE
"j_5472",1,"L","C","32",FALSE
"j_5473",1,"L","F","32",TRUE
"j_5474",1,"M","K.L","32",TRUE
"j_5475",1,"L","C","32",FALSE
"j_5476",1,"M","M","32",TRUE
"j_5477",1,"S","G","32",TRUE
"j_5478",1,"L","C","32",TRUE
"j_5479",1,"S","G","32",TRUE
"j_5480",1,"S","H","32",FALSE
"j_5481",1,"S","G","32",TRUE
"j_5482",1,"S","G","32",FALSE
"j_5483",1,"M","F","32",TRUE
"j_5484",1,"M","C","32",TRUE
"j_5485",1,"S","I","32",FALSE
"j_5486",1,"M","H","32",TRUE
"j_5487",1,"M","G","32",TRUE
"j_5488",1,"L","C","32",FALSE
"j_5489",1,"M","C","32",TRUE
"j_5490",1,"L","C","32",FALSE
"j_5491",1,"M","K.L","32",TRUE
"j_5492",1,"M","P","32",TRUE
"j_5493",1,"S","K.L","32",TRUE
"j_5494",1,"S","F","32",TRUE
"j_5495",1,"S","G","32",TRUE
"j_5496",1,"M","C","32",TRUE
"j_5497",1,"M","C","32",TRUE
"j_5498",1,"S","G","32",FALSE
"j_5499",1,"S","G","32",TRUE
"j_5500",1,"S","F","32",TRUE
"j_5501",1,"L","Q","04",FALSE
"j_5502",1,"S","I","32",FALSE
"j_5503",1,"S","Q","32",TRUE
"j_5504",1,"M","F","32",TRUE
"j_5505",1,"S","K.L","32",FALSE
"j_5506",1,"S","R.S","32",TRUE
"j_5507",0,"L","Q","32",FALSE
"j_5508",1,"S","G","32",FALSE
"j_5509",1,"S","J","32",TRUE
"j_5510",1,"S","P","32",TRUE
"j_5511",1,"M","I","32",FALSE
"j_5512",1,"S","M","32",TRUE
"j_5513",1,"S","R.S","32",FALSE
"j_5514",1,"M","F","32",TRUE
"j_5515",1,"S","G","32",TRUE
"j_5516",1,"L","C","14",TRUE
"j_5517",1,"S","C","32",TRUE
"j_5518",0,"L","Q","32",TRUE
"j_5519",1,"M","C","32",TRUE
"j_5520",1,"S","I","32",FALSE
"j_5521",1,"M","C","32",FALSE
"j_5522",1,"M","M","32",TRUE
"j_5523",1,"M","P","32",FALSE
"j_5524",1,"S","F","32",TRUE
"j_5525",1,"S","I","32",FALSE
"j_5526",0,"M","P","32",TRUE
"j_5527",0,"M","P","32",TRUE
"j_5528",1,"S","F","32",TRUE
"j_5529",1,"S","F","32",TRUE
"j_5530",1,"S","C","32",TRUE
"j_5531",1,"M","G","32",TRUE
"j_5532",1,"M","C","10",TRUE
"j_5533",0,"M","P","32",TRUE
"j_5534",0,"M","P","32",TRUE
"j_5535",0,"L","P","32",FALSE
"j_5536",1,"S","G","32",FALSE
"j_5537",0,"M","Q","32",TRUE
"j_5538",1,"L","C","32",TRUE
"j_5539",1,"S","M","32",TRUE
"j_5540",1,"S","G","32",TRUE
"j_5541",1,"M","C","32",TRUE
"j_5542",1,"S","I","32",TRUE
"j_5543",1,"S","F","32",TRUE
"j_5544",1,"S","F","32",TRUE
"j_5545",1,"M","G","32",TRUE
"j_5546",1,"S","N","32",TRUE
"j_5547",1,"S","R.S","32",FALSE
"j_5548",1,"S","N","32",TRUE
"j_5549",1,"S","F","32",TRUE
"j_5550",1,"M","F","32",TRUE
"j_5551",1,"S","H","32",FALSE
"j_5552",0,"L","O","32",TRUE
"j_5553",0,"M","R.S","32",TRUE
"j_5554",1,"S","C","32",TRUE
"j_5555",1,"S","F","32",TRUE
"j_5556",1,"S","C","32",TRUE
"j_5557",1,"M","C","32",TRUE
"j_5558",1,"M","M","32",TRUE
"j_5559",1,"S","M","32",FALSE
"j_5560",1,"S","G","32",TRUE
"j_5561",0,"M","P","32",TRUE
"j_5562",1,"S","C","32",TRUE
"j_5563",1,"M","P","32",TRUE
"j_5564",1,"M","P","32",FALSE
"j_5565",1,"S","H","32",FALSE
"j_5566",1,"S","P","32",TRUE
"j_5567",1,"M","C","32",TRUE
"j_5568",1,"S","F","32",TRUE
"j_5569",1,"M","P","32",TRUE
"j_5570",1,"S","H","32",FALSE
"j_5571",1,"L","F","32",TRUE
"j_5572",1,"S","F","32",TRUE
"j_5573",1,"M","C","32",TRUE
"j_5574",1,"S","R.S","32",TRUE
"j_5575",1,"S","G","32",TRUE
"j_5576",1,"S","F","32",TRUE
"j_5577",1,"S","G","32",TRUE
"j_5578",1,"S","G","32",FALSE
"j_5579",1,"S","G","32",TRUE
"j_5580",1,"S","C","02",TRUE
"j_5581",1,"M","G","32",TRUE
"j_5582",1,"S","F","32",TRUE
"j_5583",1,"M","Q","32",FALSE
"j_5584",1,"S","G","32",FALSE
"j_5585",1,"M","H","32",FALSE
"j_5586",1,"S","H","32",TRUE
"j_5587",1,"S","C","32",TRUE
"j_5588",1,"S","G","32",TRUE
"j_5589",0,"M","P","32",TRUE
"j_5590",1,"S","I","32",TRUE
"j_5591",1,"M","I","32",FALSE
"j_5592",1,"M","I","32",FALSE
"j_5593",1,"M","F","32",TRUE
"j_5594",1,"M","F","32",TRUE
"j_5595",0,"L","Q","32",FALSE
"j_5596",0,"L","O","32",TRUE
"j_5597",1,"M","J","32",TRUE
"j_5598",1,"S","I","32",TRUE
"j_5599",1,"S","F","32",TRUE
"j_5600",1,"M","G","32",TRUE
"j_5601",1,"M","I","32",TRUE
"j_5602",1,"S","C","32",TRUE
"j_5603",1,"S","F","32",TRUE
"j_5604",1,"S","G","32",TRUE
"j_5605",0,"M","K.L","32",TRUE
"j_5606",1,"S","F","32",TRUE
"j_5607",0,"L","D.E","32",TRUE
"j_5608",1,"S","I","32",FALSE
"j_5609",1,"L","G","32",FALSE
"j_5610",1,"S","I","32",TRUE
"j_5611",0,"L","H","32",FALSE
"j_5612",0,"L","D.E","32",FALSE
"j_5613",0,"M","P","32",FALSE
"j_5614",1,"S","F","32",TRUE
"j_5615",1,"M","I","32",TRUE
"j_5616",1,"S","F","32",TRUE
"j_5617",1,"S","C","32",TRUE
"j_5618",1,"S","G","32",TRUE
"j_5619",1,"L","F","32",TRUE
"j_5620",1,"M","I","32",FALSE
"j_5621",1,"M","F","32",TRUE
"j_5622",1,"S","G","32",FALSE
"j_5623",1,"S","G","32",FALSE
"j_5624",1,"M","G","32",TRUE
"j_5625",0,"M","P","32",TRUE
"j_5626",0,"L","P","32",TRUE
"j_5627",0,"L","P","32",FALSE
"j_5628",0,"L","P","32",FALSE
"j_5629",0,"L","P","32",TRUE
"j_5630",0,"L","P","32",FALSE
"j_5631",1,"S","G","32",FALSE
"j_5632",1,"M","I","32",TRUE
"j_5633",1,"M","G","32",TRUE
"j_5634",1,"L","Q","32",FALSE
"j_5635",1,"S","M","32",TRUE
"j_5636",1,"M","I","32",FALSE
"j_5637",1,"M","C","32",FALSE
"j_5638",1,"S","G","32",TRUE
"j_5639",1,"L","C","32",FALSE
"j_5640",0,"M","Q","32",TRUE
"j_5641",1,"L","I","32",TRUE
"j_5642",1,"S","K.L","32",TRUE
"j_5643",1,"L","C","28",TRUE
"j_5644",1,"M","F","32",TRUE
"j_5645",1,"M","I","32",FALSE
"j_5646",1,"M","G","32",FALSE
"j_5647",1,"S","F","32",TRUE
"j_5648",1,"L","I","32",FALSE
"j_5649",1,"S","G","32",TRUE
"j_5650",1,"L","G","32",TRUE
"j_5651",1,"M","I","32",TRUE
"j_5652",0,"M","Q","32",FALSE
"j_5653",0,"L","D.E","32",FALSE
"j_5654",0,"M","P","32",TRUE
"j_5655",0,"M","O","32",TRUE
"j_5656",1,"M","I","32",FALSE
"j_5657",0,"M","H","32",FALSE
"j_5658",1,"S","F","32",TRUE
"j_5659",1,"S","G","32",FALSE
"j_5660",1,"S","F","32",TRUE
"j_5661",1,"S","F","32",TRUE
"j_5662",0,"M","O","32",TRUE
"j_5663",1,"L","C","32",TRUE
"j_5664",1,"S","I","32",TRUE
"j_5665",1,"S","Q","32",TRUE
"j_5666",1,"S","G","32",TRUE
"j_5667",1,"L","C","32",TRUE
"j_5668",0,"L","Q","32",FALSE
"j_5669",1,"L","H","18",FALSE
"j_5670",0,"M","Q","32",FALSE
"j_5671",1,"S","I","32",FALSE
"j_5672",1,"S","G","32",FALSE
"j_5673",1,"S","G","32",TRUE
"j_5674",1,"S","I","32",FALSE
"j_5675",0,"M","K.L","32",TRUE
"j_5676",1,"L","N","32",FALSE
"j_5677",1,"S","F","32",TRUE
"j_5678",1,"S","G","32",FALSE
"j_5679",1,"S","G","32",TRUE
"j_5680",1,"M","G","32",TRUE
"j_5681",1,"S","G","32",FALSE
"j_5682",1,"S","I","32",TRUE
"j_5683",1,"M","G","32",FALSE
"j_5684",1,"S","G","32",TRUE
"j_5685",0,"M","D.E","32",TRUE
"j_5686",1,"M","C","32",TRUE
"j_5687",0,"L","P","32",FALSE
"j_5688",1,"M","C","32",FALSE
"j_5689",1,"S","K.L","32",TRUE
"j_5690",1,"S","C","32",FALSE
"j_5691",1,"L","Q","32",FALSE
"j_5692",1,"S","G","32",TRUE
"j_5693",1,"M","F","32",TRUE
"j_5694",1,"L","C","04",TRUE
"j_5695",1,"M","G","04",TRUE
"j_5696",1,"S","F","04",TRUE
"j_5697",1,"M","D.E","04",TRUE
"j_5698",1,"S","F","14",TRUE
"j_5699",1,"M","D.E","04",TRUE
"j_5700",1,"M","C","04",TRUE
"j_5701",1,"M","C","04",TRUE
"j_5702",1,"S","G","14",TRUE
"j_5703",1,"M","C","04",FALSE
"j_5704",1,"M","C","04",TRUE
"j_5705",1,"S","F","04",TRUE
"j_5706",1,"S","R.S","04",TRUE
"j_5707",1,"S","F","04",TRUE
"j_5708",1,"S","R.S","04",TRUE
"j_5709",1,"S","R.S","04",FALSE
"j_5710",1,"S","H","04",TRUE
"j_5711",1,"M","C","04",TRUE
"j_5712",1,"S","G","04",FALSE
"j_5713",1,"L","C","04",FALSE
"j_5714",0,"L","Q","04",FALSE
"j_5715",0,"L","P","04",FALSE
"j_5716",1,"S","M","22",FALSE
"j_5717",1,"S","C","04",TRUE
"j_5718",1,"S","R.S","04",TRUE
"j_5719",1,"M","K.L","04",TRUE
"j_5720",1,"S","M","04",TRUE
"j_5721",1,"S","F","04",TRUE
"j_5722",1,"L","N","04",FALSE
"j_5723",1,"S","G","04",FALSE
"j_5724",1,"S","C","04",TRUE
"j_5725",1,"S","G","04",TRUE
"j_5726",1,"S","C","04",TRUE
"j_5727",1,"M","G","04",TRUE
"j_5728",1,"S","F","04",TRUE
"j_5729",1,"S","G","04",TRUE
"j_5730",1,"M","C","04",FALSE
"j_5731",1,"S","G","04",TRUE
"j_5732",1,"S","R.S","04",TRUE
"j_5733",1,"M","C","04",TRUE
"j_5734",1,"S","C","04",TRUE
"j_5735",1,"S","F","04",TRUE
"j_5736",1,"S","G","04",FALSE
"j_5737",1,"S","G","04",TRUE
"j_5738",0,"L","N","04",FALSE
"j_5739",1,"M","F","04",TRUE
"j_5740",1,"L","G","04",FALSE
"j_5741",1,"S","F","04",TRUE
"j_5742",1,"S","F","04",TRUE
"j_5743",1,"S","F","04",TRUE
"j_5744",1,"L","C","04",TRUE
"j_5745",1,"M","C","04",FALSE
"j_5746",1,"M","G","04",TRUE
"j_5747",1,"M","G","04",TRUE
"j_5748",1,"L","F","04",TRUE
"j_5749",0,"M","Q","04",TRUE
"j_5750",0,"L","O","04",TRUE
"j_5751",1,"S","G","04",FALSE
"j_5752",1,"L","F","04",TRUE
"j_5753",1,"L","F","14",TRUE
"j_5754",1,"S","N","04",TRUE
"j_5755",0,"M","Q","04",TRUE
"j_5756",1,"M","F","04",TRUE
"j_5757",1,"M","G","04",FALSE
"j_5758",1,"M","G","04",FALSE
"j_5759",1,"S","P","04",FALSE
"j_5760",1,"S","H","04",TRUE
"j_5761",1,"S","G","04",FALSE
"j_5762",1,"M","N","14",TRUE
"j_5763",1,"M","Q","04",TRUE
"j_5764",1,"M","R.S","04",TRUE
"j_5765",1,"S","R.S","04",TRUE
"j_5766",1,"S","F","04",TRUE
"j_5767",1,"S","H","04",TRUE
"j_5768",1,"S","F","04",TRUE
"j_5769",1,"S","I","04",TRUE
"j_5770",1,"M","G","04",TRUE
"j_5771",1,"S","G","04",FALSE
"j_5772",1,"S","C","04",TRUE
"j_5773",1,"S","G","04",TRUE
"j_5774",1,"S","F","04",TRUE
"j_5775",1,"M","K.L","04",TRUE
"j_5776",1,"S","G","04",TRUE
"j_5777",1,"S","G","04",TRUE
"j_5778",1,"L","G","04",FALSE
"j_5779",1,"S","G","04",FALSE
"j_5780",1,"S","F","04",TRUE
"j_5781",1,"M","D.E","04",TRUE
"j_5782",1,"L","G","04",FALSE
"j_5783",0,"S","R.S","04",TRUE
"j_5784",1,"S","J","04",TRUE
"j_5785",1,"S","N","04",TRUE
"j_5786",1,"S","C","04",TRUE
"j_5787",1,"L","C","04",FALSE
"j_5788",0,"M","P","04",FALSE
"j_5789",1,"S","F","04",TRUE
"j_5790",0,"M","P","04",TRUE
"j_5791",1,"S","D.E","04",TRUE
"j_5792",1,"S","G","04",TRUE
"j_5793",1,"S","C","04",TRUE
"j_5794",1,"S","C","04",TRUE
"j_5795",1,"S","F","04",TRUE
"j_5796",1,"L","N","04",TRUE
"j_5797",1,"S","F","04",TRUE
"j_5798",1,"M","G","04",FALSE
"j_5799",1,"S","I","04",TRUE
"j_5800",1,"S","I","04",FALSE
"j_5801",1,"M","C","04",TRUE
"j_5802",0,"M","D.E","04",TRUE
"j_5803",1,"M","I","04",TRUE
"j_5804",1,"M","C","04",FALSE
"j_5805",1,"L","Q","04",FALSE
"j_5806",1,"S","C","04",TRUE
"j_5807",1,"L","N","04",FALSE
"j_5808",1,"S","C","04",TRUE
"j_5809",1,"M","P","04",TRUE
"j_5810",1,"S","G","04",TRUE
"j_5811",1,"M","G","04",TRUE
"j_5812",1,"L","G","04",TRUE
"j_5813",1,"M","P","04",TRUE
"j_5814",0,"M","D.E","04",TRUE
"j_5815",1,"M","C","04",FALSE
"j_5816",1,"M","C","04",TRUE
"j_5817",1,"S","G","04",FALSE
"j_5818",1,"S","F","04",TRUE
"j_5819",0,"S","Q","04",TRUE
"j_5820",1,"M","Q","04",TRUE
"j_5821",1,"S","C","04",TRUE
"j_5822",1,"S","H","04",TRUE
"j_5823",1,"M","P","04",TRUE
"j_5824",1,"S","F","04",TRUE
"j_5825",1,"L","N","04",TRUE
"j_5826",1,"S","F","04",TRUE
"j_5827",1,"S","J","04",TRUE
"j_5828",1,"M","P","04",FALSE
"j_5829",1,"S","F","04",TRUE
"j_5830",1,"M","M","04",TRUE
"j_5831",1,"S","I","04",TRUE
"j_5832",1,"S","M","04",TRUE
"j_5833",1,"S","G","04",FALSE
"j_5834",1,"M","Q","04",TRUE
"j_5835",1,"M","G","04",TRUE
"j_5836",1,"S","C","04",FALSE
"j_5837",1,"S","I","04",TRUE
"j_5838",1,"S","G","04",FALSE
"j_5839",1,"S","G","04",TRUE
"j_5840",1,"L","N","04",FALSE
"j_5841",1,"S","F","04",TRUE
"j_5842",1,"S","C","04",TRUE
"j_5843",1,"S","Q","04",TRUE
"j_5844",1,"S","M","04",TRUE
"j_5845",0,"M","P","04",TRUE
"j_5846",1,"L","C","04",TRUE
"j_5847",1,"S","G","04",TRUE
"j_5848",1,"S","G","04",TRUE
"j_5849",1,"S","I","04",TRUE
"j_5850",1,"L","C","04",FALSE
"j_5851",1,"L","C","24",TRUE
"j_5852",1,"L","C","12",TRUE
"j_5853",1,"S","G","12",FALSE
"j_5854",1,"M","G","12",TRUE
"j_5855",1,"S","G","12",TRUE
"j_5856",1,"M","F","12",TRUE
"j_5857",1,"S","G","12",TRUE
"j_5858",1,"M","F","12",TRUE
"j_5859",1,"S","R.S","12",TRUE
"j_5860",1,"L","C","12",TRUE
"j_5861",1,"M","C","12",TRUE
"j_5862",1,"L","R.S","12",FALSE
"j_5863",1,"S","G","12",FALSE
"j_5864",1,"S","F","12",TRUE
"j_5865",1,"L","F","12",TRUE
"j_5866",1,"L","I","12",TRUE
"j_5867",1,"M","C","12",FALSE
"j_5868",1,"L","J","12",TRUE
"j_5869",1,"S","G","12",TRUE
"j_5870",1,"S","G","12",TRUE
"j_5871",1,"S","I","12",FALSE
"j_5872",1,"M","G","12",TRUE
"j_5873",1,"L","C","12",TRUE
"j_5874",1,"M","I","12",FALSE
"j_5875",1,"S","I","12",FALSE
"j_5876",1,"S","F","12",TRUE
"j_5877",1,"L","C","12",TRUE
"j_5878",1,"M","F","12",TRUE
"j_5879",1,"S","G","12",TRUE
"j_5880",1,"M","F","12",TRUE
"j_5881",1,"L","N","28",FALSE
"j_5882",1,"S","G","12",FALSE
"j_5883",1,"S","F","12",TRUE
"j_5884",1,"L","G","12",FALSE
"j_5885",1,"M","Q","12",TRUE
"j_5886",1,"M","F","12",TRUE
"j_5887",1,"S","R.S","12",FALSE
"j_5888",1,"S","G","12",TRUE
"j_5889",1,"M","R.S","12",TRUE
"j_5890",1,"S","C","12",TRUE
"j_5891",1,"S","F","12",TRUE
"j_5892",1,"L","G","12",FALSE
"j_5893",1,"M","G","12",FALSE
"j_5894",1,"M","H","12",FALSE
"j_5895",1,"L","F","12",TRUE
"j_5896",1,"M","C","12",TRUE
"j_5897",1,"M","F","12",FALSE
"j_5898",1,"M","D.E","12",TRUE
"j_5899",1,"S","F","12",TRUE
"j_5900",1,"S","G","12",FALSE
"j_5901",1,"S","R.S","12",FALSE
"j_5902",1,"S","G","12",TRUE
"j_5903",1,"M","C","12",TRUE
"j_5904",1,"M","C","12",TRUE
"j_5905",0,"L","Q","12",FALSE
"j_5906",1,"L","N","12",TRUE
"j_5907",1,"S","C","12",TRUE
"j_5908",1,"M","Q","12",TRUE
"j_5909",1,"L","N","12",FALSE
"j_5910",1,"M","C","12",FALSE
"j_5911",1,"S","K.L","10",TRUE
"j_5912",0,"M","P","12",TRUE
"j_5913",1,"S","M","12",TRUE
"j_5914",1,"S","I","12",FALSE
"j_5915",1,"L","G","12",FALSE
"j_5916",0,"L","O","12",TRUE
"j_5917",0,"L","Q","12",TRUE
"j_5918",1,"S","F","12",TRUE
"j_5919",1,"L","N","12",TRUE
"j_5920",0,"M","Q","12",TRUE
"j_5921",1,"S","K.L","12",TRUE
"j_5922",1,"M","D.E","12",TRUE
"j_5923",1,"S","G","12",TRUE
"j_5924",1,"S","F","12",TRUE
"j_5925",1,"S","G","12",FALSE
"j_5926",1,"S","M","12",TRUE
"j_5927",1,"M","C","12",TRUE
"j_5928",1,"M","C","12",TRUE
"j_5929",1,"S","G","12",TRUE
"j_5930",1,"L","N","12",FALSE
"j_5931",1,"S","G","12",TRUE
"j_5932",1,"S","M","12",TRUE
"j_5933",1,"L","C","12",TRUE
"j_5934",1,"S","M","12",FALSE
"j_5935",1,"M","I","12",FALSE
"j_5936",1,"S","G","12",TRUE
"j_5937",0,"M","P","12",TRUE
"j_5938",1,"S","F","12",TRUE
"j_5939",1,"M","C","12",TRUE
"j_5940",1,"M","G","12",FALSE
"j_5941",1,"M","G","12",FALSE
"j_5942",1,"S","C","12",TRUE
"j_5943",1,"S","C","12",TRUE
"j_5944",1,"M","I","12",TRUE
"j_5945",1,"S","F","12",TRUE
"j_5946",1,"S","G","12",TRUE
"j_5947",1,"S","F","12",TRUE
"j_5948",0,"L","I","14",FALSE
"j_5949",0,"M","Q","12",TRUE
"j_5950",1,"S","F","12",TRUE
"j_5951",0,"M","Q","12",TRUE
"j_5952",1,"S","G","12",TRUE
"j_5953",1,"L","D.E","12",FALSE
"j_5954",0,"L","P","12",TRUE
"j_5955",1,"S","G","12",TRUE
"j_5956",0,"L","Q","12",TRUE
"j_5957",1,"L","P","12",TRUE
"j_5958",1,"S","I","12",TRUE
"j_5959",0,"M","R.S","12",TRUE
"j_5960",1,"L","C","12",FALSE
"j_5961",1,"L","D.E","24",TRUE
"j_5962",0,"M","P","12",TRUE
"j_5963",1,"L","F","12",TRUE
"j_5964",1,"S","I","12",FALSE
"j_5965",1,"S","R.S","12",FALSE
"j_5966",1,"M","C","12",TRUE
"j_5967",1,"M","K.L","12",TRUE
"j_5968",1,"S","G","12",TRUE
"j_5969",1,"L","C","12",FALSE
"j_5970",1,"S","H","12",FALSE
"j_5971",1,"L","I","12",FALSE
"j_5972",1,"L","C","12",TRUE
"j_5973",1,"L","G","06",FALSE
"j_5974",1,"M","P","24",TRUE
"j_5975",1,"S","R.S","12",TRUE
"j_5976",1,"S","M","22",TRUE
"j_5977",1,"L","C","30",FALSE
"j_5978",1,"M","P","06",TRUE
"j_5979",1,"L","F","18",TRUE
"j_5980",1,"M","M","22",FALSE
"j_5981",1,"S","G","26",FALSE
"j_5982",1,"S","G","10",TRUE
"j_5983",0,"L","Q","32",FALSE
"j_5984",1,"S","F","22",TRUE
"j_5985",1,"M","P","02",TRUE
"j_5986",1,"S","F","24",TRUE
"j_5987",1,"M","C","10",TRUE
"j_5988",1,"S","M","06",TRUE
"j_5989",1,"M","C","02",FALSE
"j_5990",1,"S","I","12",FALSE
"j_5991",1,"M","C","04",TRUE
"j_5992",1,"M","C","32",TRUE
"j_5993",1,"S","G","24",TRUE
"j_5994",1,"S","G","12",FALSE
"j_5995",1,"S","F","26",TRUE
"j_5996",1,"S","I","30",TRUE
"j_5997",1,"S","I","22",TRUE
"j_5998",1,"S","C","30",TRUE
"j_5999",1,"M","F","18",TRUE
"j_6000",1,"S","C","18",FALSE
"j_6001",1,"M","F","18",TRUE
"j_6002",1,"S","I","16",FALSE
"j_6003",1,"M","Q","14",TRUE
"j_6004",1,"S","F","30",TRUE
"j_6005",1,"S","I","04",TRUE
"j_6006",1,"M","P","02",FALSE
"j_6007",1,"M","C","16",TRUE
"j_6008",1,"S","C","28",TRUE
"j_6009",1,"L","C","16",TRUE
"j_6010",1,"S","G","14",TRUE
"j_6011",1,"S","G","14",TRUE
"j_6012",1,"M","H","08",TRUE
"j_6013",1,"M","Q","22",TRUE
"j_6014",1,"M","C","30",FALSE
"j_6015",1,"S","F","14",TRUE
"j_6016",1,"L","H","30",TRUE
"j_6017",1,"L","C","02",TRUE
"j_6018",1,"M","I","22",TRUE
"j_6019",1,"S","F","28",TRUE
"j_6020",1,"M","P","12",TRUE
"j_6021",1,"S","I","32",TRUE
"j_6022",1,"S","F","26",TRUE
"j_6023",1,"M","G","10",TRUE
"j_6024",1,"M","G","26",FALSE
"j_6025",1,"L","C","32",FALSE
"j_6026",1,"S","G","22",FALSE
"j_6027",1,"S","G","18",FALSE
"j_6028",1,"M","F","22",TRUE
"j_6029",1,"M","F","24",TRUE
"j_6030",1,"S","G","28",TRUE
"j_6031",1,"M","C","12",TRUE
"j_6032",1,"S","N","06",TRUE
"j_6033",1,"S","D.E","24",TRUE
"j_6034",1,"S","Q","22",FALSE
"j_6035",1,"S","G","10",TRUE
"j_6036",1,"M","I","12",FALSE
"j_6037",1,"M","C","26",TRUE
"j_6038",1,"M","G","02",FALSE
"j_6039",1,"S","G","12",FALSE
"j_6040",1,"S","G","32",FALSE
"j_6041",1,"S","I","06",TRUE
"j_6042",1,"M","D.E","24",FALSE
"j_6043",1,"L","G","14",FALSE
"j_6044",1,"S","G","14",FALSE
"j_6045",1,"S","I","10",TRUE
"j_6046",1,"L","N","22",TRUE
"j_6047",1,"S","F","10",TRUE
"j_6048",1,"M","G","26",TRUE
"j_6049",1,"S","G","12",FALSE
"j_6050",1,"S","G","22",TRUE
"j_6051",1,"S","G","10",TRUE
"j_6052",1,"L","N","10",TRUE
"j_6053",1,"S","I","32",FALSE
"j_6054",1,"M","G","02",FALSE
"j_6055",1,"S","M","28",TRUE
"j_6056",1,"S","F","18",TRUE
"j_6057",1,"S","R.S","32",TRUE
"j_6058",1,"S","C","16",TRUE
"j_6059",1,"L","C","16",FALSE
"j_6060",1,"M","C","28",TRUE
"j_6061",1,"S","J","16",TRUE
"j_6062",1,"M","F","14",TRUE
"j_6063",0,"M","G","14",TRUE
"j_6064",1,"L","C","02",TRUE
"j_6065",1,"S","H","14",TRUE
"j_6066",1,"M","G","18",TRUE
"j_6067",1,"M","G","04",TRUE
"j_6068",1,"M","G","12",FALSE
"j_6069",1,"L","F","12",TRUE
"j_6070",1,"S","G","14",FALSE
"j_6071",1,"S","F","02",TRUE
"j_6072",1,"M","H","24",TRUE
"j_6073",1,"S","G","14",FALSE
"j_6074",1,"M","H","30",TRUE
"j_6075",1,"S","C","18",FALSE
"j_6076",1,"M","C","32",TRUE
"j_6077",1,"M","G","32",TRUE
"j_6078",1,"M","N","26",FALSE
"j_6079",1,"M","F","32",TRUE
"j_6080",1,"M","C","02",FALSE
"j_6081",1,"M","F","12",TRUE
"j_6082",1,"M","G","14",FALSE
"j_6083",1,"M","F","10",TRUE
"j_6084",1,"S","N","24",FALSE
"j_6085",0,"L","D.E","32",TRUE
"j_6086",1,"L","C","30",FALSE
"j_6087",1,"S","I","16",FALSE
"j_6088",1,"S","I","02",TRUE
"j_6089",1,"M","I","24",FALSE
"j_6090",1,"S","F","04",TRUE
"j_6091",1,"M","C","04",FALSE
"j_6092",1,"S","C","04",TRUE
"j_6093",1,"S","C","14",TRUE
"j_6094",1,"L","C","02",FALSE
"j_6095",1,"S","I","28",FALSE
"j_6096",1,"L","G","14",TRUE
"j_6097",1,"M","F","12",TRUE
"j_6098",1,"M","P","02",TRUE
"j_6099",1,"S","C","06",TRUE
"j_6100",1,"L","I","28",TRUE
"j_6101",1,"M","G","04",FALSE
"j_6102",1,"S","I","32",TRUE
"j_6103",1,"S","G","22",TRUE
"j_6104",1,"S","G","32",TRUE
"j_6105",1,"S","F","30",TRUE
"j_6106",1,"S","G","14",TRUE
"j_6107",1,"S","F","24",TRUE
"j_6108",1,"M","D.E","10",TRUE
"j_6109",1,"M","G","32",TRUE
"j_6110",1,"M","F","28",TRUE
"j_6111",1,"S","G","04",TRUE
"j_6112",1,"S","C","12",TRUE
"j_6113",1,"M","F","24",TRUE
"j_6114",1,"M","N","06",TRUE
"j_6115",1,"M","C","02",FALSE
"j_6116",1,"M","F","22",TRUE
"j_6117",1,"S","R.S","24",TRUE
"j_6118",1,"S","C","04",TRUE
"j_6119",1,"S","I","30",TRUE
"j_6120",1,"M","F","18",TRUE
"j_6121",1,"M","M","24",TRUE
"j_6122",1,"S","I","14",FALSE
"j_6123",1,"M","I","14",FALSE
"j_6124",1,"S","G","30",TRUE
"j_6125",1,"S","G","04",TRUE
"j_6126",1,"S","C","24",TRUE
"j_6127",1,"S","M","24",TRUE
"j_6128",1,"M","M","14",TRUE
"j_6129",1,"S","N","30",TRUE
"j_6130",1,"M","F","06",TRUE
"j_6131",1,"S","P","04",TRUE
"j_6132",0,"L","Q","14",TRUE
"j_6133",1,"L","H","30",FALSE
"j_6134",1,"M","J","24",FALSE
"j_6135",1,"S","N","02",TRUE
"j_6136",1,"M","F","28",TRUE
"j_6137",1,"S","G","12",TRUE
"j_6138",0,"L","P","14",FALSE
"j_6139",1,"S","F","32",TRUE
"j_6140",1,"M","J","24",TRUE
"j_6141",1,"S","G","10",TRUE
"j_6142",1,"S","G","18",TRUE
"j_6143",1,"S","M","24",TRUE
"j_6144",1,"L","N","10",TRUE
"j_6145",1,"S","F","18",TRUE
"j_6146",1,"M","G","06",TRUE
"j_6147",0,"S","Q","14",TRUE
"j_6148",1,"M","G","30",TRUE
"j_6149",1,"S","C","26",FALSE
"j_6150",1,"L","N","24",FALSE
"j_6151",1,"S","G","22",TRUE
"j_6152",1,"S","F","18",TRUE
"j_6153",1,"L","G","18",FALSE
"j_6154",1,"M","F","06",TRUE
"j_6155",1,"S","R.S","30",TRUE
"j_6156",1,"S","F","26",TRUE
"j_6157",1,"S","G","10",TRUE
"j_6158",1,"S","F","22",TRUE
"j_6159",1,"L","N","10",FALSE
"j_6160",1,"M","C","30",FALSE
"j_6161",1,"M","Q","24",TRUE
"j_6162",1,"S","I","28",FALSE
"j_6163",1,"M","H","14",FALSE
"j_6164",1,"S","N","04",FALSE
"j_6165",1,"M","G","12",TRUE
"j_6166",1,"S","C","22",TRUE
"j_6167",1,"M","C","04",FALSE
"j_6168",1,"L","F","24",FALSE
"j_6169",1,"S","F","18",TRUE
"j_6170",1,"M","C","30",TRUE
"j_6171",1,"S","D.E","04",TRUE
"j_6172",1,"S","G","28",FALSE
"j_6173",1,"S","C","02",TRUE
"j_6174",1,"S","P","14",FALSE
"j_6175",1,"S","N","10",TRUE
"j_6176",1,"L","C","18",TRUE
"j_6177",1,"M","P","22",FALSE
"j_6178",1,"S","Q","24",FALSE
"j_6179",1,"S","G","24",TRUE
"j_6180",0,"L","Q","32",TRUE
"j_6181",1,"L","H","08",FALSE
"j_6182",1,"M","D.E","28",TRUE
"j_6183",1,"M","F","30",TRUE
"j_6184",1,"L","Q","04",TRUE
"j_6185",1,"S","C","12",TRUE
"j_6186",1,"M","G","22",FALSE
"j_6187",1,"L","C","24",TRUE
"j_6188",1,"S","K.L","30",TRUE
"j_6189",1,"S","F","14",TRUE
"j_6190",1,"S","G","24",FALSE
"j_6191",1,"S","F","12",TRUE
"j_6192",1,"S","I","28",FALSE
"j_6193",1,"L","N","02",FALSE
"j_6194",1,"M","I","04",TRUE
"j_6195",1,"M","C","26",TRUE
"j_6196",1,"S","P","12",FALSE
"j_6197",1,"S","I","24",FALSE
"j_6198",1,"L","C","10",TRUE
"j_6199",1,"S","G","22",TRUE
"j_6200",1,"S","F","08",TRUE
"j_6201",0,"L","C","02",TRUE
"j_6202",0,"M","Q","22",FALSE
"j_6203",1,"S","J","04",TRUE
"j_6204",1,"S","D.E","16",TRUE
"j_6205",1,"S","R.S","18",TRUE
"j_6206",1,"M","F","32",TRUE
"j_6207",1,"L","N","14",FALSE
"j_6208",1,"M","C","24",TRUE
"j_6209",1,"S","G","14",TRUE
"j_6210",1,"L","C","28",TRUE
"j_6211",1,"S","F","28",TRUE
"j_6212",1,"S","M","28",TRUE
"j_6213",1,"M","D.E","14",TRUE
"j_6214",1,"S","I","22",FALSE
"j_6215",1,"M","N","04",TRUE
"j_6216",1,"S","G","10",TRUE
"j_6217",1,"S","F","02",TRUE
"j_6218",1,"S","G","14",TRUE
"j_6219",0,"M","Q","14",TRUE
"j_6220",0,"M","D.E","26",TRUE
"j_6221",1,"L","N","30",FALSE
"j_6222",1,"S","F","32",TRUE
"j_6223",1,"S","I","12",FALSE
"j_6224",1,"S","I","14",TRUE
"j_6225",1,"M","M","22",TRUE
"j_6226",1,"S","N","30",FALSE
"j_6227",1,"S","G","22",FALSE
"j_6228",1,"S","M","14",TRUE
"j_6229",1,"M","C","02",TRUE
"j_6230",1,"M","G","02",TRUE
"j_6231",1,"M","C","02",FALSE
"j_6232",1,"L","C","32",FALSE
"j_6233",1,"S","C","12",TRUE
"j_6234",1,"S","G","30",TRUE
"j_6235",1,"M","G","06",FALSE
"j_6236",1,"S","H","04",FALSE
"j_6237",1,"S","P","24",TRUE
"j_6238",1,"L","C","16",FALSE
"j_6239",1,"M","G","14",FALSE
"j_6240",1,"S","F","18",TRUE
"j_6241",1,"S","M","04",TRUE
"j_6242",1,"M","G","32",TRUE
"j_6243",1,"S","R.S","12",FALSE
"j_6244",1,"S","I","26",TRUE
"j_6245",1,"M","I","14",TRUE
"j_6246",1,"S","F","22",TRUE
"j_6247",1,"M","C","32",TRUE
"j_6248",1,"S","R.S","02",TRUE
"j_6249",1,"L","G","04",TRUE
"j_6250",1,"S","G","12",TRUE
"j_6251",1,"M","C","32",FALSE
"j_6252",1,"M","G","14",TRUE
"j_6253",0,"L","N","32",TRUE
"j_6254",1,"S","I","14",TRUE
"j_6255",1,"S","C","22",FALSE
"j_6256",1,"S","F","04",TRUE
"j_6257",1,"M","F","32",TRUE
"j_6258",1,"S","G","24",TRUE
"j_6259",1,"L","C","30",TRUE
"j_6260",1,"M","I","18",TRUE
"j_6261",1,"S","C","32",TRUE
"j_6262",0,"L","R.S","06",FALSE
"j_6263",1,"S","F","10",TRUE
"j_6264",1,"L","C","26",TRUE
"j_6265",1,"M","H","24",TRUE
"j_6266",1,"S","N","24",TRUE
"j_6267",1,"S","I","14",FALSE
"j_6268",1,"S","G","14",TRUE
"j_6269",1,"S","M","14",TRUE
"j_6270",1,"S","J","24",FALSE
"j_6271",1,"L","G","12",TRUE
"j_6272",1,"S","N","14",TRUE
"j_6273",1,"M","Q","28",FALSE
"j_6274",1,"S","C","20",TRUE
"j_6275",0,"M","I","28",TRUE
"j_6276",1,"L","N","06",FALSE
"j_6277",1,"L","N","24",FALSE
"j_6278",1,"L","N","02",FALSE
"j_6279",1,"M","G","24",FALSE
"j_6280",1,"M","N","02",FALSE
"j_6281",1,"S","M","30",TRUE
"j_6282",1,"S","I","10",TRUE
"j_6283",1,"S","C","20",TRUE
"j_6284",1,"S","M","14",TRUE
"j_6285",1,"L","P","22",TRUE
"j_6286",1,"M","H","08",FALSE
"j_6287",1,"M","H","02",FALSE
"j_6288",1,"M","C","26",TRUE
"j_6289",1,"M","G","10",FALSE
"j_6290",1,"S","C","02",TRUE
"j_6291",1,"S","I","02",FALSE
"j_6292",0,"L","Q","32",TRUE
"j_6293",1,"M","M","22",TRUE
"j_6294",0,"M","P","02",TRUE
"j_6295",1,"M","C","12",TRUE
"j_6296",1,"L","C","10",FALSE
"j_6297",1,"S","C","10",FALSE
"j_6298",1,"L","K.L","24",FALSE
"j_6299",1,"S","I","10",FALSE
"j_6300",1,"S","N","18",FALSE
"j_6301",1,"S","G","10",FALSE
"j_6302",1,"S","H","10",TRUE
"j_6303",1,"S","R.S","30",TRUE
"j_6304",1,"M","C","30",TRUE
"j_6305",1,"S","I","04",FALSE
"j_6306",1,"S","M","14",TRUE
"j_6307",1,"L","N","32",FALSE
"j_6308",1,"L","C","02",FALSE
"j_6309",1,"S","N","02",TRUE
"j_6310",1,"S","R.S","14",TRUE
"j_6311",1,"S","C","30",FALSE
"j_6312",1,"M","H","20",FALSE
"j_6313",1,"M","N","14",TRUE
"j_6314",0,"M","D.E","02",TRUE
"j_6315",1,"S","N","24",TRUE
"j_6316",1,"S","I","10",TRUE
"j_6317",1,"L","C","32",FALSE
"j_6318",1,"S","G","22",TRUE
"j_6319",1,"M","I","32",TRUE
"j_6320",1,"S","G","02",FALSE
"j_6321",1,"M","C","24",TRUE
"j_6322",1,"S","G","30",TRUE
"j_6323",1,"M","F","12",TRUE
"j_6324",1,"S","P","24",FALSE
"j_6325",1,"L","N","30",FALSE
"j_6326",1,"M","G","32",FALSE
"j_6327",1,"M","I","18",FALSE
"j_6328",1,"M","N","10",FALSE
"j_6329",0,"L","P","24",TRUE
"j_6330",1,"M","R.S","22",TRUE
"j_6331",1,"M","I","30",TRUE
"j_6332",1,"S","N","24",TRUE
"j_6333",1,"M","G","12",FALSE
"j_6334",0,"M","Q","32",TRUE
"j_6335",1,"S","R.S","14",FALSE
"j_6336",1,"L","N","02",FALSE
"j_6337",1,"S","F","02",TRUE
"j_6338",1,"S","C","30",TRUE
"j_6339",0,"S","Q","18",TRUE
"j_6340",1,"S","F","10",TRUE
"j_6341",1,"S","H","18",TRUE
"j_6342",1,"S","I","02",FALSE
"j_6343",1,"S","I","24",FALSE
"j_6344",1,"S","F","02",TRUE
"j_6345",1,"S","I","24",FALSE
"j_6346",1,"M","C","24",TRUE
"j_6347",1,"M","I","02",FALSE
"j_6348",1,"S","F","02",TRUE
"j_6349",1,"S","F","22",TRUE
"j_6350",1,"S","F","30",TRUE
"j_6351",1,"S","M","24",TRUE
"j_6352",1,"M","G","08",TRUE
"j_6353",1,"S","C","24",TRUE
"j_6354",1,"S","I","14",FALSE
"j_6355",1,"L","N","24",FALSE
"j_6356",1,"S","J","22",TRUE
"j_6357",1,"S","F","30",TRUE
"j_6358",1,"S","N","30",FALSE
"j_6359",1,"S","K.L","02",TRUE
"j_6360",1,"L","I","14",FALSE
"j_6361",1,"S","C","28",TRUE
"j_6362",1,"S","C","14",FALSE
"j_6363",1,"S","Q","12",TRUE
"j_6364",1,"M","G","12",FALSE
"j_6365",1,"S","G","22",TRUE
"j_6366",1,"S","F","24",TRUE
"j_6367",1,"S","F","30",TRUE
"j_6368",1,"L","G","06",TRUE
"j_6369",1,"M","C","10",FALSE
"j_6370",1,"S","I","24",TRUE
"j_6371",1,"L","N","06",TRUE
"j_6372",1,"S","C","22",TRUE
"j_6373",1,"S","R.S","04",FALSE
"j_6374",1,"L","N","30",FALSE
"j_6375",1,"S","F","24",TRUE
"j_6376",1,"M","F","14",TRUE
"j_6377",1,"M","I","14",FALSE
"j_6378",0,"M","O","10",TRUE
"j_6379",1,"S","C","12",FALSE
"j_6380",1,"L","H","02",FALSE
"j_6381",1,"L","H","16",TRUE
"j_6382",1,"S","G","12",TRUE
"j_6383",1,"S","Q","22",TRUE
"j_6384",1,"M","H","04",FALSE
"j_6385",1,"S","N","22",TRUE
"j_6386",1,"M","N","24",TRUE
"j_6387",1,"M","G","14",FALSE
"j_6388",1,"S","F","18",TRUE
"j_6389",1,"S","H","06",TRUE
"j_6390",1,"S","R.S","06",FALSE
"j_6391",1,"S","G","14",FALSE
"j_6392",1,"S","R.S","24",FALSE
"j_6393",1,"L","C","02",TRUE
"j_6394",1,"M","H","18",TRUE
"j_6395",1,"S","F","02",FALSE
"j_6396",1,"S","K.L","24",TRUE
"j_6397",1,"S","J","10",TRUE
"j_6398",1,"S","G","02",FALSE
"j_6399",1,"L","N","22",FALSE
"j_6400",1,"S","C","16",TRUE
"j_6401",1,"S","Q","24",FALSE
"j_6402",1,"S","I","14",FALSE
"j_6403",1,"S","K.L","02",TRUE
"j_6404",1,"L","N","10",FALSE
"j_6405",1,"S","I","28",FALSE
"j_6406",1,"S","C","24",TRUE
"j_6407",1,"S","C","04",TRUE
"j_6408",1,"S","G","24",TRUE
"j_6409",1,"S","C","24",TRUE
"j_6410",1,"S","F","02",TRUE
"j_6411",1,"S","G","20",FALSE
"j_6412",1,"L","C","30",TRUE
"j_6413",1,"S","G","06",FALSE
"j_6414",1,"S","F","02",TRUE
"j_6415",1,"M","K.L","08",TRUE
"j_6416",1,"S","N","16",TRUE
"j_6417",1,"S","C","06",FALSE
"j_6418",1,"L","G","24",FALSE
"j_6419",1,"M","F","06",TRUE
"j_6420",1,"M","C","08",TRUE
"j_6421",1,"S","G","10",TRUE
"j_6422",1,"M","C","14",TRUE
"j_6423",1,"S","C","16",TRUE
"j_6424",1,"S","G","32",TRUE
"j_6425",1,"S","R.S","04",FALSE
"j_6426",0,"L","P","30",TRUE
"j_6427",0,"L","P","02",TRUE
"j_6428",1,"M","H","30",FALSE
"j_6429",1,"S","F","04",TRUE
"j_6430",1,"S","I","12",TRUE
"j_6431",1,"S","I","28",TRUE
"j_6432",1,"L","C","30",TRUE
"j_6433",1,"L","N","04",FALSE
"j_6434",1,"S","C","10",TRUE
"j_6435",1,"M","F","20",TRUE
"j_6436",1,"S","C","02",TRUE
"j_6437",1,"L","G","20",FALSE
"j_6438",1,"M","F","12",TRUE
"j_6439",1,"S","R.S","30",FALSE
"j_6440",1,"L","I","02",FALSE
"j_6441",1,"S","F","06",TRUE
"j_6442",1,"S","I","02",FALSE
"j_6443",1,"S","G","10",FALSE
"j_6444",1,"M","N","12",FALSE
"j_6445",1,"S","G","24",TRUE
"j_6446",1,"M","G","02",FALSE
"j_6447",1,"S","I","18",FALSE
"j_6448",1,"S","I","14",TRUE
"j_6449",1,"M","I","10",FALSE
"j_6450",1,"S","R.S","02",TRUE
"j_6451",1,"M","F","02",TRUE
"j_6452",1,"S","G","08",TRUE
"j_6453",1,"M","F","24",TRUE
"j_6454",1,"S","F","06",TRUE
"j_6455",1,"S","G","06",TRUE
"j_6456",1,"S","I","24",TRUE
"j_6457",1,"S","F","32",TRUE
"j_6458",1,"M","N","16",TRUE
"j_6459",1,"L","C","18",FALSE
"j_6460",1,"M","C","32",FALSE
"j_6461",1,"S","H","02",TRUE
"j_6462",0,"L","P","22",TRUE
"j_6463",1,"S","R.S","14",TRUE
"j_6464",1,"M","G","02",FALSE
"j_6465",1,"S","M","26",TRUE
"j_6466",1,"S","C","02",TRUE
"j_6467",1,"S","H","10",FALSE
"j_6468",1,"M","G","18",TRUE
"j_6469",1,"S","G","02",TRUE
"j_6470",1,"M","Q","24",FALSE
"j_6471",1,"S","C","14",TRUE
"j_6472",1,"S","H","04",FALSE
"j_6473",1,"S","F","26",TRUE
"j_6474",1,"S","G","08",TRUE
"j_6475",1,"M","H","02",TRUE
"j_6476",1,"S","I","28",TRUE
"j_6477",1,"S","G","12",TRUE
"j_6478",1,"M","P","14",TRUE
"j_6479",1,"M","P","06",TRUE
"j_6480",1,"M","G","24",FALSE
"j_6481",1,"L","C","32",TRUE
"j_6482",1,"S","F","12",TRUE
"j_6483",1,"L","P","14",FALSE
"j_6484",0,"M","P","30",TRUE
"j_6485",1,"M","C","02",FALSE
"j_6486",1,"M","C","22",TRUE
"j_6487",1,"S","I","18",FALSE
"j_6488",1,"M","N","22",TRUE
"j_6489",1,"S","C","32",TRUE
"j_6490",1,"S","F","24",FALSE
"j_6491",1,"S","Q","18",TRUE
"j_6492",1,"S","G","26",TRUE
"j_6493",1,"M","C","24",TRUE
"j_6494",1,"S","I","22",FALSE
"j_6495",1,"S","G","14",FALSE
"j_6496",0,"L","P","22",TRUE
"j_6497",0,"L","P","22",TRUE
"j_6498",1,"S","D.E","04",TRUE
"j_6499",1,"M","N","10",TRUE
"j_6500",1,"M","C","22",FALSE
"j_6501",1,"S","G","14",TRUE
"j_6502",1,"S","F","28",TRUE
"j_6503",1,"M","Q","24",FALSE
"j_6504",1,"L","C","14",FALSE
"j_6505",1,"S","G","14",TRUE
"j_6506",1,"S","C","10",TRUE
"j_6507",0,"L","M","02",FALSE
"j_6508",1,"M","G","20",FALSE
"j_6509",1,"L","I","24",TRUE
"j_6510",1,"M","C","02",TRUE
"j_6511",1,"S","F","28",TRUE
"j_6512",1,"M","C","12",TRUE
"j_6513",1,"S","G","14",TRUE
"j_6514",1,"M","I","14",FALSE
"j_6515",1,"S","F","06",TRUE
"j_6516",1,"L","G","14",TRUE
"j_6517",1,"L","M","22",TRUE
"j_6518",1,"S","G","30",TRUE
"j_6519",1,"M","C","26",TRUE
"j_6520",1,"M","C","24",FALSE
"j_6521",1,"S","G","12",TRUE
"j_6522",1,"M","P","18",TRUE
"j_6523",1,"M","G","12",TRUE
"j_6524",1,"S","G","14",FALSE
"j_6525",1,"S","F","06",TRUE
"j_6526",1,"S","I","02",TRUE
"j_6527",1,"M","G","12",TRUE
"j_6528",1,"S","F","24",TRUE
"j_6529",1,"S","P","24",TRUE
"j_6530",1,"S","H","30",TRUE
"j_6531",0,"L","Q","12",FALSE
"j_6532",1,"S","F","10",TRUE
"j_6533",1,"S","G","14",FALSE
"j_6534",1,"M","C","28",TRUE
"j_6535",1,"S","G","32",TRUE
"j_6536",1,"S","R.S","14",FALSE
"j_6537",1,"S","F","14",TRUE
"j_6538",1,"S","R.S","18",TRUE
"j_6539",1,"S","G","14",TRUE
"j_6540",1,"S","F","10",TRUE
"j_6541",1,"S","F","22",TRUE
"j_6542",1,"S","F","12",TRUE
"j_6543",1,"S","I","10",FALSE
"j_6544",1,"S","I","28",TRUE
"j_6545",1,"M","G","14",TRUE
"j_6546",1,"S","G","02",TRUE
"j_6547",1,"S","M","18",TRUE
"j_6548",1,"L","H","14",FALSE
"j_6549",1,"S","G","24",TRUE
"j_6550",1,"S","R.S","04",FALSE
"j_6551",1,"M","N","22",FALSE
"j_6552",1,"S","F","10",TRUE
"j_6553",1,"S","I","30",FALSE
"j_6554",1,"M","C","02",TRUE
"j_6555",1,"S","C","10",TRUE
"j_6556",1,"S","G","02",FALSE
"j_6557",1,"L","C","18",FALSE
"j_6558",1,"S","M","24",TRUE
"j_6559",1,"M","P","32",TRUE
"j_6560",1,"S","H","04",FALSE
"j_6561",1,"S","H","10",TRUE
"j_6562",1,"S","R.S","16",TRUE
"j_6563",1,"S","I","14",TRUE
"j_6564",1,"S","C","02",TRUE
"j_6565",1,"M","G","02",TRUE
"j_6566",1,"M","N","02",TRUE
"j_6567",1,"S","R.S","02",TRUE
"j_6568",0,"M","R.S","16",FALSE
"j_6569",1,"S","I","14",FALSE
"j_6570",0,"M","M","22",TRUE
"j_6571",1,"S","N","12",TRUE
"j_6572",1,"M","P","14",TRUE
"j_6573",1,"S","M","02",TRUE
"j_6574",1,"S","C","22",FALSE
"j_6575",1,"S","M","06",TRUE
"j_6576",1,"M","C","30",TRUE
"j_6577",1,"S","I","22",TRUE
"j_6578",1,"M","H","28",TRUE
"j_6579",1,"L","F","22",TRUE
"j_6580",1,"M","G","22",TRUE
"j_6581",1,"S","G","02",TRUE
"j_6582",1,"S","R.S","02",FALSE
"j_6583",1,"L","C","30",TRUE
"j_6584",1,"M","F","18",TRUE
"j_6585",1,"S","G","26",FALSE
"j_6586",1,"S","F","14",TRUE
"j_6587",1,"S","N","02",TRUE
"j_6588",1,"S","H","06",TRUE
"j_6589",1,"S","R.S","10",TRUE
"j_6590",1,"S","Q","22",FALSE
"j_6591",1,"M","Q","14",FALSE
"j_6592",0,"S","Q","18",TRUE
"j_6593",1,"S","C","04",TRUE
"j_6594",1,"S","G","18",TRUE
"j_6595",1,"M","P","06",TRUE
"j_6596",1,"S","H","28",FALSE
"j_6597",1,"S","G","14",TRUE
"j_6598",1,"S","Q","10",FALSE
"j_6599",1,"S","H","14",TRUE
"j_6600",0,"S","D.E","12",TRUE
"j_6601",0,"L","Q","24",TRUE
"j_6602",1,"M","D.E","22",TRUE
"j_6603",1,"M","G","28",FALSE
"j_6604",1,"S","G","14",TRUE
"j_6605",1,"M","G","24",FALSE
"j_6606",1,"L","C","20",TRUE
"j_6607",1,"S","C","18",TRUE
"j_6608",1,"L","N","10",FALSE
"j_6609",1,"S","I","26",FALSE
"j_6610",1,"S","G","14",TRUE
"j_6611",1,"S","C","08",TRUE
"j_6612",1,"M","G","14",TRUE
"j_6613",1,"S","C","24",TRUE
"j_6614",1,"S","G","14",TRUE
"j_6615",1,"S","N","18",FALSE
"j_6616",0,"M","K.L","10",TRUE
"j_6617",0,"S","P","02",TRUE
"j_6618",1,"L","G","14",FALSE
"j_6619",0,"M","D.E","06",TRUE
"j_6620",1,"S","C","28",TRUE
"j_6621",1,"M","M","14",TRUE
"j_6622",1,"S","F","30",TRUE
"j_6623",1,"S","I","18",TRUE
"j_6624",0,"M","R.S","02",FALSE
"j_6625",1,"S","C","06",TRUE
"j_6626",1,"L","C","10",TRUE
"j_6627",1,"L","C","12",TRUE
"j_6628",1,"L","C","28",FALSE
"j_6629",0,"M","R.S","28",TRUE
"j_6630",1,"S","R.S","02",FALSE
"j_6631",1,"L","N","24",TRUE
"j_6632",1,"S","C","30",TRUE
"j_6633",1,"S","N","18",TRUE
"j_6634",1,"S","G","12",TRUE
"j_6635",1,"L","F","24",TRUE
"j_6636",1,"S","I","04",FALSE
"j_6637",1,"S","G","14",TRUE
"j_6638",1,"M","C","18",FALSE
"j_6639",1,"M","N","32",TRUE
"j_6640",1,"S","C","22",TRUE
"j_6641",1,"M","G","06",FALSE
"j_6642",1,"S","C","06",FALSE
"j_6643",1,"M","D.E","24",FALSE
"j_6644",1,"S","F","22",TRUE
"j_6645",1,"S","N","10",TRUE
"j_6646",1,"S","F","20",FALSE
"j_6647",1,"L","F","04",TRUE
"j_6648",0,"L","Q","08",TRUE
"j_6649",1,"S","C","12",TRUE
"j_6650",1,"S","G","06",FALSE
"j_6651",1,"L","C","28",TRUE
"j_6652",1,"S","F","16",TRUE
"j_6653",1,"M","N","12",TRUE
"j_6654",1,"S","G","22",TRUE
"j_6655",1,"S","H","22",FALSE
"j_6656",1,"S","H","04",FALSE
"j_6657",1,"S","C","04",TRUE
"j_6658",1,"S","H","30",FALSE
"j_6659",1,"M","K.L","14",TRUE
"j_6660",1,"S","R.S","14",FALSE
"j_6661",1,"M","I","02",FALSE
"j_6662",1,"M","G","12",TRUE
"j_6663",1,"S","H","04",FALSE
"j_6664",1,"M","I","02",FALSE
"j_6665",0,"L","P","14",TRUE
"j_6666",1,"M","N","24",FALSE
"j_6667",1,"S","G","02",TRUE
"j_6668",1,"M","M","12",TRUE
"j_6669",0,"M","R.S","26",TRUE
"j_6670",1,"S","C","26",TRUE
"j_6671",1,"S","C","18",TRUE
"j_6672",1,"S","F","22",FALSE
"j_6673",1,"S","Q","12",TRUE
"j_6674",1,"M","C","22",TRUE
"j_6675",1,"S","C","02",TRUE
"j_6676",1,"S","F","10",TRUE
"j_6677",1,"S","N","14",TRUE
"j_6678",1,"S","G","08",FALSE
"j_6679",1,"S","I","10",TRUE
"j_6680",1,"S","I","02",TRUE
"j_6681",1,"S","H","14",TRUE
"j_6682",0,"L","D.E","04",FALSE
"j_6683",1,"S","R.S","06",TRUE
"j_6684",1,"S","M","26",TRUE
"j_6685",1,"S","M","30",TRUE
"j_6686",1,"M","G","12",TRUE
"j_6687",1,"S","C","08",TRUE
"j_6688",1,"S","F","18",TRUE
"j_6689",1,"S","H","24",FALSE
"j_6690",1,"M","F","18",FALSE
"j_6691",1,"S","G","10",TRUE
"j_6692",1,"S","F","02",TRUE
"j_6693",1,"S","K.L","14",FALSE
"j_6694",1,"S","G","18",TRUE
"j_6695",1,"S","Q","02",FALSE
"j_6696",1,"S","I","28",FALSE
"j_6697",1,"M","C","18",TRUE
"j_6698",1,"S","G","08",FALSE
"j_6699",1,"S","N","04",TRUE
"j_6700",1,"S","N","24",TRUE
"j_6701",1,"S","C","04",FALSE
"j_6702",1,"L","M","22",FALSE
"j_6703",1,"L","P","14",TRUE
"j_6704",1,"L","C","28",TRUE
"j_6705",1,"S","N","14",TRUE
"j_6706",1,"S","G","02",TRUE
"j_6707",1,"L","N","14",FALSE
"j_6708",1,"M","C","30",TRUE
"j_6709",1,"S","N","08",TRUE
"j_6710",1,"M","P","22",FALSE
"j_6711",1,"M","H","18",FALSE
"j_6712",1,"S","F","28",TRUE
"j_6713",1,"S","F","14",TRUE
"j_6714",1,"S","I","06",FALSE
"j_6715",1,"S","C","10",TRUE
"j_6716",1,"S","P","16",FALSE
"j_6717",1,"S","F","22",TRUE
"j_6718",0,"M","P","14",TRUE
"j_6719",1,"M","F","24",TRUE
"j_6720",1,"S","G","04",TRUE
"j_6721",1,"S","F","16",TRUE
"j_6722",1,"S","Q","24",TRUE
"j_6723",1,"S","F","18",TRUE
"j_6724",1,"S","C","32",TRUE
"j_6725",1,"S","J","32",FALSE
"j_6726",1,"M","H","30",TRUE
"j_6727",0,"M","P","14",TRUE
"j_6728",1,"M","C","12",TRUE
"j_6729",1,"M","D.E","24",FALSE
"j_6730",1,"M","K.L","02",FALSE
"j_6731",1,"S","G","12",TRUE
"j_6732",1,"S","R.S","22",TRUE
"j_6733",1,"L","C","32",TRUE
"j_6734",0,"L","P","14",FALSE
"j_6735",1,"S","C","02",TRUE
"j_6736",1,"M","F","10",TRUE
"j_6737",1,"S","H","14",TRUE
"j_6738",1,"S","I","10",TRUE
"j_6739",1,"S","F","26",TRUE
"j_6740",0,"L","P","16",TRUE
"j_6741",1,"S","F","16",TRUE
"j_6742",1,"S","D.E","30",FALSE
"j_6743",1,"S","I","12",TRUE
"j_6744",1,"M","G","28",TRUE
"j_6745",1,"S","G","24",FALSE
"j_6746",0,"M","G","26",FALSE
"j_6747",1,"M","C","16",TRUE
"j_6748",1,"S","C","12",TRUE
"j_6749",1,"S","M","18",FALSE
"j_6750",1,"S","G","10",TRUE
"j_6751",1,"S","F","14",TRUE
"j_6752",1,"S","I","26",FALSE
"j_6753",1,"M","M","22",FALSE
"j_6754",1,"S","G","30",TRUE
"j_6755",1,"S","F","18",TRUE
"j_6756",0,"L","P","14",TRUE
"j_6757",1,"S","G","14",TRUE
"j_6758",1,"S","I","24",TRUE
"j_6759",1,"S","J","28",TRUE
"j_6760",1,"M","H","30",TRUE
"j_6761",1,"S","P","32",TRUE
"j_6762",1,"S","G","02",TRUE
"j_6763",1,"S","R.S","30",TRUE
"j_6764",1,"S","N","02",TRUE
"j_6765",1,"S","H","18",TRUE
"j_6766",1,"S","P","14",TRUE
"j_6767",1,"S","G","10",TRUE
"j_6768",1,"S","G","14",TRUE
"j_6769",1,"S","C","10",TRUE
"j_6770",1,"S","G","14",TRUE
"j_6771",1,"S","C","10",FALSE
"j_6772",1,"M","C","02",TRUE
"j_6773",1,"S","F","22",TRUE
"j_6774",1,"L","H","22",TRUE
"j_6775",1,"M","F","30",FALSE
"j_6776",1,"L","G","24",FALSE
"j_6777",1,"S","G","02",TRUE
"j_6778",1,"S","C","04",TRUE
"j_6779",1,"S","C","20",TRUE
"j_6780",1,"M","C","02",TRUE
"j_6781",1,"S","K.L","10",TRUE
"j_6782",1,"S","C","18",TRUE
"j_6783",1,"S","M","12",TRUE
"j_6784",1,"L","C","02",FALSE
"j_6785",1,"M","F","30",TRUE
"j_6786",1,"M","F","18",TRUE
"j_6787",0,"L","P","08",TRUE
"j_6788",0,"M","P","32",FALSE
"j_6789",0,"L","P","02",TRUE
"j_6790",0,"M","P","32",TRUE
"j_6791",0,"L","P","14",TRUE
"j_6792",1,"S","C","08",FALSE
"j_6793",1,"M","F","06",TRUE
"j_6794",1,"M","P","02",TRUE
"j_6795",1,"M","F","18",TRUE
"j_6796",1,"L","M","28",FALSE
"j_6797",1,"L","C","12",TRUE
"j_6798",0,"M","P","24",TRUE
"j_6799",1,"S","G","14",TRUE
"j_6800",1,"S","P","12",TRUE
"j_6801",1,"S","F","04",TRUE
"j_6802",0,"L","P","14",TRUE
"j_6803",1,"S","I","12",FALSE
"j_6804",1,"M","N","32",TRUE
"j_6805",0,"L","P","22",FALSE
"j_6806",1,"S","F","14",TRUE
"j_6807",1,"S","F","04",TRUE
"j_6808",1,"S","F","22",TRUE
"j_6809",0,"L","P","24",FALSE
"j_6810",1,"S","P","04",TRUE
"j_6811",1,"S","H","12",TRUE
"j_6812",1,"S","F","22",TRUE
"j_6813",1,"M","G","10",TRUE
"j_6814",1,"M","M","10",TRUE
"j_6815",0,"L","K.L","08",TRUE
"j_6816",1,"M","F","12",TRUE
"j_6817",1,"M","C","18",FALSE
"j_6818",1,"M","C","10",TRUE
"j_6819",1,"S","F","16",TRUE
"j_6820",1,"S","F","18",TRUE
"j_6821",1,"L","F","24",TRUE
"j_6822",1,"S","N","14",TRUE
"j_6823",1,"S","F","28",TRUE
"j_6824",1,"M","Q","24",TRUE
"j_6825",1,"S","F","02",TRUE
"j_6826",1,"S","C","14",TRUE
"j_6827",1,"S","I","12",TRUE
"j_6828",1,"S","H","24",TRUE
"j_6829",1,"S","R.S","32",TRUE
"j_6830",1,"L","C","24",TRUE
"j_6831",1,"S","F","24",TRUE
"j_6832",1,"M","I","02",FALSE
"j_6833",1,"L","G","32",FALSE
"j_6834",1,"S","F","28",TRUE
"j_6835",1,"S","C","18",TRUE
"j_6836",1,"M","N","32",TRUE
"j_6837",1,"S","Q","32",TRUE
"j_6838",1,"S","Q","18",FALSE
"j_6839",1,"S","C","22",TRUE
"j_6840",1,"M","M","08",TRUE
"j_6841",1,"S","I","14",TRUE
"j_6842",1,"L","C","12",FALSE
"j_6843",1,"S","F","10",TRUE
"j_6844",1,"S","G","14",TRUE
"j_6845",1,"S","R.S","02",TRUE
"j_6846",1,"S","G","22",FALSE
"j_6847",1,"S","F","28",TRUE
"j_6848",1,"S","C","24",TRUE
"j_6849",1,"S","P","14",TRUE
"j_6850",1,"S","C","02",TRUE
"j_6851",1,"S","G","32",TRUE
"j_6852",1,"L","C","12",TRUE
"j_6853",1,"S","C","30",TRUE
"j_6854",1,"L","C","04",FALSE
"j_6855",1,"M","N","10",FALSE
"j_6856",1,"S","J","02",TRUE
"j_6857",0,"M","P","02",TRUE
"j_6858",1,"S","G","24",TRUE
"j_6859",1,"M","G","30",TRUE
"j_6860",1,"S","C","30",TRUE
"j_6861",1,"M","I","14",TRUE
"j_6862",1,"S","I","04",FALSE
"j_6863",1,"M","G","26",TRUE
"j_6864",1,"M","G","22",TRUE
"j_6865",1,"S","I","16",FALSE
"j_6866",1,"S","G","14",FALSE
"j_6867",1,"S","R.S","14",FALSE
"j_6868",1,"M","G","24",FALSE
"j_6869",1,"S","C","24",TRUE
"j_6870",1,"S","F","24",TRUE
"j_6871",1,"L","Q","04",FALSE
"j_6872",1,"S","C","06",TRUE
"j_6873",1,"M","G","14",TRUE
"j_6874",1,"M","C","30",TRUE
"j_6875",1,"S","G","14",TRUE
"j_6876",1,"S","R.S","30",FALSE
"j_6877",1,"S","K.L","14",TRUE
"j_6878",1,"M","C","10",TRUE
"j_6879",1,"L","C","28",FALSE
"j_6880",1,"S","F","20",TRUE
"j_6881",1,"S","C","02",TRUE
"j_6882",1,"S","C","10",FALSE
"j_6883",1,"S","F","26",TRUE
"j_6884",1,"S","F","12",TRUE
"j_6885",1,"L","C","18",FALSE
"j_6886",1,"S","H","32",TRUE
"j_6887",1,"S","G","14",TRUE
"j_6888",1,"L","D.E","08",TRUE
"j_6889",1,"M","F","24",TRUE
"j_6890",1,"S","J","24",TRUE
"j_6891",1,"S","C","24",TRUE
"j_6892",1,"S","F","24",TRUE
"j_6893",1,"L","C","24",FALSE
"j_6894",1,"M","R.S","02",FALSE
"j_6895",1,"S","C","24",TRUE
"j_6896",1,"S","Q","30",FALSE
"j_6897",1,"M","M","12",TRUE
"j_6898",1,"S","I","04",FALSE
"j_6899",1,"S","F","30",TRUE
"j_6900",1,"S","C","28",TRUE
"j_6901",1,"S","C","10",FALSE
"j_6902",1,"S","C","02",TRUE
"j_6903",0,"L","K.L","02",TRUE
"j_6904",1,"L","C","30",FALSE
"j_6905",1,"M","C","18",FALSE
"j_6906",0,"M","D.E","12",TRUE
"j_6907",1,"S","C","18",TRUE
"j_6908",1,"S","F","04",TRUE
"j_6909",1,"S","N","18",TRUE
"j_6910",1,"S","H","24",FALSE
"j_6911",1,"S","G","14",TRUE
"j_6912",0,"L","P","22",TRUE
"j_6913",1,"S","G","10",TRUE
"j_6914",1,"S","C","02",FALSE
"j_6915",1,"L","C","16",TRUE
"j_6916",1,"S","P","14",TRUE
"j_6917",1,"S","H","24",FALSE
"j_6918",1,"S","C","08",TRUE
"j_6919",1,"S","G","30",TRUE
"j_6920",1,"S","F","14",TRUE
"j_6921",1,"S","M","18",FALSE
"j_6922",1,"S","F","22",TRUE
"j_6923",0,"L","P","22",FALSE
"j_6924",1,"L","F","16",FALSE
"j_6925",1,"S","G","32",FALSE
"j_6926",1,"M","G","12",TRUE
"j_6927",1,"S","I","18",FALSE
"j_6928",1,"S","D.E","06",TRUE
"j_6929",1,"S","I","12",TRUE
"j_6930",1,"S","H","04",TRUE
"j_6931",1,"M","F","18",TRUE
"j_6932",1,"S","H","30",TRUE
"j_6933",1,"S","F","18",TRUE
"j_6934",1,"S","H","26",FALSE
"j_6935",1,"M","C","30",FALSE
"j_6936",1,"S","F","02",TRUE
"j_6937",0,"L","D.E","02",FALSE
"j_6938",1,"M","N","18",TRUE
"j_6939",1,"S","F","22",TRUE
"j_6940",1,"S","J","14",TRUE
"j_6941",1,"S","I","14",TRUE
"j_6942",1,"S","C","32",TRUE
"j_6943",1,"S","G","14",TRUE
"j_6944",1,"S","C","10",TRUE
"j_6945",1,"M","M","02",TRUE
"j_6946",1,"S","G","04",FALSE
"j_6947",1,"S","G","18",TRUE
"j_6948",1,"L","C","18",FALSE
"j_6949",1,"S","C","18",TRUE
"j_6950",1,"M","I","18",TRUE
"j_6951",1,"S","G","18",TRUE
"j_6952",1,"M","C","18",FALSE
"j_6953",0,"M","Q","18",FALSE
"j_6954",1,"L","C","12",FALSE
"j_6955",1,"L","C","18",TRUE
"j_6956",1,"S","F","18",TRUE
"j_6957",1,"L","F","18",FALSE
"j_6958",1,"S","C","18",TRUE
"j_6959",1,"L","C","18",FALSE
"j_6960",1,"S","G","18",TRUE
"j_6961",1,"M","G","18",FALSE
"j_6962",1,"S","I","18",FALSE
"j_6963",1,"M","N","18",TRUE
"j_6964",1,"S","F","18",TRUE
"j_6965",1,"M","G","18",TRUE
"j_6966",1,"S","H","18",TRUE
"j_6967",0,"M","K.L","18",TRUE
"j_6968",1,"M","G","12",TRUE
"j_6969",1,"S","I","18",FALSE
"j_6970",1,"S","J","18",TRUE
"j_6971",0,"L","C","18",TRUE
"j_6972",1,"S","G","18",TRUE
"j_6973",1,"M","I","18",FALSE
"j_6974",1,"M","I","18",FALSE
"j_6975",1,"M","I","06",FALSE
"j_6976",0,"L","Q","18",TRUE
"j_6977",0,"S","Q","18",TRUE
"j_6978",0,"M","O","18",TRUE
"j_6979",1,"L","N","12",FALSE
"j_6980",1,"L","C","18",FALSE
"j_6981",1,"S","I","18",TRUE
"j_6982",1,"S","G","12",FALSE
"j_6983",1,"S","C","18",TRUE
"j_6984",1,"S","G","18",TRUE
"j_6985",1,"M","Q","18",FALSE
"j_6986",1,"L","C","18",TRUE
"j_6987",1,"M","C","18",FALSE
"j_6988",1,"S","I","18",FALSE
"j_6989",1,"L","C","18",TRUE
"j_6990",0,"L","P","18",TRUE
"j_6991",1,"L","G","18",FALSE
"j_6992",1,"L","F","18",TRUE
"j_6993",1,"S","C","18",TRUE
"j_6994",1,"S","F","18",TRUE
"j_6995",1,"S","Q","18",TRUE
"j_6996",1,"S","F","18",TRUE
"j_6997",1,"S","H","18",TRUE
"j_6998",1,"M","C","18",TRUE
"j_6999",0,"L","D.E","18",TRUE
"j_7000",1,"M","F","18",TRUE
"j_7001",1,"M","P","02",TRUE
"j_7002",1,"M","C","10",TRUE
"j_7003",1,"M","F","30",TRUE
"j_7004",0,"M","F","10",TRUE
"j_7005",1,"S","I","14",TRUE
"j_7006",1,"S","I","14",TRUE
"j_7007",1,"M","G","24",TRUE
"j_7008",1,"S","F","20",TRUE
"j_7009",1,"S","C","14",TRUE
"j_7010",1,"S","F","10",TRUE
"j_7011",1,"S","F","24",TRUE
"j_7012",1,"S","F","06",TRUE
"j_7013",1,"S","G","08",FALSE
"j_7014",1,"M","I","14",TRUE
"j_7015",1,"S","J","32",TRUE
"j_7016",1,"M","C","14",FALSE
"j_7017",1,"S","N","22",TRUE
"j_7018",1,"S","C","24",TRUE
"j_7019",1,"S","C","24",TRUE
"j_7020",1,"S","F","22",TRUE
"j_7021",1,"S","F","02",TRUE
"j_7022",1,"M","F","06",TRUE
"j_7023",1,"M","F","18",TRUE
"j_7024",1,"M","F","12",TRUE
"j_7025",1,"S","F","12",TRUE
"j_7026",1,"M","C","24",FALSE
"j_7027",0,"M","P","02",FALSE
"j_7028",1,"S","C","10",TRUE
"j_7029",1,"L","H","24",TRUE
"j_7030",1,"S","C","06",TRUE
"j_7031",1,"S","G","30",TRUE
"j_7032",1,"S","F","02",FALSE
"j_7033",1,"S","C","18",TRUE
"j_7034",1,"S","G","02",FALSE
"j_7035",1,"M","C","14",TRUE
"j_7036",1,"L","C","24",TRUE
"j_7037",1,"M","Q","10",FALSE
"j_7038",0,"M","P","14",TRUE
"j_7039",1,"S","P","14",TRUE
"j_7040",1,"M","C","16",FALSE
"j_7041",1,"S","G","26",FALSE
"j_7042",1,"S","G","22",FALSE
"j_7043",1,"M","F","16",TRUE
"j_7044",1,"M","C","04",FALSE
"j_7045",0,"L","P","10",FALSE
"j_7046",1,"M","C","04",FALSE
"j_7047",1,"S","R.S","24",FALSE
"j_7048",1,"S","G","32",FALSE
"j_7049",1,"S","N","06",FALSE
"j_7050",1,"S","R.S","12",FALSE
"j_7051",1,"S","P","08",FALSE
"j_7052",1,"S","C","16",TRUE
"j_7053",0,"M","P","02",TRUE
"j_7054",1,"S","N","02",FALSE
"j_7055",1,"M","F","24",TRUE
"j_7056",1,"S","F","04",TRUE
"j_7057",1,"S","P","04",TRUE
"j_7058",1,"S","F","04",TRUE
"j_7059",1,"L","C","16",FALSE
"j_7060",1,"S","C","18",TRUE
"j_7061",0,"L","P","22",TRUE
"j_7062",1,"S","P","14",FALSE
"j_7063",0,"M","P","26",TRUE
"j_7064",1,"L","C","22",FALSE
"j_7065",1,"S","C","12",TRUE
"j_7066",1,"S","C","14",TRUE
"j_7067",1,"S","C","14",TRUE
"j_7068",1,"S","F","24",FALSE
"j_7069",1,"S","G","24",FALSE
"j_7070",1,"S","G","02",FALSE
"j_7071",1,"L","C","14",TRUE
"j_7072",1,"S","F","14",TRUE
"j_7073",1,"M","C","22",TRUE
"j_7074",1,"S","R.S","02",TRUE
"j_7075",1,"M","C","12",TRUE
"j_7076",1,"S","N","14",TRUE
"j_7077",1,"S","R.S","30",TRUE
"j_7078",1,"S","N","28",TRUE
"j_7079",1,"S","I","06",TRUE
"j_7080",0,"S","D.E","22",TRUE
"j_7081",1,"S","F","14",TRUE
"j_7082",1,"M","G","24",FALSE
"j_7083",1,"S","I","12",TRUE
"j_7084",1,"S","G","28",TRUE
"j_7085",1,"S","G","18",FALSE
"j_7086",1,"S","I","12",TRUE
"j_7087",1,"S","G","18",FALSE
"j_7088",1,"S","I","06",FALSE
"j_7089",1,"M","F","04",TRUE
"j_7090",1,"M","C","24",TRUE
"j_7091",1,"S","F","12",TRUE
"j_7092",1,"S","G","22",FALSE
"j_7093",1,"S","F","14",TRUE
"j_7094",1,"L","C","26",TRUE
"j_7095",1,"S","G","20",FALSE
"j_7096",1,"S","D.E","14",TRUE
"j_7097",1,"S","I","02",FALSE
"j_7098",1,"S","F","14",TRUE
"j_7099",1,"S","Q","28",TRUE
"j_7100",1,"S","C","14",TRUE
"j_7101",1,"S","R.S","14",FALSE
"j_7102",1,"S","F","08",TRUE
"j_7103",1,"M","H","02",FALSE
"j_7104",1,"M","G","02",FALSE
"j_7105",1,"M","F","02",TRUE
"j_7106",1,"S","C","02",TRUE
"j_7107",1,"L","C","02",FALSE
"j_7108",1,"S","G","02",TRUE
"j_7109",1,"M","G","02",TRUE
"j_7110",1,"S","G","02",FALSE
"j_7111",1,"L","P","02",FALSE
"j_7112",1,"M","G","02",FALSE
"j_7113",1,"M","G","02",FALSE
"j_7114",1,"S","F","02",TRUE
"j_7115",0,"L","D.E","02",TRUE
"j_7116",1,"S","F","02",TRUE
"j_7117",1,"M","M","02",TRUE
"j_7118",1,"S","R.S","02",FALSE
"j_7119",1,"S","G","02",FALSE
"j_7120",1,"M","G","02",TRUE
"j_7121",1,"S","C","02",FALSE
"j_7122",1,"S","F","02",TRUE
"j_7123",1,"S","M","02",TRUE
"j_7124",1,"M","R.S","02",TRUE
"j_7125",1,"L","I","02",FALSE
"j_7126",1,"L","C","02",FALSE
"j_7127",1,"M","G","02",FALSE
"j_7128",1,"L","C","02",TRUE
"j_7129",1,"S","H","02",TRUE
"j_7130",1,"S","I","02",TRUE
"j_7131",0,"L","P","02",FALSE
"j_7132",1,"M","I","02",FALSE
"j_7133",1,"S","R.S","02",FALSE
"j_7134",1,"M","D.E","02",FALSE
"j_7135",1,"S","C","02",TRUE
"j_7136",0,"L","O","02",TRUE
"j_7137",1,"L","N","02",FALSE
"j_7138",1,"S","F","02",TRUE
"j_7139",0,"L","Q","02",FALSE
"j_7140",1,"L","G","02",FALSE
"j_7141",1,"L","N","02",FALSE
"j_7142",1,"S","C","02",TRUE
"j_7143",1,"M","Q","02",TRUE
"j_7144",1,"L","C","02",FALSE
"j_7145",1,"S","N","02",TRUE
"j_7146",1,"S","G","02",FALSE
"j_7147",1,"L","C","02",FALSE
"j_7148",0,"L","D.E","02",TRUE
"j_7149",1,"S","G","02",TRUE
"j_7150",1,"S","G","02",FALSE
"j_7151",1,"M","C","02",TRUE
"j_7152",1,"S","F","02",TRUE
"j_7153",1,"M","Q","02",FALSE
"j_7154",1,"S","F","02",TRUE
"j_7155",1,"S","M","02",TRUE
"j_7156",1,"M","C","02",TRUE
"j_7157",1,"S","G","02",FALSE
"j_7158",1,"M","C","02",TRUE
"j_7159",0,"L","P","02",TRUE
"j_7160",1,"M","F","02",TRUE
"j_7161",1,"S","C","02",TRUE
"j_7162",1,"L","C","30",FALSE
"j_7163",1,"M","G","30",FALSE
"j_7164",1,"S","F","30",TRUE
"j_7165",0,"L","P","30",TRUE
"j_7166",1,"M","C","30",TRUE
"j_7167",1,"M","G","30",FALSE
"j_7168",1,"S","G","30",TRUE
"j_7169",1,"S","H","30",FALSE
"j_7170",1,"S","G","30",TRUE
"j_7171",0,"L","Q","30",FALSE
"j_7172",1,"M","C","30",FALSE
"j_7173",1,"M","C","30",TRUE
"j_7174",1,"S","I","30",TRUE
"j_7175",1,"L","C","30",FALSE
"j_7176",1,"S","F","30",TRUE
"j_7177",1,"M","I","30",TRUE
"j_7178",1,"L","C","30",FALSE
"j_7179",1,"M","G","30",FALSE
"j_7180",1,"L","C","30",FALSE
"j_7181",1,"S","G","30",TRUE
"j_7182",1,"M","G","30",TRUE
"j_7183",1,"L","C","14",FALSE
"j_7184",1,"L","F","30",TRUE
"j_7185",1,"S","G","30",TRUE
"j_7186",1,"M","H","30",FALSE
"j_7187",1,"M","C","08",FALSE
"j_7188",1,"S","M","30",TRUE
"j_7189",1,"L","C","30",FALSE
"j_7190",1,"S","G","30",TRUE
"j_7191",1,"S","F","30",TRUE
"j_7192",1,"S","G","30",TRUE
"j_7193",1,"L","C","30",TRUE
"j_7194",1,"L","C","30",FALSE
"j_7195",1,"M","G","30",TRUE
"j_7196",1,"L","C","30",TRUE
"j_7197",1,"L","G","30",TRUE
"j_7198",1,"S","C","02",TRUE
"j_7199",1,"S","P","30",TRUE
"j_7200",1,"M","H","30",FALSE
"j_7201",1,"S","H","30",FALSE
"j_7202",1,"M","C","30",TRUE
"j_7203",1,"S","C","30",TRUE
"j_7204",1,"S","N","30",TRUE
"j_7205",1,"M","C","30",FALSE
"j_7206",1,"S","F","30",TRUE
"j_7207",1,"S","C","30",TRUE
"j_7208",1,"L","C","06",FALSE
"j_7209",1,"S","H","06",TRUE
"j_7210",1,"M","F","06",TRUE
"j_7211",1,"M","N","06",TRUE
"j_7212",1,"M","C","06",TRUE
"j_7213",1,"M","M","06",TRUE
"j_7214",1,"M","P","06",TRUE
"j_7215",1,"S","N","06",TRUE
"j_7216",1,"L","C","06",TRUE
"j_7217",1,"M","F","06",TRUE
"j_7218",1,"M","F","06",TRUE
"j_7219",1,"S","G","06",FALSE
"j_7220",1,"S","G","06",TRUE
"j_7221",1,"S","C","06",TRUE
"j_7222",1,"S","K.L","06",TRUE
"j_7223",1,"S","H","06",FALSE
"j_7224",1,"S","G","06",FALSE
"j_7225",1,"S","C","06",TRUE
"j_7226",1,"M","N","06",TRUE
"j_7227",1,"S","C","06",TRUE
"j_7228",1,"M","M","14",FALSE
"j_7229",1,"L","G","06",FALSE
"j_7230",1,"L","C","06",FALSE
"j_7231",1,"M","M","06",TRUE
"j_7232",1,"L","C","06",TRUE
"j_7233",1,"L","C","06",FALSE
"j_7234",1,"M","G","14",TRUE
"j_7235",1,"M","C","06",FALSE
"j_7236",1,"L","C","06",TRUE
"j_7237",1,"M","G","06",TRUE
"j_7238",1,"L","H","06",FALSE
"j_7239",1,"M","G","06",FALSE
"j_7240",1,"S","G","06",TRUE
"j_7241",1,"S","I","06",FALSE
"j_7242",1,"S","H","06",TRUE
"j_7243",1,"S","F","06",TRUE
"j_7244",1,"S","F","06",TRUE
"j_7245",1,"M","K.L","06",TRUE
"j_7246",1,"S","H","06",FALSE
"j_7247",1,"S","M","06",TRUE
"j_7248",1,"M","H","06",TRUE
"j_7249",1,"L","G","06",FALSE
"j_7250",1,"M","D.E","06",TRUE
"j_7251",1,"M","C","06",TRUE
"j_7252",1,"M","H","06",TRUE
"j_7253",1,"M","Q","06",FALSE
"j_7254",1,"L","F","06",TRUE
"j_7255",1,"L","H","06",TRUE
"j_7256",1,"M","N","06",TRUE
"j_7257",1,"M","F","06",TRUE
"j_7258",0,"L","Q","06",TRUE
"j_7259",0,"L","Q","06",TRUE
"j_7260",1,"M","G","06",TRUE
"j_7261",1,"S","C","06",TRUE
"j_7262",1,"S","C","06",TRUE
"j_7263",1,"M","G","06",FALSE
"j_7264",0,"L","O","06",TRUE
"j_7265",0,"L","O","06",TRUE
"j_7266",0,"L","Q","06",FALSE
"j_7267",0,"M","O","06",TRUE
"j_7268",1,"S","G","06",FALSE
"j_7269",1,"M","C","06",TRUE
"j_7270",1,"M","H","06",TRUE
"j_7271",1,"M","G","06",TRUE
"j_7272",1,"M","G","06",FALSE
"j_7273",1,"S","F","06",TRUE
"j_7274",1,"L","G","06",TRUE
"j_7275",1,"S","Q","06",TRUE
"j_7276",0,"L","Q","06",TRUE
"j_7277",1,"L","H","06",TRUE
"j_7278",1,"S","G","06",TRUE
"j_7279",1,"M","G","06",TRUE
"j_7280",1,"M","H","06",TRUE
"j_7281",1,"S","F","06",TRUE
"j_7282",1,"M","C","06",TRUE
"j_7283",1,"L","C","06",TRUE
"j_7284",1,"S","F","06",TRUE
"j_7285",1,"M","K.L","06",TRUE
"j_7286",1,"S","G","06",TRUE
"j_7287",1,"M","C","06",TRUE
"j_7288",1,"M","F","06",TRUE
"j_7289",1,"S","C","14",TRUE
"j_7290",1,"M","C","06",FALSE
"j_7291",1,"S","G","06",TRUE
"j_7292",1,"S","G","06",TRUE
"j_7293",1,"S","G","06",TRUE
"j_7294",1,"S","D.E","06",TRUE
"j_7295",1,"L","M","06",FALSE
"j_7296",1,"L","C","06",FALSE
"j_7297",1,"S","G","06",FALSE
"j_7298",1,"S","Q","06",TRUE
"j_7299",1,"S","F","06",TRUE
"j_7300",1,"L","C","24",FALSE
"j_7301",1,"S","F","06",TRUE
"j_7302",1,"L","C","06",TRUE
"j_7303",1,"S","I","14",FALSE
"j_7304",1,"S","G","06",TRUE
"j_7305",1,"L","C","18",FALSE
"j_7306",1,"S","F","06",TRUE
"j_7307",1,"S","I","06",FALSE
"j_7308",1,"M","R.S","06",TRUE
"j_7309",1,"S","C","06",TRUE
"j_7310",1,"S","F","06",TRUE
"j_7311",1,"S","C","06",FALSE
"j_7312",1,"M","C","06",TRUE
"j_7313",1,"S","J","06",TRUE
"j_7314",1,"S","F","06",FALSE
"j_7315",1,"L","C","20",TRUE
"j_7316",1,"M","G","20",TRUE
"j_7317",1,"M","F","20",TRUE
"j_7318",1,"M","G","20",FALSE
"j_7319",1,"L","C","20",FALSE
"j_7320",1,"S","G","20",TRUE
"j_7321",1,"M","C","20",TRUE
"j_7322",1,"M","C","20",TRUE
"j_7323",1,"M","R.S","20",FALSE
"j_7324",1,"M","K.L","20",TRUE
"j_7325",1,"M","H","20",TRUE
"j_7326",1,"S","G","20",FALSE
"j_7327",1,"S","N","20",TRUE
"j_7328",1,"S","Q","20",FALSE
"j_7329",1,"M","F","20",FALSE
"j_7330",1,"S","G","20",TRUE
"j_7331",1,"S","C","20",TRUE
"j_7332",1,"L","I","20",TRUE
"j_7333",1,"S","F","20",TRUE
"j_7334",1,"S","I","20",TRUE
"j_7335",1,"M","Q","20",TRUE
"j_7336",1,"S","G","20",TRUE
"j_7337",1,"M","G","20",FALSE
"j_7338",1,"M","F","20",TRUE
"j_7339",1,"S","G","28",TRUE
"j_7340",1,"L","F","20",TRUE
"j_7341",1,"M","C","20",TRUE
"j_7342",1,"S","G","20",FALSE
"j_7343",1,"S","G","20",TRUE
"j_7344",0,"M","P","20",TRUE
"j_7345",0,"L","P","10",FALSE
"j_7346",1,"M","F","10",TRUE
"j_7347",1,"S","G","10",TRUE
"j_7348",0,"M","D.E","10",TRUE
"j_7349",1,"S","G","10",TRUE
"j_7350",1,"L","C","10",TRUE
"j_7351",1,"M","C","10",TRUE
"j_7352",1,"S","H","10",TRUE
"j_7353",1,"S","C","10",TRUE
"j_7354",1,"S","H","14",TRUE
"j_7355",1,"M","C","10",TRUE
"j_7356",1,"M","C","10",TRUE
"j_7357",0,"M","Q","10",FALSE
"j_7358",1,"S","C","10",TRUE
"j_7359",0,"M","P","10",TRUE
"j_7360",1,"S","C","10",FALSE
"j_7361",1,"M","C","10",TRUE
"j_7362",1,"L","C","10",TRUE
"j_7363",1,"S","C","10",FALSE
"j_7364",1,"M","C","10",FALSE
"j_7365",1,"L","G","10",FALSE
"j_7366",1,"S","G","10",TRUE
"j_7367",1,"M","C","10",TRUE
"j_7368",1,"S","G","10",FALSE
"j_7369",1,"L","M","10",TRUE
"j_7370",1,"M","N","10",FALSE
"j_7371",1,"M","P","10",FALSE
"j_7372",1,"S","N","10",TRUE
"j_7373",1,"L","F","10",TRUE
"j_7374",0,"L","O","10",TRUE
"j_7375",1,"L","H","10",TRUE
"j_7376",1,"S","G","10",TRUE
"j_7377",1,"S","F","10",TRUE
"j_7378",1,"M","F","10",TRUE
"j_7379",1,"L","G","10",FALSE
"j_7380",1,"L","H","10",TRUE
"j_7381",1,"L","C","10",FALSE
"j_7382",1,"S","F","10",TRUE
"j_7383",1,"L","C","10",TRUE
"j_7384",1,"S","F","10",TRUE
"j_7385",1,"M","C","10",TRUE
"j_7386",1,"M","C","10",TRUE
"j_7387",0,"M","M","10",TRUE
"j_7388",1,"L","G","10",TRUE
"j_7389",1,"S","C","10",TRUE
"j_7390",1,"S","I","10",TRUE
"j_7391",1,"M","G","10",TRUE
"j_7392",0,"L","Q","10",FALSE
"j_7393",1,"S","R.S","10",TRUE
"j_7394",1,"S","M","10",TRUE
"j_7395",1,"S","F","10",TRUE
"j_7396",1,"S","G","10",TRUE
"j_7397",1,"M","C","10",FALSE
"j_7398",1,"M","M","10",TRUE
"j_7399",1,"M","G","10",FALSE
"j_7400",1,"S","R.S","10",TRUE
"j_7401",1,"S","C","10",TRUE
"j_7402",1,"M","G","10",TRUE
"j_7403",1,"S","G","10",FALSE
"j_7404",0,"M","D.E","10",TRUE
"j_7405",1,"S","J","10",TRUE
"j_7406",1,"S","I","10",TRUE
"j_7407",1,"S","C","10",TRUE
"j_7408",1,"M","F","10",TRUE
"j_7409",1,"M","I","10",FALSE
"j_7410",1,"S","G","10",TRUE
"j_7411",1,"L","C","10",FALSE
"j_7412",1,"M","Q","10",FALSE
"j_7413",1,"S","G","10",TRUE
"j_7414",1,"S","G","10",TRUE
"j_7415",1,"M","F","10",TRUE
"j_7416",1,"M","N","10",FALSE
"j_7417",1,"M","G","10",FALSE
"j_7418",1,"M","C","10",TRUE
"j_7419",1,"S","C","10",TRUE
"j_7420",1,"M","N","10",FALSE
"j_7421",1,"M","G","10",TRUE
"j_7422",0,"L","O","10",TRUE
"j_7423",1,"M","C","10",TRUE
"j_7424",0,"M","O","10",TRUE
"j_7425",1,"S","M","14",TRUE
"j_7426",1,"L","C","10",TRUE
"j_7427",1,"S","N","10",TRUE
"j_7428",1,"M","F","10",TRUE
"j_7429",1,"S","G","10",TRUE
"j_7430",1,"M","C","10",FALSE
"j_7431",1,"S","I","10",FALSE
"j_7432",1,"S","I","10",TRUE
"j_7433",1,"S","G","10",TRUE
"j_7434",1,"S","F","10",TRUE
"j_7435",1,"S","G","10",FALSE
"j_7436",1,"S","R.S","10",TRUE
"j_7437",1,"L","H","10",TRUE
"j_7438",1,"M","G","10",TRUE
"j_7439",1,"S","D.E","10",TRUE
"j_7440",1,"S","G","10",FALSE
"j_7441",1,"L","Q","10",TRUE
"j_7442",1,"S","G","10",TRUE
"j_7443",1,"L","C","10",TRUE
"j_7444",1,"L","C","10",FALSE
"j_7445",1,"L","N","10",FALSE
"j_7446",1,"M","I","10",TRUE
"j_7447",1,"S","F","10",TRUE
"j_7448",1,"S","G","10",TRUE
"j_7449",1,"S","G","10",TRUE
"j_7450",1,"S","G","10",FALSE
"j_7451",1,"S","G","16",TRUE
"j_7452",1,"L","N","10",FALSE
"j_7453",1,"M","C","10",TRUE
"j_7454",1,"S","I","10",FALSE
"j_7455",1,"S","C","10",TRUE
"j_7456",1,"S","G","10",TRUE
"j_7457",1,"S","G","10",TRUE
"j_7458",1,"S","N","10",TRUE
"j_7459",1,"S","C","10",TRUE
"j_7460",1,"L","C","10",TRUE
"j_7461",1,"S","N","10",TRUE
"j_7462",1,"M","C","10",TRUE
"j_7463",1,"L","C","10",TRUE
"j_7464",1,"S","G","10",TRUE
"j_7465",1,"S","G","10",TRUE
"j_7466",1,"S","G","10",TRUE
"j_7467",1,"S","G","10",TRUE
"j_7468",1,"S","G","10",TRUE
"j_7469",1,"S","C","12",TRUE
"j_7470",0,"M","Q","12",FALSE
"j_7471",1,"M","C","12",TRUE
"j_7472",1,"M","G","12",FALSE
"j_7473",1,"S","F","12",TRUE
"j_7474",1,"M","F","12",TRUE
"j_7475",1,"L","C","12",FALSE
"j_7476",0,"L","I","12",FALSE
"j_7477",1,"S","H","12",TRUE
"j_7478",1,"S","F","12",TRUE
"j_7479",1,"S","C","12",TRUE
"j_7480",1,"S","F","12",TRUE
"j_7481",1,"S","F","12",TRUE
"j_7482",1,"L","G","12",TRUE
"j_7483",1,"M","G","12",TRUE
"j_7484",1,"S","G","12",TRUE
"j_7485",1,"M","G","12",FALSE
"j_7486",1,"M","I","12",TRUE
"j_7487",1,"M","C","12",TRUE
"j_7488",1,"M","G","12",TRUE
"j_7489",1,"S","I","12",FALSE
"j_7490",1,"S","M","12",TRUE
"j_7491",1,"M","D.E","12",FALSE
"j_7492",1,"M","C","12",TRUE
"j_7493",1,"S","C","12",TRUE
"j_7494",1,"M","Q","12",TRUE
"j_7495",0,"L","H","12",TRUE
"j_7496",1,"L","G","12",FALSE
"j_7497",1,"M","G","12",TRUE
"j_7498",1,"S","H","12",TRUE
"j_7499",1,"M","N","12",FALSE
"j_7500",1,"M","R.S","12",FALSE
"j_7501",1,"M","G","12",TRUE
"j_7502",1,"L","D.E","12",TRUE
"j_7503",0,"M","P","12",TRUE
"j_7504",1,"M","G","12",FALSE
"j_7505",1,"S","C","12",TRUE
"j_7506",1,"M","C","12",TRUE
"j_7507",1,"M","C","12",TRUE
"j_7508",1,"S","F","12",TRUE
"j_7509",1,"M","G","12",TRUE
"j_7510",1,"S","C","12",TRUE
"j_7511",1,"M","G","12",FALSE
"j_7512",1,"S","G","12",FALSE
"j_7513",1,"S","H","12",FALSE
"j_7514",1,"M","P","12",TRUE
"j_7515",0,"L","O","12",TRUE
"j_7516",1,"M","F","12",TRUE
"j_7517",1,"S","G","12",FALSE
"j_7518",1,"M","G","12",FALSE
"j_7519",1,"S","N","12",TRUE
"j_7520",1,"M","F","12",TRUE
"j_7521",1,"L","G","12",TRUE
"j_7522",1,"M","F","12",TRUE
"j_7523",1,"M","G","12",FALSE
"j_7524",1,"L","G","12",TRUE
"j_7525",1,"M","G","12",FALSE
"j_7526",1,"M","C","12",TRUE
"j_7527",1,"M","G","12",FALSE
"j_7528",1,"S","G","12",TRUE
"j_7529",1,"S","G","12",TRUE
"j_7530",1,"S","F","12",TRUE
"j_7531",1,"M","C","12",FALSE
"j_7532",1,"M","F","12",TRUE
"j_7533",1,"S","N","12",TRUE
"j_7534",1,"M","M","12",TRUE
"j_7535",1,"M","G","12",TRUE
"j_7536",1,"M","H","12",TRUE
"j_7537",1,"M","Q","12",FALSE
"j_7538",1,"S","Q","12",TRUE
"j_7539",1,"M","G","12",TRUE
"j_7540",1,"S","M","12",TRUE
"j_7541",1,"L","D.E","12",TRUE
"j_7542",1,"M","R.S","12",TRUE
"j_7543",1,"M","C","12",TRUE
"j_7544",1,"S","F","12",TRUE
"j_7545",1,"S","C","12",FALSE
"j_7546",1,"S","G","12",TRUE
"j_7547",1,"S","G","12",TRUE
"j_7548",1,"S","G","12",TRUE
"j_7549",1,"M","C","12",TRUE
"j_7550",1,"S","I","12",TRUE
"j_7551",1,"M","G","28",TRUE
"j_7552",1,"S","F","28",TRUE
"j_7553",1,"S","H","28",TRUE
"j_7554",0,"L","D.E","28",FALSE
"j_7555",1,"M","D.E","28",TRUE
"j_7556",1,"M","M","28",TRUE
"j_7557",1,"M","G","28",TRUE
"j_7558",1,"M","G","28",TRUE
"j_7559",1,"L","C","28",FALSE
"j_7560",1,"S","G","28",FALSE
"j_7561",1,"L","F","28",TRUE
"j_7562",1,"S","G","28",TRUE
"j_7563",1,"M","I","28",FALSE
"j_7564",1,"S","G","28",FALSE
"j_7565",1,"S","G","28",TRUE
"j_7566",1,"M","G","28",TRUE
"j_7567",1,"M","G","28",TRUE
"j_7568",1,"S","C","28",FALSE
"j_7569",1,"S","C","28",FALSE
"j_7570",1,"L","C","28",FALSE
"j_7571",1,"M","I","28",FALSE
"j_7572",1,"M","G","28",TRUE
"j_7573",1,"M","G","28",FALSE
"j_7574",1,"M","I","28",FALSE
"j_7575",1,"L","C","28",TRUE
"j_7576",1,"S","I","28",FALSE
"j_7577",1,"S","I","28",TRUE
"j_7578",1,"M","F","28",TRUE
"j_7579",1,"M","C","28",TRUE
"j_7580",1,"S","G","28",FALSE
"j_7581",1,"S","G","28",TRUE
"j_7582",1,"S","G","28",TRUE
"j_7583",1,"M","C","28",TRUE
"j_7584",1,"S","F","28",TRUE
"j_7585",1,"S","F","28",TRUE
"j_7586",1,"M","C","28",FALSE
"j_7587",1,"S","F","28",TRUE
"j_7588",1,"M","C","28",TRUE
"j_7589",1,"S","R.S","28",TRUE
"j_7590",1,"M","C","28",TRUE
"j_7591",1,"L","C","06",TRUE
"j_7592",1,"S","K.L","28",TRUE
"j_7593",1,"L","C","28",FALSE
"j_7594",1,"S","G","28",TRUE
"j_7595",1,"S","G","28",TRUE
"j_7596",1,"M","Q","28",FALSE
"j_7597",1,"L","H","28",TRUE
"j_7598",1,"S","G","28",TRUE
"j_7599",1,"M","C","28",TRUE
"j_7600",1,"M","C","28",TRUE
"j_7601",1,"S","G","28",TRUE
"j_7602",1,"S","F","28",TRUE
"j_7603",1,"M","G","28",TRUE
"j_7604",1,"S","G","28",TRUE
"j_7605",1,"M","F","28",TRUE
"j_7606",1,"M","C","28",TRUE
"j_7607",1,"M","G","28",FALSE
"j_7608",1,"S","C","28",TRUE
"j_7609",1,"M","K.L","28",FALSE
"j_7610",1,"M","C","28",TRUE
"j_7611",1,"S","F","28",TRUE
"j_7612",1,"M","H","28",TRUE
"j_7613",1,"S","G","28",FALSE
"j_7614",1,"M","C","28",TRUE
"j_7615",1,"M","F","28",TRUE
"j_7616",1,"M","C","28",TRUE
"j_7617",1,"S","G","28",TRUE
"j_7618",1,"L","N","28",FALSE
"j_7619",1,"S","G","28",TRUE
"j_7620",1,"M","I","28",FALSE
"j_7621",1,"S","F","28",TRUE
"j_7622",1,"M","C","28",TRUE
"j_7623",0,"L","D.E","28",FALSE
"j_7624",1,"M","G","28",TRUE
"j_7625",1,"M","M","28",FALSE
"j_7626",0,"L","O","28",TRUE
"j_7627",0,"M","O","28",TRUE
"j_7628",0,"S","O","28",TRUE
"j_7629",1,"L","C","28",FALSE
"j_7630",1,"L","C","28",TRUE
"j_7631",1,"S","G","28",TRUE
"j_7632",1,"M","G","28",TRUE
"j_7633",0,"M","Q","28",TRUE
"j_7634",1,"S","M","28",TRUE
"j_7635",1,"M","G","28",FALSE
"j_7636",1,"S","J","28",TRUE
"j_7637",1,"L","C","28",TRUE
"j_7638",1,"S","F","28",TRUE
"j_7639",0,"M","F","28",TRUE
"j_7640",1,"S","G","28",TRUE
"j_7641",1,"S","C","28",TRUE
"j_7642",1,"M","C","28",FALSE
"j_7643",1,"S","G","06",TRUE
"j_7644",1,"M","D.E","28",TRUE
"j_7645",1,"M","C","28",FALSE
"j_7646",1,"S","C","28",TRUE
"j_7647",0,"M","H","28",TRUE
"j_7648",0,"L","Q","28",FALSE
"j_7649",1,"M","C","28",FALSE
"j_7650",1,"L","N","22",FALSE
"j_7651",1,"S","I","28",TRUE
"j_7652",1,"M","D.E","28",FALSE
"j_7653",1,"S","G","28",FALSE
"j_7654",1,"S","C","28",TRUE
"j_7655",1,"S","R.S","28",TRUE
"j_7656",1,"M","K.L","28",FALSE
"j_7657",0,"L","Q","28",TRUE
"j_7658",0,"M","D.E","28",TRUE
"j_7659",1,"M","G","28",FALSE
"j_7660",1,"M","F","28",TRUE
"j_7661",1,"M","P","28",TRUE
"j_7662",1,"S","C","28",FALSE
"j_7663",1,"S","F","28",TRUE
"j_7664",1,"L","C","28",TRUE
"j_7665",1,"S","R.S","28",TRUE
"j_7666",1,"M","G","28",FALSE
"j_7667",1,"L","C","28",FALSE
"j_7668",1,"M","G","28",TRUE
"j_7669",1,"S","Q","28",TRUE
"j_7670",0,"L","P","28",TRUE
"j_7671",1,"M","G","28",TRUE
"j_7672",1,"S","H","28",FALSE
"j_7673",0,"M","R.S","28",TRUE
"j_7674",1,"M","H","28",TRUE
"j_7675",1,"S","H","28",FALSE
"j_7676",1,"S","G","28",TRUE
"j_7677",1,"M","I","28",FALSE
"j_7678",1,"S","G","28",FALSE
"j_7679",1,"M","G","28",FALSE
"j_7680",1,"S","C","28",TRUE
"j_7681",0,"M","P","28",TRUE
"j_7682",1,"M","K.L","28",FALSE
"j_7683",1,"L","C","28",TRUE
"j_7684",1,"M","G","14",FALSE
"j_7685",1,"S","F","28",TRUE
"j_7686",1,"S","G","28",TRUE
"j_7687",1,"M","C","28",TRUE
"j_7688",1,"S","F","28",TRUE
"j_7689",1,"S","I","28",FALSE
"j_7690",1,"S","G","28",FALSE
"j_7691",1,"L","C","28",FALSE
"j_7692",1,"M","G","28",TRUE
"j_7693",1,"M","C","28",TRUE
"j_7694",1,"S","Q","28",TRUE
"j_7695",1,"M","H","28",TRUE
"j_7696",1,"L","C","28",TRUE
"j_7697",1,"S","H","28",TRUE
"j_7698",1,"M","H","28",TRUE
"j_7699",1,"S","C","28",TRUE
"j_7700",1,"M","C","28",FALSE
"j_7701",0,"L","C","28",FALSE
"j_7702",1,"S","F","28",FALSE
"j_7703",1,"M","H","28",FALSE
"j_7704",1,"S","F","28",TRUE
"j_7705",1,"M","C","28",FALSE
"j_7706",1,"S","F","28",TRUE
"j_7707",1,"M","Q","28",FALSE
"j_7708",1,"L","C","28",FALSE
"j_7709",1,"S","F","28",TRUE
"j_7710",1,"S","H","28",TRUE
"j_7711",1,"M","C","28",FALSE
"j_7712",1,"S","H","28",TRUE
"j_7713",1,"S","C","28",TRUE
"j_7714",1,"S","F","28",TRUE
"j_7715",1,"S","G","28",FALSE
"j_7716",1,"M","C","28",FALSE
"j_7717",1,"L","C","16",FALSE
"j_7718",1,"S","G","16",TRUE
"j_7719",1,"L","C","16",FALSE
"j_7720",1,"S","G","16",TRUE
"j_7721",1,"M","H","16",FALSE
"j_7722",1,"L","C","16",TRUE
"j_7723",1,"L","C","16",FALSE
"j_7724",1,"M","C","16",TRUE
"j_7725",1,"S","Q","16",FALSE
"j_7726",1,"S","G","16",FALSE
"j_7727",1,"L","G","16",TRUE
"j_7728",1,"L","C","24",FALSE
"j_7729",1,"L","C","16",TRUE
"j_7730",0,"L","D.E","16",FALSE
"j_7731",1,"M","I","16",FALSE
"j_7732",1,"M","F","16",TRUE
"j_7733",0,"M","P","16",FALSE
"j_7734",0,"M","P","16",TRUE
"j_7735",1,"M","C","16",FALSE
"j_7736",1,"L","C","16",FALSE
"j_7737",1,"S","R.S","16",FALSE
"j_7738",1,"L","D.E","16",FALSE
"j_7739",1,"M","C","16",TRUE
"j_7740",1,"M","F","16",TRUE
"j_7741",1,"S","H","16",TRUE
"j_7742",1,"S","G","16",TRUE
"j_7743",1,"S","G","16",TRUE
"j_7744",1,"M","H","16",FALSE
"j_7745",1,"L","G","16",FALSE
"j_7746",1,"S","G","16",TRUE
"j_7747",1,"S","G","16",TRUE
"j_7748",1,"M","F","16",TRUE
"j_7749",1,"L","C","16",TRUE
"j_7750",1,"M","G","16",TRUE
"j_7751",1,"S","C","16",FALSE
"j_7752",1,"M","G","16",FALSE
"j_7753",1,"L","N","16",TRUE
"j_7754",1,"L","C","16",FALSE
"j_7755",1,"S","F","16",TRUE
"j_7756",1,"S","F","16",TRUE
"j_7757",1,"L","D.E","16",FALSE
"j_7758",1,"S","C","16",TRUE
"j_7759",1,"M","G","16",FALSE
"j_7760",1,"L","H","16",TRUE
"j_7761",1,"S","G","16",TRUE
"j_7762",1,"S","R.S","16",TRUE
"j_7763",1,"S","G","16",FALSE
"j_7764",1,"L","C","32",FALSE
"j_7765",1,"S","G","16",TRUE
"j_7766",1,"M","R.S","16",TRUE
"j_7767",1,"S","H","16",TRUE
"j_7768",1,"S","C","16",TRUE
"j_7769",1,"S","N","16",TRUE
"j_7770",1,"S","G","16",FALSE
"j_7771",1,"M","C","16",TRUE
"j_7772",1,"S","F","16",TRUE
"j_7773",1,"L","C","24",TRUE
"j_7774",1,"L","C","16",TRUE
"j_7775",1,"S","F","16",TRUE
"j_7776",1,"S","I","16",FALSE
"j_7777",1,"M","F","16",TRUE
"j_7778",1,"S","C","16",TRUE
"j_7779",1,"S","M","16",TRUE
"j_7780",1,"L","C","16",TRUE
"j_7781",0,"L","Q","16",TRUE
"j_7782",1,"S","K.L","16",FALSE
"j_7783",1,"L","C","16",FALSE
"j_7784",1,"M","G","16",FALSE
"j_7785",0,"M","Q","16",FALSE
"j_7786",1,"S","F","16",TRUE
"j_7787",0,"M","P","16",TRUE
"j_7788",1,"S","F","16",TRUE
"j_7789",1,"M","G","16",TRUE
"j_7790",1,"L","C","16",TRUE
"j_7791",1,"S","G","16",TRUE
"j_7792",1,"S","F","16",TRUE
"j_7793",1,"S","G","16",FALSE
"j_7794",1,"L","H","16",FALSE
"j_7795",1,"M","C","16",TRUE
"j_7796",1,"S","G","16",TRUE
"j_7797",1,"M","C","16",TRUE
"j_7798",0,"L","K.L","16",TRUE
"j_7799",1,"M","F","16",TRUE
"j_7800",1,"L","C","16",TRUE
"j_7801",1,"L","C","16",FALSE
"j_7802",1,"S","I","16",TRUE
"j_7803",1,"S","G","16",FALSE
"j_7804",1,"S","K.L","16",FALSE
"j_7805",1,"M","G","16",TRUE
"j_7806",1,"M","I","16",TRUE
"j_7807",1,"M","C","16",TRUE
"j_7808",1,"M","G","16",TRUE
"j_7809",0,"L","Q","16",FALSE
"j_7810",1,"M","G","16",TRUE
"j_7811",1,"M","C","16",TRUE
"j_7812",1,"S","I","16",FALSE
"j_7813",1,"S","F","16",TRUE
"j_7814",1,"M","I","16",TRUE
"j_7815",1,"M","G","16",TRUE
"j_7816",1,"S","I","16",FALSE
"j_7817",1,"M","F","16",TRUE
"j_7818",1,"S","F","16",TRUE
"j_7819",1,"S","I","24",FALSE
"j_7820",1,"S","C","16",TRUE
"j_7821",0,"M","Q","16",TRUE
"j_7822",1,"M","F","16",TRUE
"j_7823",1,"S","I","16",TRUE
"j_7824",1,"S","Q","16",TRUE
"j_7825",1,"M","G","16",FALSE
"j_7826",1,"S","N","16",TRUE
"j_7827",1,"M","I","16",FALSE
"j_7828",1,"S","C","16",FALSE
"j_7829",1,"L","F","16",TRUE
"j_7830",1,"S","D.E","16",TRUE
"j_7831",1,"S","G","16",TRUE
"j_7832",1,"S","D.E","16",TRUE
"j_7833",1,"L","H","16",FALSE
"j_7834",1,"S","G","16",TRUE
"j_7835",1,"L","N","16",FALSE
"j_7836",1,"S","G","16",TRUE
"j_7837",1,"S","G","16",FALSE
"j_7838",1,"L","F","16",TRUE
"j_7839",1,"M","C","16",TRUE
"j_7840",1,"M","C","16",FALSE
"j_7841",1,"S","C","16",TRUE
"j_7842",1,"S","N","14",TRUE
"j_7843",1,"S","N","16",TRUE
"j_7844",1,"S","R.S","16",TRUE
"j_7845",1,"L","C","14",TRUE
"j_7846",1,"S","G","16",TRUE
"j_7847",1,"L","H","16",FALSE
"j_7848",1,"S","G","16",FALSE
"j_7849",1,"L","C","16",TRUE
"j_7850",1,"S","I","16",TRUE
"j_7851",1,"S","R.S","16",TRUE
"j_7852",1,"S","G","16",TRUE
"j_7853",1,"M","F","16",TRUE
"j_7854",1,"S","M","16",TRUE
"j_7855",1,"S","C","14",TRUE
"j_7856",1,"S","I","14",FALSE
"j_7857",1,"S","F","14",TRUE
"j_7858",0,"M","Q","14",TRUE
"j_7859",1,"S","N","14",TRUE
"j_7860",1,"L","N","14",TRUE
"j_7861",1,"S","G","14",FALSE
"j_7862",1,"S","R.S","14",TRUE
"j_7863",1,"M","H","14",FALSE
"j_7864",1,"S","C","14",TRUE
"j_7865",1,"M","G","14",TRUE
"j_7866",1,"L","C","14",FALSE
"j_7867",1,"M","G","14",TRUE
"j_7868",1,"S","G","14",TRUE
"j_7869",1,"S","G","14",TRUE
"j_7870",1,"M","H","14",TRUE
"j_7871",1,"S","F","14",TRUE
"j_7872",1,"S","G","14",TRUE
"j_7873",1,"M","G","14",TRUE
"j_7874",1,"S","G","14",TRUE
"j_7875",1,"L","G","14",TRUE
"j_7876",1,"M","I","14",TRUE
"j_7877",1,"S","G","14",TRUE
"j_7878",1,"M","H","14",TRUE
"j_7879",1,"S","C","14",TRUE
"j_7880",1,"S","N","14",TRUE
"j_7881",1,"L","D.E","14",TRUE
"j_7882",1,"S","G","32",TRUE
"j_7883",1,"M","G","30",FALSE
"j_7884",1,"L","C","30",FALSE
"j_7885",1,"L","C","26",FALSE
"j_7886",1,"S","F","32",TRUE
"j_7887",1,"S","G","32",FALSE
"j_7888",1,"S","C","30",TRUE
"j_7889",1,"L","C","32",FALSE
"j_7890",1,"S","G","32",FALSE
"j_7891",1,"S","F","30",TRUE
"j_7892",1,"M","C","30",TRUE
"j_7893",1,"L","D.E","30",TRUE
"j_7894",1,"S","M","30",TRUE
"j_7895",1,"S","G","30",TRUE
"j_7896",1,"M","C","30",FALSE
"j_7897",0,"S","Q","30",TRUE
"j_7898",1,"M","C","30",FALSE
"j_7899",1,"M","N","30",FALSE
"j_7900",1,"S","M","32",TRUE
"j_7901",1,"M","C","30",FALSE
"j_7902",1,"S","C","30",TRUE
"j_7903",1,"S","G","30",TRUE
"j_7904",1,"M","I","30",TRUE
"j_7905",1,"M","C","30",FALSE
"j_7906",0,"M","O","30",TRUE
"j_7907",1,"M","K.L","30",TRUE
"j_7908",1,"S","F","30",TRUE
"j_7909",1,"S","G","30",FALSE
"j_7910",0,"L","P","30",FALSE
"j_7911",1,"S","I","30",TRUE
"j_7912",1,"M","G","30",FALSE
"j_7913",1,"S","G","30",FALSE
"j_7914",1,"M","F","30",TRUE
"j_7915",1,"S","F","30",TRUE
"j_7916",1,"S","C","30",TRUE
"j_7917",1,"S","F","30",TRUE
"j_7918",1,"L","C","30",TRUE
"j_7919",1,"L","C","30",FALSE
"j_7920",1,"M","G","30",TRUE
"j_7921",1,"L","C","30",FALSE
"j_7922",1,"S","C","30",FALSE
"j_7923",1,"L","F","10",TRUE
"j_7924",1,"S","C","10",TRUE
"j_7925",1,"L","I","10",TRUE
"j_7926",1,"M","F","10",FALSE
"j_7927",1,"M","N","10",TRUE
"j_7928",1,"L","C","10",TRUE
"j_7929",1,"L","F","10",TRUE
"j_7930",1,"L","F","10",TRUE
"j_7931",1,"M","C","10",TRUE
"j_7932",1,"S","C","10",FALSE
"j_7933",1,"S","M","14",TRUE
"j_7934",1,"S","F","10",TRUE
"j_7935",1,"M","C","10",TRUE
"j_7936",1,"S","R.S","10",TRUE
"j_7937",1,"M","G","10",FALSE
"j_7938",1,"M","G","10",FALSE
"j_7939",1,"M","C","10",TRUE
"j_7940",1,"S","G","10",TRUE
"j_7941",1,"S","I","10",TRUE
"j_7942",1,"S","G","10",FALSE
"j_7943",0,"M","D.E","10",FALSE
"j_7944",1,"S","C","10",FALSE
"j_7945",1,"S","G","10",TRUE
"j_7946",1,"M","F","10",TRUE
"j_7947",1,"S","G","10",FALSE
"j_7948",1,"L","N","14",FALSE
"j_7949",1,"L","C","10",FALSE
"j_7950",1,"S","I","10",FALSE
"j_7951",1,"M","C","10",FALSE
"j_7952",1,"L","G","10",FALSE
"j_7953",1,"M","N","10",FALSE
"j_7954",1,"L","C","10",TRUE
"j_7955",1,"M","F","10",TRUE
"j_7956",1,"S","G","10",TRUE
"j_7957",1,"M","P","10",TRUE
"j_7958",1,"M","F","10",TRUE
"j_7959",1,"S","F","10",TRUE
"j_7960",1,"M","N","10",TRUE
"j_7961",1,"S","N","10",TRUE
"j_7962",1,"S","G","10",FALSE
"j_7963",1,"L","F","10",TRUE
"j_7964",1,"M","G","10",TRUE
"j_7965",1,"S","G","10",TRUE
"j_7966",1,"S","F","10",TRUE
"j_7967",1,"S","F","10",TRUE
"j_7968",0,"M","P","10",TRUE
"j_7969",1,"L","Q","10",TRUE
"j_7970",1,"L","G","10",TRUE
"j_7971",1,"S","F","10",TRUE
"j_7972",1,"L","G","10",TRUE
"j_7973",1,"L","G","10",FALSE
"j_7974",1,"M","P","10",TRUE
"j_7975",1,"S","H","10",TRUE
"j_7976",1,"L","C","10",TRUE
"j_7977",0,"M","P","10",TRUE
"j_7978",1,"M","H","10",FALSE
"j_7979",1,"M","F","10",TRUE
"j_7980",0,"M","K.L","10",TRUE
"j_7981",1,"L","C","10",TRUE
"j_7982",1,"L","N","10",FALSE
"j_7983",1,"M","F","10",TRUE
"j_7984",1,"S","G","10",TRUE
"j_7985",1,"M","C","10",TRUE
"j_7986",1,"S","H","10",FALSE
"j_7987",1,"M","I","10",TRUE
"j_7988",1,"M","F","10",TRUE
"j_7989",1,"L","G","10",FALSE
"j_7990",1,"M","G","10",TRUE
"j_7991",1,"S","G","10",FALSE
"j_7992",1,"S","G","10",TRUE
"j_7993",1,"M","G","10",FALSE
"j_7994",1,"M","F","14",TRUE
"j_7995",0,"M","Q","10",TRUE
"j_7996",1,"M","F","10",TRUE
"j_7997",1,"M","G","10",TRUE
"j_7998",1,"M","M","14",TRUE
"j_7999",1,"S","H","10",FALSE
"j_8000",1,"L","C","14",TRUE
"j_8001",1,"S","R.S","14",FALSE
"j_8002",1,"L","H","14",TRUE
"j_8003",1,"M","F","10",TRUE
"j_8004",1,"L","N","10",TRUE
"j_8005",1,"S","F","14",TRUE
"j_8006",1,"S","F","14",TRUE
"j_8007",1,"M","C","14",TRUE
"j_8008",1,"M","I","14",FALSE
"j_8009",0,"M","Q","10",TRUE
"j_8010",1,"L","C","14",TRUE
"j_8011",1,"S","R.S","14",FALSE
"j_8012",1,"M","G","14",TRUE
"j_8013",1,"S","F","14",TRUE
"j_8014",1,"L","D.E","10",FALSE
"j_8015",1,"S","G","14",TRUE
"j_8016",1,"S","G","14",TRUE
"j_8017",1,"S","C","14",FALSE
"j_8018",1,"S","G","14",FALSE
"j_8019",0,"L","D.E","14",FALSE
"j_8020",1,"S","C","10",FALSE
"j_8021",1,"S","F","14",TRUE
"j_8022",1,"S","C","14",TRUE
"j_8023",1,"S","G","14",FALSE
"j_8024",0,"M","O","14",TRUE
"j_8025",0,"M","K.L","14",TRUE
"j_8026",1,"S","G","14",FALSE
"j_8027",1,"S","C","14",TRUE
"j_8028",1,"L","C","14",TRUE
"j_8029",1,"L","H","14",FALSE
"j_8030",1,"L","C","14",TRUE
"j_8031",1,"M","C","30",TRUE
"j_8032",1,"L","N","30",TRUE
"j_8033",1,"L","C","30",FALSE
"j_8034",1,"S","G","30",TRUE
"j_8035",1,"L","C","30",TRUE
"j_8036",1,"M","G","30",TRUE
"j_8037",1,"L","C","30",TRUE
"j_8038",1,"L","G","30",TRUE
"j_8039",1,"S","M","30",TRUE
"j_8040",1,"S","G","30",TRUE
"j_8041",1,"L","G","30",FALSE
"j_8042",1,"L","C","14",FALSE
"j_8043",1,"S","C","30",TRUE
"j_8044",1,"S","F","30",TRUE
"j_8045",1,"M","G","30",FALSE
"j_8046",1,"L","C","30",FALSE
"j_8047",1,"L","N","30",FALSE
"j_8048",1,"L","C","30",TRUE
"j_8049",1,"L","C","30",TRUE
"j_8050",1,"M","M","30",TRUE
"j_8051",1,"M","H","30",FALSE
"j_8052",1,"M","C","30",TRUE
"j_8053",0,"L","Q","30",FALSE
"j_8054",1,"S","H","30",TRUE
"j_8055",1,"S","G","30",TRUE
"j_8056",1,"L","C","30",TRUE
"j_8057",1,"S","F","30",FALSE
"j_8058",1,"M","M","30",TRUE
"j_8059",0,"L","Q","30",FALSE
"j_8060",1,"L","G","04",FALSE
"j_8061",1,"S","G","30",FALSE
"j_8062",1,"L","C","30",FALSE
"j_8063",1,"L","G","30",TRUE
"j_8064",1,"L","F","30",FALSE
"j_8065",1,"S","I","30",FALSE
"j_8066",1,"L","N","30",TRUE
"j_8067",1,"S","G","30",FALSE
"j_8068",1,"S","M","02",TRUE
"j_8069",1,"S","I","30",FALSE
"j_8070",1,"M","F","30",TRUE
"j_8071",0,"L","Q","30",TRUE
"j_8072",1,"L","C","30",TRUE
"j_8073",1,"S","H","30",TRUE
"j_8074",1,"S","C","30",TRUE
"j_8075",1,"S","C","30",TRUE
"j_8076",0,"M","Q","30",FALSE
"j_8077",1,"M","C","30",FALSE
"j_8078",1,"L","D.E","30",TRUE
"j_8079",1,"S","I","30",TRUE
"j_8080",1,"S","C","30",TRUE
"j_8081",1,"L","N","30",TRUE
"j_8082",1,"L","C","30",TRUE
"j_8083",1,"L","C","30",FALSE
"j_8084",1,"S","G","30",FALSE
"j_8085",1,"L","C","30",FALSE
"j_8086",1,"L","C","04",FALSE
"j_8087",1,"M","G","30",TRUE
"j_8088",1,"S","C","30",TRUE
"j_8089",1,"L","H","04",FALSE
"j_8090",1,"M","G","30",TRUE
"j_8091",1,"L","C","30",TRUE
"j_8092",1,"M","G","30",FALSE
"j_8093",1,"L","N","14",FALSE
"j_8094",1,"M","G","30",TRUE
"j_8095",1,"M","P","30",TRUE
"j_8096",1,"M","C","30",TRUE
"j_8097",1,"L","C","02",FALSE
"j_8098",1,"L","Q","30",FALSE
"j_8099",1,"S","M","30",TRUE
"j_8100",1,"S","G","30",FALSE
"j_8101",1,"M","G","30",TRUE
"j_8102",1,"M","Q","02",TRUE
"j_8103",1,"L","N","02",FALSE
"j_8104",1,"L","F","30",TRUE
"j_8105",1,"S","G","30",FALSE
"j_8106",0,"M","P","30",TRUE
"j_8107",1,"S","G","30",FALSE
"j_8108",1,"L","G","30",FALSE
"j_8109",1,"M","G","30",FALSE
"j_8110",1,"L","C","30",TRUE
"j_8111",1,"M","G","30",FALSE
"j_8112",1,"L","C","30",FALSE
"j_8113",1,"M","C","30",TRUE
"j_8114",1,"L","D.E","30",FALSE
"j_8115",1,"S","D.E","30",TRUE
"j_8116",1,"S","G","30",FALSE
"j_8117",1,"L","G","30",TRUE
"j_8118",1,"S","G","30",TRUE
"j_8119",1,"M","I","30",FALSE
"j_8120",1,"S","G","30",TRUE
"j_8121",1,"S","C","30",TRUE
"j_8122",0,"L","M","30",TRUE
"j_8123",1,"M","I","30",FALSE
"j_8124",1,"M","G","28",FALSE
"j_8125",1,"L","G","30",FALSE
"j_8126",1,"S","F","30",TRUE
"j_8127",1,"M","G","24",FALSE
"j_8128",1,"L","C","30",FALSE
"j_8129",1,"S","F","30",TRUE
"j_8130",1,"S","F","30",TRUE
"j_8131",1,"M","G","28",FALSE
"j_8132",1,"M","G","08",FALSE
"j_8133",1,"S","F","30",TRUE
"j_8134",1,"M","G","12",FALSE
"j_8135",1,"M","G","30",TRUE
"j_8136",1,"M","G","22",FALSE
"j_8137",1,"S","H","18",TRUE
"j_8138",1,"M","I","18",TRUE
"j_8139",1,"S","F","18",TRUE
"j_8140",1,"M","F","18",TRUE
"j_8141",1,"M","G","18",FALSE
"j_8142",1,"M","H","18",TRUE
"j_8143",1,"M","F","18",TRUE
"j_8144",1,"M","C","18",TRUE
"j_8145",1,"M","G","18",FALSE
"j_8146",1,"M","C","18",TRUE
"j_8147",1,"M","G","18",TRUE
"j_8148",1,"S","R.S","18",FALSE
"j_8149",1,"M","I","18",TRUE
"j_8150",1,"S","I","18",FALSE
"j_8151",1,"L","G","18",TRUE
"j_8152",1,"S","G","18",FALSE
"j_8153",1,"S","C","18",TRUE
"j_8154",1,"S","H","18",TRUE
"j_8155",1,"S","Q","18",TRUE
"j_8156",0,"M","O","18",TRUE
"j_8157",1,"S","G","18",TRUE
"j_8158",1,"M","G","18",TRUE
"j_8159",1,"M","C","18",TRUE
"j_8160",1,"M","G","18",TRUE
"j_8161",1,"S","G","18",TRUE
"j_8162",1,"S","F","18",TRUE
"j_8163",1,"L","G","18",TRUE
"j_8164",1,"S","K.L","18",TRUE
"j_8165",1,"M","I","18",FALSE
"j_8166",0,"M","R.S","18",TRUE
"j_8167",1,"L","G","18",FALSE
"j_8168",1,"M","G","18",FALSE
"j_8169",0,"S","R.S","18",TRUE
"j_8170",0,"L","Q","18",FALSE
"j_8171",1,"S","G","18",TRUE
"j_8172",1,"M","G","18",TRUE
"j_8173",1,"S","F","18",TRUE
"j_8174",1,"L","C","18",TRUE
"j_8175",1,"S","F","18",TRUE
"j_8176",1,"S","G","18",TRUE
"j_8177",1,"S","F","30",FALSE
"j_8178",1,"S","K.L","18",TRUE
"j_8179",1,"M","F","18",TRUE
"j_8180",1,"M","F","18",TRUE
"j_8181",0,"L","P","18",TRUE
"j_8182",1,"S","F","18",TRUE
"j_8183",0,"M","D.E","18",TRUE
"j_8184",1,"S","C","18",TRUE
"j_8185",1,"S","G","18",TRUE
"j_8186",1,"L","C","18",FALSE
"j_8187",1,"M","F","18",TRUE
"j_8188",1,"M","G","14",FALSE
"j_8189",1,"M","G","14",FALSE
"j_8190",1,"S","C","14",TRUE
"j_8191",1,"M","D.E","14",TRUE
"j_8192",1,"S","F","14",TRUE
"j_8193",1,"M","C","14",TRUE
"j_8194",1,"S","G","14",TRUE
"j_8195",1,"S","M","26",TRUE
"j_8196",1,"M","C","14",TRUE
"j_8197",1,"L","D.E","14",TRUE
"j_8198",0,"L","O","14",TRUE
"j_8199",0,"L","O","14",TRUE
"j_8200",1,"M","C","14",TRUE
"j_8201",1,"S","G","14",TRUE
"j_8202",0,"M","O","14",TRUE
"j_8203",0,"M","Q","14",TRUE
"j_8204",1,"M","C","14",TRUE
"j_8205",1,"L","G","14",TRUE
"j_8206",1,"S","G","14",TRUE
"j_8207",1,"M","F","14",TRUE
"j_8208",1,"M","F","14",TRUE
"j_8209",1,"M","C","14",TRUE
"j_8210",1,"M","R.S","14",TRUE
"j_8211",1,"M","I","14",TRUE
"j_8212",1,"M","I","14",FALSE
"j_8213",1,"M","F","14",TRUE
"j_8214",1,"S","G","14",FALSE
"j_8215",1,"S","F","14",TRUE
"j_8216",1,"M","I","14",FALSE
"j_8217",1,"S","G","14",FALSE
"j_8218",0,"L","Q","14",FALSE
"j_8219",1,"M","H","14",FALSE
"j_8220",1,"S","C","14",TRUE
"j_8221",1,"S","G","14",FALSE
"j_8222",1,"S","G","14",TRUE
"j_8223",1,"L","G","14",TRUE
"j_8224",1,"L","F","14",TRUE
"j_8225",1,"M","G","14",TRUE
"j_8226",1,"M","F","14",TRUE
"j_8227",1,"S","M","14",TRUE
"j_8228",0,"M","O","14",TRUE
"j_8229",1,"M","C","14",TRUE
"j_8230",0,"L","Q","14",TRUE
"j_8231",1,"S","G","14",TRUE
"j_8232",1,"S","Q","14",TRUE
"j_8233",1,"M","C","14",TRUE
"j_8234",1,"M","G","14",FALSE
"j_8235",1,"L","H","14",TRUE
"j_8236",1,"L","C","14",FALSE
"j_8237",1,"S","C","14",TRUE
"j_8238",1,"M","G","14",FALSE
"j_8239",1,"L","C","14",FALSE
"j_8240",1,"L","C","14",FALSE
"j_8241",1,"M","C","14",TRUE
"j_8242",1,"S","G","14",TRUE
"j_8243",1,"M","H","14",TRUE
"j_8244",1,"S","C","14",TRUE
"j_8245",1,"S","K.L","14",TRUE
"j_8246",1,"S","C","14",TRUE
"j_8247",1,"L","C","14",TRUE
"j_8248",1,"S","N","14",TRUE
"j_8249",1,"M","G","14",TRUE
"j_8250",1,"S","C","14",TRUE
"j_8251",1,"S","G","14",FALSE
"j_8252",1,"S","C","14",TRUE
"j_8253",1,"S","G","14",FALSE
"j_8254",1,"S","C","14",TRUE
"j_8255",1,"M","G","18",TRUE
"j_8256",1,"L","G","18",TRUE
"j_8257",1,"M","G","18",TRUE
"j_8258",1,"L","C","14",TRUE
"j_8259",1,"M","C","18",TRUE
"j_8260",0,"L","Q","18",TRUE
"j_8261",1,"M","C","18",FALSE
"j_8262",1,"S","C","18",TRUE
"j_8263",1,"S","C","18",FALSE
"j_8264",1,"M","C","18",FALSE
"j_8265",1,"M","C","18",TRUE
"j_8266",1,"L","G","14",FALSE
"j_8267",1,"S","H","18",TRUE
"j_8268",1,"M","G","18",TRUE
"j_8269",1,"M","F","18",TRUE
"j_8270",1,"S","C","18",TRUE
"j_8271",1,"S","G","18",TRUE
"j_8272",1,"S","C","18",TRUE
"j_8273",1,"M","G","18",FALSE
"j_8274",1,"M","G","18",TRUE
"j_8275",1,"M","F","18",TRUE
"j_8276",1,"L","C","18",FALSE
"j_8277",1,"S","G","18",TRUE
"j_8278",1,"S","I","18",FALSE
"j_8279",1,"M","F","18",TRUE
"j_8280",1,"S","G","18",FALSE
"j_8281",1,"L","C","18",FALSE
"j_8282",1,"S","G","18",TRUE
"j_8283",1,"M","Q","18",TRUE
"j_8284",1,"L","G","18",FALSE
"j_8285",1,"M","C","18",FALSE
"j_8286",1,"S","C","18",TRUE
"j_8287",1,"S","G","18",TRUE
"j_8288",1,"S","G","18",FALSE
"j_8289",1,"S","F","18",TRUE
"j_8290",1,"L","C","10",FALSE
"j_8291",1,"S","R.S","18",TRUE
"j_8292",1,"M","F","18",TRUE
"j_8293",0,"M","D.E","18",TRUE
"j_8294",1,"L","M","18",TRUE
"j_8295",1,"M","C","18",FALSE
"j_8296",1,"S","I","18",FALSE
"j_8297",1,"S","C","18",TRUE
"j_8298",1,"S","H","18",TRUE
"j_8299",1,"L","I","18",FALSE
"j_8300",1,"L","G","18",FALSE
"j_8301",1,"S","C","18",FALSE
"j_8302",1,"M","I","18",FALSE
"j_8303",1,"S","C","18",TRUE
"j_8304",1,"M","K.L","18",TRUE
"j_8305",1,"S","I","18",TRUE
"j_8306",1,"S","C","18",TRUE
"j_8307",1,"S","F","18",TRUE
"j_8308",1,"M","I","18",TRUE
"j_8309",1,"M","C","18",TRUE
"j_8310",1,"M","G","18",FALSE
"j_8311",1,"M","G","18",TRUE
"j_8312",1,"L","G","18",FALSE
"j_8313",1,"M","C","18",TRUE
"j_8314",1,"S","G","18",TRUE
"j_8315",1,"L","C","18",FALSE
"j_8316",1,"S","C","18",FALSE
"j_8317",1,"M","H","18",FALSE
"j_8318",1,"M","C","18",FALSE
"j_8319",1,"M","C","18",TRUE
"j_8320",1,"M","G","18",FALSE
"j_8321",1,"S","H","18",FALSE
"j_8322",1,"M","H","18",TRUE
"j_8323",1,"L","G","18",FALSE
"j_8324",1,"S","G","18",TRUE
"j_8325",1,"M","C","18",TRUE
"j_8326",1,"S","Q","18",TRUE
"j_8327",1,"M","C","18",TRUE
"j_8328",1,"M","C","18",TRUE
"j_8329",1,"M","G","18",TRUE
"j_8330",1,"L","H","18",FALSE
"j_8331",1,"M","F","18",FALSE
"j_8332",1,"M","K.L","18",TRUE
"j_8333",1,"S","H","18",FALSE
"j_8334",0,"L","Q","18",FALSE
"j_8335",0,"M","P","18",TRUE
"j_8336",1,"S","H","18",TRUE
"j_8337",1,"L","C","18",FALSE
"j_8338",1,"S","G","18",FALSE
"j_8339",1,"M","N","18",TRUE
"j_8340",1,"S","G","18",TRUE
"j_8341",1,"M","N","18",FALSE
"j_8342",1,"L","G","12",TRUE
"j_8343",1,"L","C","14",TRUE
"j_8344",1,"L","G","18",FALSE
"j_8345",1,"M","G","18",TRUE
"j_8346",1,"S","M","18",TRUE
"j_8347",1,"L","C","18",FALSE
"j_8348",1,"M","G","18",FALSE
"j_8349",1,"S","M","18",TRUE
"j_8350",1,"M","F","18",TRUE
"j_8351",1,"S","F","18",TRUE
"j_8352",1,"S","R.S","18",TRUE
"j_8353",1,"M","G","18",FALSE
"j_8354",1,"L","C","18",FALSE
"j_8355",1,"M","G","18",TRUE
"j_8356",1,"S","C","18",TRUE
"j_8357",1,"M","G","18",FALSE
"j_8358",1,"L","C","18",FALSE
"j_8359",1,"L","C","18",FALSE
"j_8360",1,"M","G","18",TRUE
"j_8361",1,"M","I","18",TRUE
"j_8362",1,"M","F","12",TRUE
"j_8363",1,"M","H","18",TRUE
"j_8364",1,"S","F","18",TRUE
"j_8365",1,"M","G","18",FALSE
"j_8366",1,"M","N","18",TRUE
"j_8367",1,"S","C","18",TRUE
"j_8368",1,"L","F","18",TRUE
"j_8369",1,"S","F","18",TRUE
"j_8370",1,"L","C","18",TRUE
"j_8371",1,"S","I","18",TRUE
"j_8372",1,"L","C","14",FALSE
"j_8373",0,"M","P","06",TRUE
"j_8374",1,"S","I","14",FALSE
"j_8375",1,"M","G","14",FALSE
"j_8376",1,"M","C","30",FALSE
"j_8377",1,"M","G","14",TRUE
"j_8378",1,"M","F","06",TRUE
"j_8379",1,"L","C","14",TRUE
"j_8380",1,"M","G","14",FALSE
"j_8381",1,"M","G","06",TRUE
"j_8382",0,"M","D.E","14",TRUE
"j_8383",1,"L","G","14",TRUE
"j_8384",1,"M","H","14",TRUE
"j_8385",1,"M","G","14",FALSE
"j_8386",1,"S","F","14",TRUE
"j_8387",1,"S","G","14",TRUE
"j_8388",1,"S","C","14",TRUE
"j_8389",1,"S","G","06",FALSE
"j_8390",1,"M","G","14",TRUE
"j_8391",1,"L","F","14",TRUE
"j_8392",1,"M","H","14",FALSE
"j_8393",1,"S","G","06",FALSE
"j_8394",1,"S","F","14",TRUE
"j_8395",1,"L","C","30",FALSE
"j_8396",1,"S","G","06",FALSE
"j_8397",1,"M","G","14",TRUE
"j_8398",1,"L","C","14",FALSE
"j_8399",1,"S","G","14",TRUE
"j_8400",1,"S","G","14",TRUE
"j_8401",0,"L","P","14",FALSE
"j_8402",1,"L","C","14",FALSE
"j_8403",1,"S","G","14",TRUE
"j_8404",1,"M","H","14",FALSE
"j_8405",1,"M","G","14",TRUE
"j_8406",1,"M","G","14",TRUE
"j_8407",1,"S","F","06",TRUE
"j_8408",1,"S","G","14",TRUE
"j_8409",1,"M","C","14",FALSE
"j_8410",1,"M","F","14",TRUE
"j_8411",1,"L","C","14",FALSE
"j_8412",1,"S","F","06",TRUE
"j_8413",1,"S","R.S","14",TRUE
"j_8414",1,"S","G","06",TRUE
"j_8415",1,"S","G","14",TRUE
"j_8416",1,"S","I","14",TRUE
"j_8417",1,"M","I","14",TRUE
"j_8418",1,"S","G","14",TRUE
"j_8419",1,"S","C","14",TRUE
"j_8420",0,"S","D.E","14",TRUE
"j_8421",1,"S","F","14",TRUE
"j_8422",1,"M","D.E","14",FALSE
"j_8423",1,"S","F","14",TRUE
"j_8424",1,"M","F","14",TRUE
"j_8425",1,"S","G","14",FALSE
"j_8426",1,"M","G","14",TRUE
"j_8427",1,"L","C","14",FALSE
"j_8428",1,"S","C","14",TRUE
"j_8429",0,"M","P","14",TRUE
"j_8430",1,"M","C","14",TRUE
"j_8431",0,"M","P","14",TRUE
"j_8432",1,"L","C","10",FALSE
"j_8433",1,"M","C","10",TRUE
"j_8434",1,"M","G","10",TRUE
"j_8435",1,"M","C","10",FALSE
"j_8436",1,"S","G","10",TRUE
"j_8437",1,"S","C","10",TRUE
"j_8438",1,"M","C","10",TRUE
"j_8439",1,"L","C","10",FALSE
"j_8440",1,"M","F","10",TRUE
"j_8441",1,"M","C","10",TRUE
"j_8442",1,"S","C","10",TRUE
"j_8443",1,"L","C","10",TRUE
"j_8444",1,"S","C","10",TRUE
"j_8445",1,"S","G","10",FALSE
"j_8446",1,"S","F","10",TRUE
"j_8447",1,"M","C","10",TRUE
"j_8448",1,"S","F","10",TRUE
"j_8449",1,"M","C","10",TRUE
"j_8450",1,"M","H","10",FALSE
"j_8451",1,"S","R.S","10",TRUE
"j_8452",1,"S","C","10",TRUE
"j_8453",1,"L","G","10",FALSE
"j_8454",1,"S","D.E","10",TRUE
"j_8455",1,"M","F","10",TRUE
"j_8456",1,"S","C","10",TRUE
"j_8457",1,"M","H","10",FALSE
"j_8458",1,"S","F","10",TRUE
"j_8459",1,"S","C","10",TRUE
"j_8460",1,"L","C","10",FALSE
"j_8461",1,"M","C","02",TRUE
"j_8462",1,"S","C","10",TRUE
"j_8463",1,"S","G","10",TRUE
"j_8464",1,"L","C","10",FALSE
"j_8465",1,"M","G","10",TRUE
"j_8466",1,"L","C","10",FALSE
"j_8467",1,"L","C","10",FALSE
"j_8468",1,"L","C","24",FALSE
"j_8469",1,"S","G","14",TRUE
"j_8470",1,"S","F","10",TRUE
"j_8471",1,"M","F","10",TRUE
"j_8472",0,"L","O","10",TRUE
"j_8473",1,"S","D.E","10",TRUE
"j_8474",0,"M","O","14",TRUE
"j_8475",1,"S","I","10",TRUE
"j_8476",1,"L","N","10",FALSE
"j_8477",1,"M","F","10",TRUE
"j_8478",1,"M","G","10",TRUE
"j_8479",1,"S","F","14",TRUE
"j_8480",1,"M","C","14",TRUE
"j_8481",1,"S","G","10",TRUE
"j_8482",1,"M","F","10",TRUE
"j_8483",1,"M","C","14",TRUE
"j_8484",1,"L","C","10",FALSE
"j_8485",1,"M","G","10",FALSE
"j_8486",1,"S","M","14",TRUE
"j_8487",1,"S","H","10",TRUE
"j_8488",1,"M","C","14",FALSE
"j_8489",1,"M","D.E","10",TRUE
"j_8490",1,"L","G","10",FALSE
"j_8491",1,"M","P","14",TRUE
"j_8492",0,"M","P","10",TRUE
"j_8493",1,"S","G","10",TRUE
"j_8494",1,"L","C","14",FALSE
"j_8495",1,"S","K.L","10",TRUE
"j_8496",1,"S","G","10",FALSE
"j_8497",1,"L","N","10",FALSE
"j_8498",1,"S","G","22",TRUE
"j_8499",1,"M","Q","22",TRUE
"j_8500",1,"S","I","22",FALSE
"j_8501",1,"S","G","22",FALSE
"j_8502",0,"L","O","22",TRUE
"j_8503",1,"S","F","22",TRUE
"j_8504",1,"S","F","22",TRUE
"j_8505",1,"M","F","22",TRUE
"j_8506",0,"L","D.E","22",TRUE
"j_8507",1,"M","I","22",TRUE
"j_8508",0,"L","D.E","22",FALSE
"j_8509",1,"S","F","22",TRUE
"j_8510",0,"M","D.E","22",TRUE
"j_8511",1,"L","F","22",FALSE
"j_8512",1,"M","G","22",TRUE
"j_8513",1,"S","C","22",TRUE
"j_8514",1,"M","C","22",TRUE
"j_8515",1,"S","H","22",TRUE
"j_8516",1,"M","G","22",TRUE
"j_8517",1,"S","F","22",TRUE
"j_8518",1,"S","G","22",TRUE
"j_8519",1,"S","I","22",TRUE
"j_8520",1,"M","G","22",FALSE
"j_8521",1,"S","M","22",TRUE
"j_8522",1,"L","F","22",TRUE
"j_8523",1,"S","H","22",FALSE
"j_8524",1,"M","N","22",TRUE
"j_8525",1,"L","G","22",FALSE
"j_8526",1,"L","C","22",FALSE
"j_8527",1,"L","C","22",TRUE
"j_8528",1,"L","C","22",FALSE
"j_8529",1,"M","C","22",TRUE
"j_8530",1,"L","N","22",FALSE
"j_8531",1,"M","C","22",TRUE
"j_8532",1,"M","C","22",FALSE
"j_8533",1,"S","F","22",TRUE
"j_8534",1,"S","G","22",FALSE
"j_8535",1,"L","C","22",FALSE
"j_8536",1,"S","F","22",TRUE
"j_8537",1,"S","G","22",TRUE
"j_8538",0,"L","F","22",TRUE
"j_8539",1,"M","F","22",TRUE
"j_8540",1,"S","F","22",TRUE
"j_8541",1,"L","C","22",FALSE
"j_8542",1,"S","G","32",TRUE
"j_8543",1,"S","M","22",TRUE
"j_8544",1,"S","F","22",TRUE
"j_8545",1,"M","G","30",FALSE
"j_8546",1,"M","Q","22",FALSE
"j_8547",1,"S","F","32",TRUE
"j_8548",1,"M","C","22",TRUE
"j_8549",0,"M","P","22",TRUE
"j_8550",1,"M","C","22",TRUE
"j_8551",1,"M","F","22",TRUE
"j_8552",1,"S","Q","22",TRUE
"j_8553",1,"S","I","22",FALSE
"j_8554",0,"M","O","22",TRUE
"j_8555",1,"S","K.L","22",TRUE
"j_8556",1,"M","G","22",TRUE
"j_8557",0,"L","I","22",FALSE
"j_8558",1,"S","G","22",FALSE
"j_8559",1,"S","G","22",TRUE
"j_8560",1,"L","C","22",FALSE
"j_8561",1,"S","C","22",TRUE
"j_8562",1,"L","N","22",TRUE
"j_8563",1,"S","F","22",TRUE
"j_8564",1,"S","Q","22",TRUE
"j_8565",0,"M","O","22",TRUE
"j_8566",1,"S","G","22",FALSE
"j_8567",1,"S","F","22",TRUE
"j_8568",1,"S","G","22",TRUE
"j_8569",1,"S","R.S","22",FALSE
"j_8570",1,"S","H","22",TRUE
"j_8571",1,"S","C","22",FALSE
"j_8572",0,"L","Q","22",FALSE
"j_8573",1,"M","I","22",FALSE
"j_8574",1,"S","G","22",FALSE
"j_8575",1,"M","C","22",FALSE
"j_8576",1,"M","G","22",FALSE
"j_8577",1,"M","I","22",TRUE
"j_8578",1,"L","C","22",FALSE
"j_8579",1,"S","I","22",FALSE
"j_8580",1,"M","G","22",TRUE
"j_8581",1,"M","C","22",FALSE
"j_8582",1,"M","Q","22",FALSE
"j_8583",1,"S","M","22",TRUE
"j_8584",1,"M","G","22",FALSE
"j_8585",1,"M","R.S","22",TRUE
"j_8586",1,"M","K.L","22",TRUE
"j_8587",1,"M","G","22",TRUE
"j_8588",1,"M","H","22",TRUE
"j_8589",0,"M","D.E","22",TRUE
"j_8590",1,"S","G","22",TRUE
"j_8591",1,"S","C","22",TRUE
"j_8592",1,"S","I","22",TRUE
"j_8593",1,"M","G","22",TRUE
"j_8594",1,"S","F","22",TRUE
"j_8595",1,"L","C","22",FALSE
"j_8596",1,"L","C","22",TRUE
"j_8597",1,"S","G","28",TRUE
"j_8598",1,"M","G","28",FALSE
"j_8599",1,"L","C","28",FALSE
"j_8600",1,"L","I","28",FALSE
"j_8601",1,"L","C","14",FALSE
"j_8602",0,"M","O","20",TRUE
"j_8603",1,"L","F","28",TRUE
"j_8604",1,"S","R.S","28",TRUE
"j_8605",1,"M","F","28",TRUE
"j_8606",1,"M","C","20",TRUE
"j_8607",1,"M","F","20",FALSE
"j_8608",1,"S","C","28",TRUE
"j_8609",1,"M","G","28",TRUE
"j_8610",1,"S","G","20",TRUE
"j_8611",1,"S","H","28",TRUE
"j_8612",1,"S","M","28",FALSE
"j_8613",1,"M","C","20",TRUE
"j_8614",1,"S","I","28",FALSE
"j_8615",1,"S","G","20",TRUE
"j_8616",1,"S","F","28",TRUE
"j_8617",1,"S","G","28",FALSE
"j_8618",1,"M","I","28",FALSE
"j_8619",1,"M","C","28",TRUE
"j_8620",1,"S","I","28",FALSE
"j_8621",1,"S","G","28",TRUE
"j_8622",1,"S","G","28",FALSE
"j_8623",1,"M","C","28",FALSE
"j_8624",0,"L","Q","28",FALSE
"j_8625",1,"L","C","28",TRUE
"j_8626",1,"S","F","20",TRUE
"j_8627",1,"M","I","28",TRUE
"j_8628",1,"M","H","28",FALSE
"j_8629",1,"L","C","28",TRUE
"j_8630",1,"M","F","28",TRUE
"j_8631",1,"L","G","28",TRUE
"j_8632",1,"L","G","28",TRUE
"j_8633",1,"S","I","28",FALSE
"j_8634",1,"M","H","28",TRUE
"j_8635",0,"M","O","20",TRUE
"j_8636",0,"L","O","28",TRUE
"j_8637",0,"M","O","28",TRUE
"j_8638",0,"M","O","28",TRUE
"j_8639",1,"M","H","20",FALSE
"j_8640",1,"S","C","20",TRUE
"j_8641",1,"M","G","20",FALSE
"j_8642",1,"S","G","20",TRUE
"j_8643",1,"S","G","32",TRUE
"j_8644",1,"S","G","32",TRUE
"j_8645",1,"M","F","32",TRUE
"j_8646",1,"L","C","32",TRUE
"j_8647",1,"L","C","32",TRUE
"j_8648",0,"L","K.L","32",TRUE
"j_8649",1,"M","H","32",FALSE
"j_8650",1,"S","I","32",FALSE
"j_8651",1,"S","I","32",TRUE
"j_8652",1,"S","N","32",TRUE
"j_8653",1,"S","G","32",FALSE
"j_8654",1,"S","R.S","32",FALSE
"j_8655",1,"M","P","32",FALSE
"j_8656",1,"S","G","32",TRUE
"j_8657",1,"S","Q","22",TRUE
"j_8658",1,"M","G","32",FALSE
"j_8659",0,"M","Q","32",TRUE
"j_8660",1,"S","F","32",TRUE
"j_8661",0,"L","P","32",TRUE
"j_8662",0,"M","D.E","32",TRUE
"j_8663",1,"M","C","32",TRUE
"j_8664",0,"L","R.S","32",FALSE
"j_8665",0,"M","P","32",TRUE
"j_8666",0,"L","K.L","32",TRUE
"j_8667",1,"S","G","32",TRUE
"j_8668",0,"M","Q","32",TRUE
"j_8669",1,"L","C","32",FALSE
"j_8670",1,"S","Q","32",TRUE
"j_8671",1,"M","C","32",FALSE
"j_8672",1,"M","F","32",TRUE
"j_8673",1,"M","H","32",TRUE
"j_8674",1,"L","K.L","32",FALSE
"j_8675",1,"L","I","32",FALSE
"j_8676",0,"L","D.E","32",TRUE
"j_8677",1,"L","G","32",FALSE
"j_8678",1,"S","K.L","32",TRUE
"j_8679",1,"S","F","32",TRUE
"j_8680",1,"M","G","32",FALSE
"j_8681",0,"M","P","32",FALSE
"j_8682",1,"M","C","32",TRUE
"j_8683",1,"M","G","32",FALSE
"j_8684",1,"S","G","32",TRUE
"j_8685",0,"L","P","32",TRUE
"j_8686",1,"L","C","32",TRUE
"j_8687",1,"S","I","32",FALSE
"j_8688",1,"S","I","32",TRUE
"j_8689",1,"S","F","32",TRUE
"j_8690",1,"M","C","32",TRUE
"j_8691",1,"M","F","32",TRUE
"j_8692",1,"S","F","32",TRUE
"j_8693",1,"M","I","32",TRUE
"j_8694",1,"M","G","32",TRUE
"j_8695",1,"S","C","04",TRUE
"j_8696",1,"M","H","32",FALSE
"j_8697",0,"M","Q","32",TRUE
"j_8698",1,"M","I","32",FALSE
"j_8699",1,"S","H","32",TRUE
"j_8700",1,"S","C","32",TRUE
"j_8701",1,"S","C","32",TRUE
"j_8702",1,"M","H","32",TRUE
"j_8703",1,"L","C","32",TRUE
"j_8704",1,"L","C","32",FALSE
"j_8705",1,"L","P","32",TRUE
"j_8706",1,"S","F","32",TRUE
"j_8707",1,"S","G","32",TRUE
"j_8708",1,"M","M","32",TRUE
"j_8709",1,"L","I","32",FALSE
"j_8710",1,"L","C","32",FALSE
"j_8711",1,"M","I","32",FALSE
"j_8712",0,"M","P","32",TRUE
"j_8713",1,"L","C","32",FALSE
"j_8714",1,"S","F","32",TRUE
"j_8715",1,"L","C","32",FALSE
"j_8716",1,"M","G","32",TRUE
"j_8717",1,"L","N","32",TRUE
"j_8718",1,"L","I","32",TRUE
"j_8719",1,"M","G","32",TRUE
"j_8720",1,"S","H","32",TRUE
"j_8721",1,"M","K.L","32",FALSE
"j_8722",1,"L","C","32",FALSE
"j_8723",1,"M","F","32",TRUE
"j_8724",0,"M","O","32",TRUE
"j_8725",1,"M","D.E","32",TRUE
"j_8726",1,"S","G","32",FALSE
"j_8727",1,"L","C","32",TRUE
"j_8728",1,"S","G","32",FALSE
"j_8729",1,"S","C","32",FALSE
"j_8730",0,"M","O","32",TRUE
"j_8731",1,"L","C","32",FALSE
"j_8732",1,"S","K.L","32",TRUE
"j_8733",1,"S","R.S","32",FALSE
"j_8734",0,"M","R.S","32",TRUE
"j_8735",1,"S","C","32",TRUE
"j_8736",1,"L","C","32",TRUE
"j_8737",1,"S","H","32",TRUE
"j_8738",1,"S","F","18",TRUE
"j_8739",1,"M","C","18",TRUE
"j_8740",1,"M","C","18",TRUE
"j_8741",1,"S","H","18",TRUE
"j_8742",1,"S","J","26",TRUE
"j_8743",1,"M","G","26",TRUE
"j_8744",1,"S","G","26",FALSE
"j_8745",1,"S","I","26",TRUE
"j_8746",1,"M","F","18",TRUE
"j_8747",1,"S","R.S","26",TRUE
"j_8748",1,"S","G","18",TRUE
"j_8749",1,"L","N","18",FALSE
"j_8750",1,"M","G","18",TRUE
"j_8751",1,"S","G","26",FALSE
"j_8752",1,"M","C","18",FALSE
"j_8753",1,"M","C","26",FALSE
"j_8754",1,"M","C","26",TRUE
"j_8755",1,"M","G","06",TRUE
"j_8756",1,"M","F","18",TRUE
"j_8757",1,"L","C","18",FALSE
"j_8758",1,"S","G","18",FALSE
"j_8759",1,"M","C","26",TRUE
"j_8760",1,"L","C","26",TRUE
"j_8761",1,"S","I","18",FALSE
"j_8762",1,"M","G","26",TRUE
"j_8763",1,"L","N","26",FALSE
"j_8764",1,"S","G","26",FALSE
"j_8765",1,"L","D.E","26",FALSE
"j_8766",0,"L","D.E","06",TRUE
"j_8767",1,"S","G","18",TRUE
"j_8768",1,"L","M","26",FALSE
"j_8769",1,"S","C","06",TRUE
"j_8770",1,"S","C","18",TRUE
"j_8771",1,"L","N","18",FALSE
"j_8772",1,"S","G","26",FALSE
"j_8773",1,"M","F","18",TRUE
"j_8774",0,"M","D.E","18",TRUE
"j_8775",1,"S","I","06",FALSE
"j_8776",1,"M","G","26",TRUE
"j_8777",1,"L","G","18",FALSE
"j_8778",1,"L","C","18",FALSE
"j_8779",0,"M","O","26",TRUE
"j_8780",0,"L","O","26",TRUE
"j_8781",0,"M","O","18",TRUE
"j_8782",1,"M","G","18",TRUE
"j_8783",1,"S","I","18",FALSE
"j_8784",1,"S","C","18",TRUE
"j_8785",1,"S","H","18",FALSE
"j_8786",1,"S","F","18",TRUE
"j_8787",0,"L","Q","18",TRUE
"j_8788",1,"M","I","18",FALSE
"j_8789",1,"L","C","18",FALSE
"j_8790",1,"L","C","18",TRUE
"j_8791",1,"L","N","18",TRUE
"j_8792",1,"S","H","18",TRUE
"j_8793",1,"M","Q","18",TRUE
"j_8794",1,"M","G","18",TRUE
"j_8795",1,"M","C","18",FALSE
"j_8796",1,"M","I","18",FALSE
"j_8797",1,"M","C","18",TRUE
"j_8798",1,"L","N","18",FALSE
"j_8799",1,"S","F","18",TRUE
"j_8800",1,"S","I","18",TRUE
"j_8801",1,"S","F","18",TRUE
"j_8802",1,"L","C","18",FALSE
"j_8803",1,"L","C","30",FALSE
"j_8804",1,"M","C","18",TRUE
"j_8805",1,"L","C","18",TRUE
"j_8806",1,"S","Q","18",FALSE
"j_8807",0,"M","D.E","12",TRUE
"j_8808",1,"M","F","12",TRUE
"j_8809",1,"M","C","12",FALSE
"j_8810",1,"M","F","12",TRUE
"j_8811",1,"L","G","12",TRUE
"j_8812",1,"M","G","12",FALSE
"j_8813",1,"L","C","12",TRUE
"j_8814",1,"S","F","12",TRUE
"j_8815",1,"S","G","18",TRUE
"j_8816",1,"M","H","18",FALSE
"j_8817",1,"M","F","18",FALSE
"j_8818",1,"S","G","12",TRUE
"j_8819",1,"M","C","12",TRUE
"j_8820",1,"L","H","12",TRUE
"j_8821",1,"M","I","12",FALSE
"j_8822",1,"S","C","12",TRUE
"j_8823",1,"L","C","18",FALSE
"j_8824",1,"M","C","12",TRUE
"j_8825",1,"M","G","18",TRUE
"j_8826",1,"L","C","18",FALSE
"j_8827",1,"M","H","18",TRUE
"j_8828",1,"M","C","12",TRUE
"j_8829",1,"S","C","18",FALSE
"j_8830",1,"S","G","12",TRUE
"j_8831",1,"L","G","18",TRUE
"j_8832",1,"S","C","18",FALSE
"j_8833",1,"L","D.E","12",TRUE
"j_8834",1,"S","G","18",TRUE
"j_8835",1,"M","H","12",FALSE
"j_8836",1,"L","C","12",FALSE
"j_8837",1,"S","G","18",FALSE
"j_8838",1,"L","C","18",FALSE
"j_8839",1,"S","G","12",TRUE
"j_8840",1,"M","G","12",TRUE
"j_8841",1,"S","H","12",FALSE
"j_8842",1,"L","N","18",FALSE
"j_8843",1,"M","C","18",TRUE
"j_8844",1,"M","C","18",FALSE
"j_8845",1,"S","K.L","18",FALSE
"j_8846",1,"S","C","12",TRUE
"j_8847",1,"M","I","18",FALSE
"j_8848",1,"S","I","12",TRUE
"j_8849",1,"M","C","12",FALSE
"j_8850",1,"S","G","12",TRUE
"j_8851",1,"S","G","12",TRUE
"j_8852",1,"S","H","12",TRUE
"j_8853",1,"S","G","12",FALSE
"j_8854",1,"L","N","18",FALSE
"j_8855",1,"S","G","12",FALSE
"j_8856",1,"M","Q","12",FALSE
"j_8857",1,"S","H","12",FALSE
"j_8858",1,"S","G","12",FALSE
"j_8859",1,"S","F","12",TRUE
"j_8860",0,"S","R.S","12",TRUE
"j_8861",1,"M","G","12",FALSE
"j_8862",1,"S","C","12",TRUE
"j_8863",1,"M","G","12",TRUE
"j_8864",1,"S","I","12",TRUE
"j_8865",1,"L","R.S","12",TRUE
"j_8866",1,"S","F","24",TRUE
"j_8867",1,"S","I","12",FALSE
"j_8868",1,"M","C","12",TRUE
"j_8869",1,"M","G","12",TRUE
"j_8870",1,"S","N","12",FALSE
"j_8871",1,"L","C","12",TRUE
"j_8872",1,"L","C","12",FALSE
"j_8873",1,"M","F","12",TRUE
"j_8874",1,"S","M","12",TRUE
"j_8875",1,"M","Q","12",FALSE
"j_8876",1,"S","G","12",TRUE
"j_8877",1,"L","C","12",FALSE
"j_8878",1,"S","G","12",FALSE
"j_8879",1,"S","C","12",TRUE
"j_8880",1,"M","C","12",TRUE
"j_8881",1,"S","C","12",TRUE
"j_8882",1,"M","C","12",FALSE
"j_8883",1,"M","C","12",TRUE
"j_8884",1,"M","F","12",TRUE
"j_8885",1,"M","C","12",TRUE
"j_8886",1,"S","F","12",TRUE
"j_8887",1,"M","F","12",TRUE
"j_8888",1,"M","C","12",FALSE
"j_8889",1,"M","F","12",TRUE
"j_8890",1,"M","G","12",FALSE
"j_8891",1,"L","C","04",FALSE
"j_8892",1,"L","C","04",TRUE
"j_8893",1,"S","H","04",TRUE
"j_8894",1,"L","C","04",TRUE
"j_8895",1,"S","F","04",TRUE
"j_8896",1,"M","C","28",FALSE
"j_8897",1,"M","C","04",TRUE
"j_8898",1,"M","G","04",TRUE
"j_8899",1,"S","G","04",TRUE
"j_8900",1,"L","C","04",FALSE
"j_8901",1,"M","I","28",FALSE
"j_8902",1,"S","G","04",TRUE
"j_8903",1,"S","F","04",TRUE
"j_8904",1,"M","C","04",FALSE
"j_8905",1,"S","M","04",TRUE
"j_8906",1,"L","C","28",FALSE
"j_8907",0,"L","Q","04",FALSE
"j_8908",1,"L","C","04",FALSE
"j_8909",1,"M","C","04",FALSE
"j_8910",1,"L","C","04",FALSE
"j_8911",1,"S","G","04",TRUE
"j_8912",1,"S","G","28",TRUE
"j_8913",1,"S","G","04",TRUE
"j_8914",1,"M","G","04",TRUE
"j_8915",1,"S","D.E","28",TRUE
"j_8916",1,"S","I","04",TRUE
"j_8917",0,"L","C","04",FALSE
"j_8918",1,"M","C","28",TRUE
"j_8919",1,"S","F","04",TRUE
"j_8920",1,"M","G","04",FALSE
"j_8921",1,"L","C","28",FALSE
"j_8922",1,"M","G","28",FALSE
"j_8923",1,"L","G","04",TRUE
"j_8924",1,"L","C","04",FALSE
"j_8925",1,"S","F","04",TRUE
"j_8926",1,"L","G","04",FALSE
"j_8927",1,"M","G","04",TRUE
"j_8928",1,"S","C","04",TRUE
"j_8929",1,"L","G","04",FALSE
"j_8930",1,"S","N","04",TRUE
"j_8931",1,"S","G","28",TRUE
"j_8932",1,"S","K.L","04",TRUE
"j_8933",1,"S","R.S","04",FALSE
"j_8934",1,"S","G","04",TRUE
"j_8935",1,"M","H","04",FALSE
"j_8936",1,"S","G","04",FALSE
"j_8937",1,"S","R.S","04",TRUE
"j_8938",1,"S","G","04",FALSE
"j_8939",0,"L","O","04",TRUE
"j_8940",0,"L","D.E","04",TRUE
"j_8941",0,"M","O","04",TRUE
"j_8942",1,"L","G","28",TRUE
"j_8943",1,"L","G","04",TRUE
"j_8944",1,"L","C","04",FALSE
"j_8945",1,"M","C","04",TRUE
"j_8946",1,"S","C","04",TRUE
"j_8947",1,"S","F","04",TRUE
"j_8948",0,"L","C","04",FALSE
"j_8949",1,"M","M","04",TRUE
"j_8950",1,"S","R.S","04",TRUE
"j_8951",1,"L","G","04",TRUE
"j_8952",1,"L","G","04",FALSE
"j_8953",1,"S","M","04",TRUE
"j_8954",1,"S","I","04",FALSE
"j_8955",1,"L","K.L","04",TRUE
"j_8956",1,"S","G","04",FALSE
"j_8957",1,"S","G","04",FALSE
"j_8958",1,"M","C","04",TRUE
"j_8959",1,"M","C","04",TRUE
"j_8960",1,"M","C","04",FALSE
"j_8961",1,"S","G","04",FALSE
"j_8962",1,"S","G","04",TRUE
"j_8963",1,"L","G","04",FALSE
"j_8964",1,"S","G","04",FALSE
"j_8965",1,"M","C","04",FALSE
"j_8966",1,"S","G","04",TRUE
"j_8967",1,"M","C","04",TRUE
"j_8968",1,"S","F","04",TRUE
"j_8969",1,"M","M","04",TRUE
"j_8970",1,"S","K.L","04",TRUE
"j_8971",1,"S","G","04",TRUE
"j_8972",1,"S","C","02",TRUE
"j_8973",1,"L","D.E","02",TRUE
"j_8974",1,"L","C","02",FALSE
"j_8975",1,"S","F","02",TRUE
"j_8976",1,"M","C","02",TRUE
"j_8977",1,"M","F","02",TRUE
"j_8978",1,"M","N","02",TRUE
"j_8979",1,"S","F","02",TRUE
"j_8980",1,"S","I","02",FALSE
"j_8981",1,"M","C","02",TRUE
"j_8982",1,"L","C","02",FALSE
"j_8983",1,"S","H","02",TRUE
"j_8984",1,"L","C","02",FALSE
"j_8985",1,"M","M","02",TRUE
"j_8986",1,"M","I","02",FALSE
"j_8987",1,"L","I","02",FALSE
"j_8988",1,"S","H","02",TRUE
"j_8989",1,"M","F","02",TRUE
"j_8990",1,"M","C","02",TRUE
"j_8991",1,"S","F","02",TRUE
"j_8992",1,"S","G","02",TRUE
"j_8993",1,"M","C","02",TRUE
"j_8994",1,"M","C","02",FALSE
"j_8995",1,"M","R.S","02",TRUE
"j_8996",1,"S","M","02",TRUE
"j_8997",1,"L","C","02",TRUE
"j_8998",1,"S","N","02",TRUE
"j_8999",1,"M","F","02",TRUE
"j_9000",1,"L","N","02",FALSE
"j_9001",1,"S","N","02",TRUE
"j_9002",0,"M","P","02",TRUE
"j_9003",1,"M","N","02",TRUE
"j_9004",1,"M","H","02",TRUE
"j_9005",1,"S","G","02",TRUE
"j_9006",1,"S","K.L","02",TRUE
"j_9007",1,"M","F","02",TRUE
"j_9008",1,"S","G","02",FALSE
"j_9009",1,"S","F","02",TRUE
"j_9010",1,"S","H","02",TRUE
"j_9011",1,"S","C","02",TRUE
"j_9012",1,"S","I","02",TRUE
"j_9013",1,"S","C","02",TRUE
"j_9014",1,"S","R.S","02",TRUE
"j_9015",1,"M","C","02",FALSE
"j_9016",1,"S","C","02",TRUE
"j_9017",1,"M","C","02",TRUE
"j_9018",1,"S","N","02",FALSE
"j_9019",1,"S","Q","02",TRUE
"j_9020",1,"S","H","02",FALSE
"j_9021",1,"S","I","02",FALSE
"j_9022",1,"S","I","02",TRUE
"j_9023",0,"L","O","02",TRUE
"j_9024",0,"M","D.E","02",TRUE
"j_9025",1,"L","I","02",FALSE
"j_9026",1,"S","F","02",TRUE
"j_9027",1,"S","C","02",TRUE
"j_9028",1,"M","Q","02",FALSE
"j_9029",1,"S","G","02",TRUE
"j_9030",1,"L","C","02",FALSE
"j_9031",0,"L","D.E","02",TRUE
"j_9032",0,"M","K.L","02",TRUE
"j_9033",1,"S","G","02",TRUE
"j_9034",1,"L","C","02",TRUE
"j_9035",1,"L","C","02",FALSE
"j_9036",1,"M","C","02",FALSE
"j_9037",1,"S","R.S","02",TRUE
"j_9038",0,"L","P","02",TRUE
"j_9039",1,"M","G","02",TRUE
"j_9040",1,"L","C","02",FALSE
"j_9041",1,"S","R.S","02",TRUE
"j_9042",1,"M","I","02",FALSE
"j_9043",1,"S","C","02",TRUE
"j_9044",0,"M","D.E","02",TRUE
"j_9045",1,"L","I","02",FALSE
"j_9046",1,"M","M","02",TRUE
"j_9047",1,"S","H","02",FALSE
"j_9048",1,"L","N","04",TRUE
"j_9049",1,"M","C","04",FALSE
"j_9050",1,"L","C","04",FALSE
"j_9051",1,"S","F","04",TRUE
"j_9052",1,"L","C","04",TRUE
"j_9053",1,"S","F","04",TRUE
"j_9054",1,"S","C","04",FALSE
"j_9055",1,"S","G","04",FALSE
"j_9056",1,"S","G","04",FALSE
"j_9057",1,"L","H","04",FALSE
"j_9058",1,"S","F","04",TRUE
"j_9059",1,"L","C","04",TRUE
"j_9060",1,"S","G","04",TRUE
"j_9061",1,"S","C","04",TRUE
"j_9062",1,"M","C","04",TRUE
"j_9063",1,"M","Q","22",TRUE
"j_9064",1,"S","G","04",FALSE
"j_9065",1,"M","H","04",FALSE
"j_9066",1,"M","G","04",TRUE
"j_9067",1,"S","C","04",FALSE
"j_9068",1,"M","G","04",TRUE
"j_9069",1,"M","F","04",TRUE
"j_9070",1,"S","F","04",TRUE
"j_9071",1,"L","C","04",FALSE
"j_9072",1,"M","P","04",TRUE
"j_9073",1,"S","G","04",FALSE
"j_9074",1,"S","M","04",TRUE
"j_9075",1,"M","C","04",TRUE
"j_9076",0,"L","D.E","04",FALSE
"j_9077",1,"M","F","04",TRUE
"j_9078",1,"L","G","04",FALSE
"j_9079",1,"L","F","04",TRUE
"j_9080",1,"L","Q","04",TRUE
"j_9081",0,"M","O","04",TRUE
"j_9082",1,"M","C","04",TRUE
"j_9083",1,"S","I","04",TRUE
"j_9084",1,"L","C","04",FALSE
"j_9085",1,"S","H","04",TRUE
"j_9086",1,"L","C","04",FALSE
"j_9087",1,"S","G","04",TRUE
"j_9088",1,"L","F","04",FALSE
"j_9089",1,"M","C","04",TRUE
"j_9090",1,"L","C","04",TRUE
"j_9091",0,"L","Q","04",TRUE
"j_9092",1,"M","F","04",TRUE
"j_9093",1,"S","I","04",TRUE
"j_9094",1,"S","H","04",TRUE
"j_9095",1,"L","F","04",TRUE
"j_9096",1,"L","G","04",TRUE
"j_9097",1,"S","F","02",TRUE
"j_9098",1,"L","J","02",FALSE
"j_9099",1,"L","C","02",TRUE
"j_9100",1,"L","F","02",TRUE
"j_9101",0,"L","P","02",FALSE
"j_9102",1,"M","I","02",FALSE
"j_9103",1,"M","C","02",FALSE
"j_9104",0,"M","P","02",TRUE
"j_9105",0,"M","P","02",TRUE
"j_9106",0,"M","P","02",FALSE
"j_9107",0,"M","P","02",FALSE
"j_9108",0,"M","P","02",FALSE
"j_9109",0,"M","P","02",TRUE
"j_9110",0,"M","P","02",FALSE
"j_9111",0,"M","P","02",TRUE
"j_9112",1,"S","G","02",TRUE
"j_9113",1,"M","F","02",TRUE
"j_9114",1,"M","C","02",FALSE
"j_9115",1,"S","C","02",TRUE
"j_9116",1,"S","G","08",TRUE
"j_9117",1,"L","F","02",TRUE
"j_9118",1,"M","F","02",TRUE
"j_9119",0,"M","P","02",TRUE
"j_9120",1,"L","C","02",FALSE
"j_9121",1,"M","H","02",TRUE
"j_9122",1,"M","G","02",FALSE
"j_9123",1,"M","G","02",TRUE
"j_9124",1,"M","C","02",TRUE
"j_9125",1,"M","M","02",TRUE
"j_9126",1,"L","G","02",FALSE
"j_9127",1,"M","G","02",FALSE
"j_9128",1,"M","K.L","02",TRUE
"j_9129",1,"L","C","02",FALSE
"j_9130",1,"S","C","02",TRUE
"j_9131",1,"M","C","02",TRUE
"j_9132",1,"L","N","02",FALSE
"j_9133",1,"M","C","02",TRUE
"j_9134",1,"S","M","02",TRUE
"j_9135",1,"L","I","02",TRUE
"j_9136",0,"M","Q","02",TRUE
"j_9137",1,"L","I","02",FALSE
"j_9138",1,"S","G","02",TRUE
"j_9139",1,"L","G","02",TRUE
"j_9140",1,"S","R.S","02",FALSE
"j_9141",1,"S","C","02",TRUE
"j_9142",1,"L","G","02",FALSE
"j_9143",1,"S","I","02",TRUE
"j_9144",1,"L","C","02",FALSE
"j_9145",1,"M","C","02",TRUE
"j_9146",1,"L","C","02",FALSE
"j_9147",1,"M","F","02",TRUE
"j_9148",0,"L","P","02",TRUE
"j_9149",1,"L","I","02",TRUE
"j_9150",1,"L","C","02",FALSE
"j_9151",1,"L","C","02",FALSE
"j_9152",0,"M","R.S","02",TRUE
"j_9153",1,"L","C","12",FALSE
"j_9154",1,"M","H","02",TRUE
"j_9155",1,"S","G","02",TRUE
"j_9156",1,"L","C","02",TRUE
"j_9157",1,"S","M","02",TRUE
"j_9158",1,"S","C","02",TRUE
"j_9159",1,"M","C","02",FALSE
"j_9160",1,"L","C","14",FALSE
"j_9161",1,"L","G","02",FALSE
"j_9162",1,"L","G","02",TRUE
"j_9163",1,"L","G","02",FALSE
"j_9164",0,"L","O","02",TRUE
"j_9165",0,"M","O","02",TRUE
"j_9166",1,"S","G","02",TRUE
"j_9167",1,"M","G","24",TRUE
"j_9168",1,"M","P","02",TRUE
"j_9169",1,"S","M","02",TRUE
"j_9170",1,"M","C","02",FALSE
"j_9171",1,"L","C","02",FALSE
"j_9172",0,"L","R.S","02",TRUE
"j_9173",1,"M","G","02",TRUE
"j_9174",0,"M","P","02",TRUE
"j_9175",1,"L","I","02",FALSE
"j_9176",0,"L","Q","02",FALSE
"j_9177",1,"S","C","02",TRUE
"j_9178",1,"S","M","02",TRUE
"j_9179",1,"M","H","02",TRUE
"j_9180",1,"S","F","02",FALSE
"j_9181",1,"S","G","02",FALSE
"j_9182",1,"S","F","02",TRUE
"j_9183",1,"S","G","02",TRUE
"j_9184",1,"L","N","02",FALSE
"j_9185",1,"S","C","02",TRUE
"j_9186",1,"L","C","02",TRUE
"j_9187",1,"L","J","02",TRUE
"j_9188",0,"M","P","02",FALSE
"j_9189",0,"L","Q","02",FALSE
"j_9190",0,"L","Q","02",FALSE
"j_9191",1,"M","G","02",TRUE
"j_9192",1,"M","F","02",TRUE
"j_9193",1,"S","G","02",FALSE
"j_9194",1,"M","C","02",TRUE
"j_9195",1,"M","Q","02",FALSE
"j_9196",0,"M","Q","02",TRUE
"j_9197",1,"L","C","02",TRUE
"j_9198",1,"L","C","02",TRUE
"j_9199",1,"M","C","02",TRUE
"j_9200",1,"L","H","02",TRUE
"j_9201",1,"S","F","02",TRUE
"j_9202",1,"S","I","02",TRUE
"j_9203",1,"M","C","02",TRUE
"j_9204",1,"L","C","02",FALSE
"j_9205",0,"M","P","02",TRUE
"j_9206",0,"L","P","02",TRUE
"j_9207",1,"S","F","02",TRUE
"j_9208",0,"L","P","02",FALSE
"j_9209",1,"M","G","02",FALSE
"j_9210",1,"L","C","02",TRUE
"j_9211",0,"L","Q","02",TRUE
"j_9212",1,"L","N","02",FALSE
"j_9213",1,"M","N","02",FALSE
"j_9214",1,"L","C","02",FALSE
"j_9215",0,"M","M","02",TRUE
"j_9216",1,"M","F","02",TRUE
"j_9217",1,"M","P","02",TRUE
"j_9218",1,"S","C","02",TRUE
"j_9219",0,"L","R.S","02",FALSE
"j_9220",1,"S","C","02",TRUE
"j_9221",1,"M","C","02",TRUE
"j_9222",1,"M","C","06",TRUE
"j_9223",1,"S","G","06",FALSE
"j_9224",1,"L","C","06",FALSE
"j_9225",1,"M","G","06",TRUE
"j_9226",1,"S","H","06",FALSE
"j_9227",1,"S","Q","06",FALSE
"j_9228",1,"S","F","06",TRUE
"j_9229",1,"S","G","06",TRUE
"j_9230",1,"S","G","06",FALSE
"j_9231",1,"S","F","06",TRUE
"j_9232",1,"S","F","06",TRUE
"j_9233",1,"M","G","06",TRUE
"j_9234",1,"L","M","06",TRUE
"j_9235",1,"M","C","06",TRUE
"j_9236",1,"M","I","06",TRUE
"j_9237",1,"L","C","06",FALSE
"j_9238",1,"S","G","06",TRUE
"j_9239",1,"M","G","06",TRUE
"j_9240",1,"L","C","06",FALSE
"j_9241",1,"M","G","06",TRUE
"j_9242",0,"M","P","06",TRUE
"j_9243",1,"S","R.S","06",TRUE
"j_9244",0,"L","D.E","06",FALSE
"j_9245",1,"M","G","06",TRUE
"j_9246",1,"S","G","06",FALSE
"j_9247",1,"M","G","06",TRUE
"j_9248",1,"M","M","06",FALSE
"j_9249",1,"M","H","06",FALSE
"j_9250",1,"L","H","06",TRUE
"j_9251",0,"M","P","06",TRUE
"j_9252",1,"S","G","06",FALSE
"j_9253",1,"M","G","06",TRUE
"j_9254",1,"L","F","06",TRUE
"j_9255",0,"L","H","06",FALSE
"j_9256",1,"M","C","06",FALSE
"j_9257",0,"M","Q","06",TRUE
"j_9258",1,"S","G","06",TRUE
"j_9259",1,"M","I","06",FALSE
"j_9260",1,"M","C","06",TRUE
"j_9261",1,"S","G","06",TRUE
"j_9262",1,"M","I","06",TRUE
"j_9263",1,"S","M","06",TRUE
"j_9264",1,"S","C","06",TRUE
"j_9265",1,"M","G","06",FALSE
"j_9266",1,"S","F","12",TRUE
"j_9267",1,"M","G","06",FALSE
"j_9268",1,"M","C","06",TRUE
"j_9269",1,"S","Q","06",FALSE
"j_9270",1,"S","C","06",TRUE
"j_9271",1,"S","I","06",TRUE
"j_9272",1,"M","G","06",TRUE
"j_9273",1,"M","C","06",TRUE
"j_9274",1,"L","G","06",TRUE
"j_9275",1,"S","M","06",TRUE
"j_9276",0,"M","Q","06",TRUE
"j_9277",1,"M","C","06",FALSE
"j_9278",1,"S","I","06",FALSE
"j_9279",1,"M","I","06",FALSE
"j_9280",0,"S","Q","08",TRUE
"j_9281",1,"M","F","08",TRUE
"j_9282",1,"S","G","08",TRUE
"j_9283",1,"L","H","08",TRUE
"j_9284",1,"L","F","08",TRUE
"j_9285",1,"L","G","08",TRUE
"j_9286",1,"M","F","30",TRUE
"j_9287",1,"M","F","30",TRUE
"j_9288",0,"M","O","08",TRUE
"j_9289",1,"S","H","08",FALSE
"j_9290",1,"M","F","08",TRUE
"j_9291",1,"S","H","08",TRUE
"j_9292",1,"M","C","08",FALSE
"j_9293",1,"M","F","08",TRUE
"j_9294",1,"S","F","08",TRUE
"j_9295",1,"M","D.E","08",TRUE
"j_9296",1,"L","C","30",FALSE
"j_9297",1,"S","G","30",TRUE
"j_9298",1,"L","C","30",FALSE
"j_9299",1,"S","F","08",TRUE
"j_9300",1,"L","I","30",FALSE
"j_9301",1,"L","C","24",FALSE
"j_9302",1,"M","G","08",TRUE
"j_9303",0,"L","P","08",TRUE
"j_9304",1,"M","C","08",TRUE
"j_9305",0,"M","K.L","08",TRUE
"j_9306",1,"M","C","30",FALSE
"j_9307",1,"L","N","08",TRUE
"j_9308",1,"S","G","08",TRUE
"j_9309",1,"M","F","08",TRUE
"j_9310",0,"M","P","08",TRUE
"j_9311",1,"M","F","08",TRUE
"j_9312",1,"S","G","08",TRUE
"j_9313",1,"M","C","08",TRUE
"j_9314",1,"L","H","08",FALSE
"j_9315",1,"S","Q","30",TRUE
"j_9316",0,"L","Q","30",FALSE
"j_9317",0,"L","O","08",TRUE
"j_9318",0,"L","O","08",TRUE
"j_9319",0,"L","Q","08",FALSE
"j_9320",0,"L","Q","08",TRUE
"j_9321",0,"M","O","08",TRUE
"j_9322",1,"S","R.S","08",TRUE
"j_9323",1,"L","C","08",TRUE
"j_9324",0,"L","P","30",TRUE
"j_9325",1,"M","I","08",FALSE
"j_9326",1,"S","N","08",TRUE
"j_9327",1,"M","C","08",FALSE
"j_9328",1,"M","H","08",TRUE
"j_9329",0,"M","Q","08",TRUE
"j_9330",1,"L","G","08",FALSE
"j_9331",1,"L","C","08",FALSE
"j_9332",1,"M","G","08",FALSE
"j_9333",1,"S","R.S","08",TRUE
"j_9334",1,"L","C","10",TRUE
"j_9335",1,"L","F","08",TRUE
"j_9336",0,"S","Q","08",TRUE
"j_9337",1,"M","H","08",TRUE
"j_9338",0,"L","P","08",TRUE
"j_9339",1,"S","C","08",TRUE
"j_9340",1,"M","C","08",TRUE
"j_9341",1,"M","G","08",TRUE
"j_9342",1,"L","H","08",FALSE
"j_9343",1,"M","I","08",TRUE
"j_9344",1,"S","H","08",FALSE
