"id","private","size","nace","region","weight"
"j_1",0,"L","O","14",1
"j_2",0,"L","O","24",6
"j_3",0,"L","R.S","14",1
"j_4",0,"L","R.S","14",1
"j_5",0,"L","R.S","22",1
"j_6",0,"M","R.S","26",1
"j_7",0,"L","R.S","12",1
"j_8",0,"M","R.S","18",1
"j_9",0,"L","R.S","14",1
"j_10",0,"L","R.S","02",1
"j_11",0,"L","R.S","14",1
"j_12",0,"L","P","12",1
"j_13",0,"L","P","10",1
"j_14",0,"L","P","02",1
"j_15",0,"L","P","04",1
"j_16",0,"L","P","04",1
"j_17",0,"L","P","24",1
"j_18",0,"L","P","14",1
"j_19",0,"L","P","10",1
"j_20",0,"L","P","30",1
"j_21",0,"L","P","12",1
"j_22",0,"L","P","14",1
"j_23",0,"L","O","14",1
"j_24",0,"L","K.L","14",1
"j_25",0,"L","O","14",1
"j_26",0,"L","O","06",1
"j_27",0,"L","O","04",1
"j_28",0,"L","O","24",1
"j_29",0,"L","O","08",1
"j_30",0,"L","O","30",1
"j_31",0,"L","O","24",1
"j_32",0,"L","O","02",1
"j_33",0,"L","O","30",1
"j_34",0,"L","O","32",1
"j_35",0,"L","O","22",1
"j_36",0,"L","O","12",1
"j_37",0,"L","O","14",1
"j_38",0,"L","O","28",1
"j_39",0,"L","O","14",1
"j_40",0,"L","O","12",1
"j_41",0,"L","O","10",1
"j_42",0,"L","O","32",1
"j_43",0,"L","O","06",1
"j_44",0,"L","O","26",1
"j_45",0,"L","O","30",1
"j_46",0,"L","O","04",1
"j_47",0,"L","O","22",1
"j_48",0,"L","O","30",1
"j_49",0,"L","O","14",1
"j_50",1,"L","C","18",2
"j_51",0,"L","M","24",2
"j_52",0,"L","D.E","24",1
"j_53",0,"M","I","24",1
"j_54",0,"L","M","24",1
"j_55",1,"L","C","12",1
"j_56",1,"L","C","24",1
"j_57",0,"L","C","22",1
"j_58",0,"L","M","14",1
"j_59",1,"L","C","10",18
"j_60",0,"L","M","14",1
"j_61",0,"L","M","14",1
"j_62",0,"L","M","14",1
"j_63",0,"L","P","18",1
"j_64",1,"L","C","18",1
"j_65",0,"L","H","14",2
"j_66",0,"L","M","10",1
"j_67",1,"L","C","22",1
"j_68",0,"M","O","12",5
"j_69",0,"M","O","16",4
"j_70",0,"L","M","14",1
"j_71",1,"L","F","20",1
"j_72",1,"M","N","20",1
"j_73",0,"L","O","14",1
"j_74",1,"L","C","22",2
"j_75",0,"L","O","10",1
"j_76",0,"L","O","10",6
"j_77",0,"L","M","28",1
"j_78",0,"L","O","02",1
"j_79",0,"L","O","30",1
"j_80",0,"L","O","26",1
"j_81",0,"L","O","08",1
"j_82",0,"L","O","32",1
"j_83",0,"L","O","20",1
"j_84",0,"L","O","32",1
"j_85",0,"L","P","30",1
"j_86",0,"L","P","14",1
"j_87",0,"L","P","32",1
"j_88",0,"L","C","30",1
"j_89",1,"L","C","28",1
"j_90",0,"L","M","30",1
"j_91",0,"L","O","16",1
"j_92",0,"L","H","14",1
"j_93",0,"L","M","14",1
"j_94",0,"L","K.L","24",1
"j_95",0,"L","K.L","12",1
"j_96",0,"L","K.L","30",1
"j_97",0,"L","K.L","22",1
"j_98",0,"L","K.L","14",2
"j_99",0,"L","K.L","02",1
"j_100",0,"L","O","24",6
"j_101",0,"M","O","16",4
"j_102",0,"L","O","32",5
"j_103",0,"L","O","14",9
"j_104",0,"L","C","26",1
"j_105",1,"M","H","22",15
"j_106",1,"L","G","14",1
"j_107",1,"L","H","22",1
"j_108",0,"L","H","22",1
"j_109",0,"L","O","22",1
"j_110",0,"L","O","32",1
"j_111",0,"L","O","22",1
"j_112",0,"L","P","22",1
"j_113",0,"L","O","02",1
"j_114",0,"M","K.L","20",1
"j_115",0,"L","K.L","02",1
"j_116",0,"L","O","14",1
"j_117",0,"L","O","04",1
"j_118",0,"L","O","22",1
"j_119",0,"L","O","06",1
"j_120",0,"L","O","28",1
"j_121",0,"L","O","16",1
"j_122",0,"L","O","30",1
"j_123",0,"L","O","18",1
"j_124",0,"L","O","32",1
"j_125",0,"L","O","30",1
"j_126",0,"L","O","12",1
"j_127",0,"L","M","14",1
"j_128",0,"L","C","24",1
"j_129",0,"L","C","30",1
"j_130",0,"L","C","02",1
"j_131",0,"L","C","14",1
"j_132",0,"L","P","14",1
"j_133",0,"L","P","12",1
"j_134",0,"L","P","30",1
"j_135",0,"L","O","14",1
"j_136",0,"L","O","14",1
"j_137",0,"L","Q","32",2
"j_138",0,"L","P","14",1
"j_139",0,"L","P","12",1
"j_140",0,"L","P","32",1
"j_141",0,"L","P","22",1
"j_142",0,"L","P","10",1
"j_143",0,"L","R.S","32",1
"j_144",0,"L","P","22",1
"j_145",0,"L","P","04",1
"j_146",0,"M","P","32",6
"j_147",0,"L","P","32",1
"j_148",0,"L","P","24",7
"j_149",0,"L","Q","10",2
"j_150",0,"L","P","14",8
"j_151",0,"M","R.S","02",1
"j_152",0,"L","P","02",1
"j_153",0,"L","Q","12",1
"j_154",0,"L","Q","04",1
"j_155",0,"L","P","06",1
"j_156",0,"M","I","06",1
"j_157",0,"M","P","02",7
"j_158",0,"L","P","32",1
"j_159",0,"L","P","28",1
"j_160",0,"M","Q","24",12
"j_161",0,"M","P","10",6
"j_162",0,"L","P","32",1
"j_163",0,"L","P","22",1
"j_164",0,"L","P","22",1
"j_165",0,"L","P","10",1
"j_166",0,"L","P","32",1
"j_167",0,"L","I","22",2
"j_168",0,"L","P","32",2
"j_169",0,"L","P","32",1
"j_170",0,"L","P","22",1
"j_171",0,"M","Q","08",1
"j_172",0,"L","P","30",1
"j_173",0,"M","M","32",7
"j_174",0,"L","P","30",1
"j_175",0,"M","I","30",13
"j_176",0,"L","P","14",1
"j_177",0,"L","P","14",1
"j_178",0,"L","P","14",1
"j_179",0,"L","P","14",2
"j_180",0,"L","O","14",1
"j_181",0,"L","P","24",1
"j_182",0,"L","R.S","12",1
"j_183",0,"L","R.S","30",1
"j_184",0,"L","R.S","12",1
"j_185",0,"M","R.S","14",6
"j_186",0,"L","P","10",1
"j_187",0,"M","R.S","32",1
"j_188",0,"L","P","12",1
"j_189",0,"L","R.S","24",1
"j_190",0,"L","R.S","12",1
"j_191",0,"L","R.S","30",1
"j_192",0,"L","R.S","02",1
"j_193",0,"L","R.S","20",1
"j_194",0,"L","R.S","18",1
"j_195",0,"M","R.S","02",1
"j_196",0,"L","R.S","32",1
"j_197",0,"L","P","14",1
"j_198",0,"L","P","24",1
"j_199",0,"M","R.S","32",1
"j_200",0,"M","R.S","24",1
"j_201",0,"M","R.S","32",1
"j_202",0,"L","P","06",1
"j_203",0,"L","R.S","24",1
"j_204",0,"L","R.S","30",1
"j_205",0,"M","P","18",7
"j_206",0,"M","R.S","20",1
"j_207",0,"M","R.S","04",2
"j_208",0,"M","R.S","32",1
"j_209",0,"L","O","14",1
"j_210",1,"L","Q","14",1
"j_211",1,"L","Q","02",1
"j_212",0,"L","M","14",1
"j_213",0,"L","Q","14",1
"j_214",0,"L","Q","12",1
"j_215",0,"L","P","20",1
"j_216",0,"L","Q","20",1
"j_217",0,"L","P","22",1
"j_218",0,"L","Q","12",1
"j_219",0,"L","Q","32",1
"j_220",0,"L","P","24",1
"j_221",0,"L","P","14",1
"j_222",0,"M","Q","22",12
"j_223",0,"L","Q","08",1
"j_224",0,"L","Q","14",1
"j_225",0,"L","Q","14",1
"j_226",0,"L","Q","06",1
"j_227",0,"L","Q","16",1
"j_228",0,"L","Q","02",1
"j_229",0,"L","Q","30",1
"j_230",0,"M","P","22",7
"j_231",0,"L","Q","30",1
"j_232",0,"L","Q","02",1
"j_233",0,"L","Q","30",1
"j_234",0,"L","Q","16",1
"j_235",0,"L","Q","14",1
"j_236",0,"L","Q","18",1
"j_237",0,"L","Q","24",1
"j_238",0,"L","Q","08",2
"j_239",0,"L","Q","20",1
"j_240",0,"L","Q","12",1
"j_241",0,"L","Q","24",1
"j_242",0,"L","Q","22",1
"j_243",0,"L","Q","02",1
"j_244",0,"L","O","04",1
"j_245",0,"L","Q","22",1
"j_246",0,"L","O","30",1
"j_247",0,"L","Q","02",1
"j_248",0,"L","Q","10",1
"j_249",0,"L","Q","10",1
"j_250",0,"L","Q","10",1
"j_251",0,"L","Q","16",1
"j_252",0,"L","Q","04",1
"j_253",0,"L","Q","14",1
"j_254",0,"L","Q","02",1
"j_255",0,"L","Q","04",1
"j_256",0,"L","Q","32",1
"j_257",0,"L","Q","04",1
"j_258",0,"L","Q","12",1
"j_259",0,"L","Q","12",1
"j_260",0,"L","Q","28",1
"j_261",0,"L","Q","10",1
"j_262",0,"L","Q","12",1
"j_263",0,"L","Q","18",1
"j_264",0,"L","Q","10",1
"j_265",0,"L","Q","04",1
"j_266",0,"L","Q","24",1
"j_267",0,"L","Q","10",1
"j_268",0,"L","Q","12",1
"j_269",0,"L","Q","14",1
"j_270",0,"L","O","12",1
"j_271",0,"L","Q","14",1
"j_272",0,"L","Q","14",1
"j_273",0,"L","Q","14",2
"j_274",0,"L","Q","14",2
"j_275",0,"L","Q","24",1
"j_276",0,"L","Q","24",1
"j_277",0,"L","Q","12",12
"j_278",0,"L","Q","12",1
"j_279",0,"L","Q","14",1
"j_280",0,"M","O","22",5
"j_281",0,"L","O","24",6
"j_282",0,"L","O","24",1
"j_283",0,"M","O","24",6
"j_284",0,"L","Q","26",1
"j_285",0,"L","Q","26",1
"j_286",0,"L","Q","14",1
"j_287",0,"L","Q","28",1
"j_288",0,"M","O","06",7
"j_289",0,"L","Q","24",1
"j_290",0,"L","Q","26",1
"j_291",0,"L","Q","12",1
"j_292",0,"L","Q","12",1
"j_293",0,"L","Q","12",1
"j_294",0,"L","Q","32",1
"j_295",0,"L","Q","14",1
"j_296",0,"L","Q","12",1
"j_297",0,"L","Q","12",2
"j_298",0,"L","Q","06",1
"j_299",0,"L","Q","28",1
"j_300",0,"L","Q","30",1
"j_301",0,"L","Q","18",1
"j_302",0,"L","Q","14",2
"j_303",0,"L","Q","14",1
"j_304",0,"L","Q","14",1
"j_305",0,"L","Q","14",2
"j_306",0,"L","Q","02",1
"j_307",0,"M","O","32",5
"j_308",0,"L","Q","22",1
"j_309",0,"L","Q","26",1
"j_310",0,"L","Q","06",1
"j_311",0,"L","Q","06",1
"j_312",0,"L","Q","30",1
"j_313",0,"L","Q","30",1
"j_314",0,"L","Q","08",1
"j_315",0,"L","O","08",1
"j_316",0,"L","Q","24",1
"j_317",0,"L","Q","12",1
"j_318",0,"L","Q","10",1
"j_319",0,"L","Q","28",1
"j_320",0,"L","Q","30",1
"j_321",0,"L","Q","30",1
"j_322",0,"L","Q","30",1
"j_323",0,"L","Q","14",1
"j_324",0,"L","Q","14",1
"j_325",0,"L","Q","14",1
"j_326",0,"L","Q","32",1
"j_327",0,"L","Q","10",1
"j_328",0,"L","Q","08",1
"j_329",0,"L","Q","26",1
"j_330",0,"L","Q","26",1
"j_331",0,"L","Q","32",1
"j_332",0,"L","Q","16",1
"j_333",0,"L","Q","14",2
"j_334",0,"L","O","24",1
"j_335",0,"L","Q","24",1
"j_336",0,"L","Q","18",1
"j_337",0,"L","Q","02",12
"j_338",0,"L","Q","16",1
"j_339",0,"L","Q","14",1
"j_340",0,"L","Q","10",1
"j_341",0,"L","Q","10",1
"j_342",0,"L","Q","02",1
"j_343",0,"L","Q","16",1
"j_344",0,"L","O","14",1
"j_345",0,"L","C","04",14
"j_346",0,"L","C","32",2
"j_347",0,"L","Q","10",2
"j_348",0,"L","Q","28",9
"j_349",0,"L","P","30",1
"j_350",0,"L","Q","26",12
"j_351",0,"L","Q","10",1
"j_352",0,"L","Q","24",1
"j_353",0,"L","Q","02",1
"j_354",0,"L","Q","02",1
"j_355",0,"L","M","14",1
"j_356",0,"L","M","06",1
"j_357",0,"L","R.S","22",1
"j_358",0,"L","R.S","10",1
"j_359",0,"M","R.S","16",1
"j_360",0,"L","O","14",1
"j_361",0,"L","O","14",1
"j_362",0,"L","O","10",1
"j_363",0,"L","O","22",1
"j_364",0,"L","O","26",1
"j_365",0,"L","O","06",1
"j_366",0,"L","O","28",1
"j_367",0,"L","O","16",1
"j_368",0,"L","O","32",1
"j_369",0,"L","O","02",1
"j_370",0,"L","O","08",1
"j_371",0,"L","O","24",1
"j_372",0,"L","O","02",5
"j_373",0,"L","O","30",5
"j_374",0,"L","O","22",5
"j_375",0,"L","O","14",1
"j_376",0,"L","O","02",1
"j_377",0,"L","O","30",1
"j_378",0,"L","O","22",1
"j_379",0,"L","O","04",1
"j_380",0,"L","O","14",9
"j_381",1,"L","G","04",1
"j_382",1,"L","G","04",1
"j_383",1,"L","G","26",1
"j_384",1,"M","G","26",1
"j_385",1,"L","G","24",1
"j_386",1,"M","G","12",23
"j_387",1,"L","G","12",1
"j_388",1,"M","G","10",15
"j_389",1,"L","G","28",1
"j_390",1,"M","G","16",1
"j_391",1,"M","G","30",25
"j_392",1,"L","G","18",1
"j_393",1,"L","G","18",1
"j_394",1,"L","G","18",1
"j_395",1,"L","G","18",1
"j_396",1,"L","G","18",2
"j_397",1,"L","G","32",1
"j_398",1,"S","K.L","14",8
"j_399",1,"L","C","14",26
"j_400",1,"L","C","22",1
"j_401",1,"L","R.S","30",2
"j_402",1,"L","C","32",15
"j_403",1,"L","Q","32",1
"j_404",1,"M","Q","14",15
"j_405",1,"L","G","12",1
"j_406",1,"L","G","30",1
"j_407",1,"L","G","20",1
"j_408",1,"L","C","22",1
"j_409",1,"L","C","10",1
"j_410",1,"L","C","10",1
"j_411",1,"L","C","12",1
"j_412",1,"L","C","30",1
"j_413",1,"L","C","22",2
"j_414",1,"M","G","06",1
"j_415",1,"L","C","06",1
"j_416",1,"L","C","10",1
"j_417",1,"L","C","28",1
"j_418",1,"L","C","28",16
"j_419",1,"L","N","30",1
"j_420",1,"L","N","18",1
"j_421",1,"L","C","14",26
"j_422",1,"L","C","02",1
"j_423",1,"M","K.L","20",1
"j_424",1,"M","K.L","20",1
"j_425",1,"M","D.E","20",1
"j_426",1,"M","K.L","20",2
"j_427",1,"M","K.L","04",1
"j_428",1,"M","K.L","28",1
"j_429",1,"L","K.L","22",2
"j_430",1,"L","K.L","22",1
"j_431",1,"L","K.L","22",1
"j_432",1,"M","K.L","24",1
"j_433",1,"L","K.L","24",1
"j_434",1,"L","K.L","24",1
"j_435",1,"L","K.L","24",1
"j_436",1,"M","K.L","26",1
"j_437",1,"M","K.L","26",2
"j_438",1,"M","K.L","32",1
"j_439",1,"M","K.L","22",1
"j_440",1,"M","K.L","22",9
"j_441",1,"M","K.L","12",1
"j_442",1,"L","K.L","12",1
"j_443",1,"L","K.L","06",1
"j_444",1,"L","K.L","06",1
"j_445",1,"M","K.L","06",1
"j_446",1,"L","K.L","06",1
"j_447",1,"M","K.L","06",1
"j_448",1,"L","K.L","10",1
"j_449",1,"L","K.L","10",1
"j_450",1,"M","K.L","28",2
"j_451",1,"M","K.L","28",1
"j_452",1,"M","K.L","16",2
"j_453",1,"L","K.L","16",1
"j_454",1,"L","K.L","30",1
"j_455",1,"L","K.L","18",1
"j_456",1,"L","K.L","32",1
"j_457",1,"L","K.L","14",1
"j_458",1,"M","K.L","14",9
"j_459",1,"L","K.L","14",1
"j_460",1,"L","K.L","02",1
"j_461",1,"M","K.L","02",1
"j_462",1,"L","K.L","08",1
"j_463",1,"M","K.L","08",1
"j_464",1,"L","K.L","08",1
"j_465",1,"L","K.L","04",1
"j_466",1,"L","K.L","22",1
"j_467",1,"L","K.L","22",1
"j_468",1,"L","K.L","22",1
"j_469",1,"L","K.L","22",1
"j_470",1,"L","K.L","24",1
"j_471",1,"M","K.L","24",2
"j_472",1,"M","K.L","26",1
"j_473",1,"L","K.L","26",1
"j_474",1,"L","K.L","26",1
"j_475",1,"L","K.L","26",1
"j_476",1,"L","K.L","32",1
"j_477",1,"L","K.L","22",1
"j_478",1,"L","K.L","32",1
"j_479",1,"L","K.L","12",2
"j_480",1,"L","K.L","06",1
"j_481",1,"L","K.L","10",1
"j_482",1,"L","K.L","10",1
"j_483",1,"L","K.L","10",1
"j_484",1,"M","K.L","28",1
"j_485",1,"L","K.L","30",3
"j_486",1,"L","K.L","30",2
"j_487",1,"M","K.L","18",1
"j_488",1,"L","K.L","18",1
"j_489",1,"M","K.L","32",1
"j_490",1,"L","K.L","02",1
"j_491",1,"L","K.L","02",1
"j_492",0,"L","O","12",1
"j_493",0,"L","O","10",1
"j_494",0,"L","O","20",1
"j_495",0,"L","O","04",1
"j_496",0,"L","O","22",1
"j_497",0,"L","O","24",1
"j_498",0,"L","O","06",1
"j_499",0,"L","O","16",1
"j_500",0,"L","O","30",1
"j_501",0,"L","O","18",1
"j_502",0,"L","O","32",1
"j_503",0,"L","O","02",1
"j_504",0,"L","O","24",1
"j_505",0,"L","O","24",1
"j_506",0,"L","O","24",1
"j_507",0,"L","O","24",1
"j_508",0,"L","O","24",1
"j_509",0,"L","O","24",1
"j_510",0,"L","O","24",1
"j_511",0,"L","O","24",1
"j_512",0,"L","O","24",1
"j_513",0,"L","O","24",1
"j_514",0,"L","O","24",1
"j_515",0,"L","O","26",1
"j_516",0,"L","O","14",1
"j_517",0,"L","O","16",1
"j_518",0,"L","O","28",1
"j_519",0,"L","O","28",1
"j_520",0,"L","O","22",1
"j_521",0,"L","O","24",1
"j_522",0,"L","O","24",1
"j_523",0,"L","O","26",1
"j_524",0,"L","O","14",1
"j_525",0,"L","O","14",1
"j_526",0,"L","O","32",1
"j_527",0,"L","O","32",1
"j_528",0,"L","O","22",1
"j_529",0,"L","O","12",1
"j_530",0,"L","O","06",1
"j_531",0,"L","O","06",1
"j_532",0,"L","O","06",1
"j_533",0,"L","O","10",1
"j_534",0,"L","O","28",1
"j_535",0,"L","O","28",1
"j_536",0,"L","O","28",1
"j_537",0,"L","O","16",1
"j_538",0,"L","O","30",1
"j_539",0,"L","O","30",1
"j_540",0,"L","O","30",1
"j_541",0,"L","O","18",1
"j_542",0,"L","O","18",1
"j_543",0,"L","O","14",1
"j_544",0,"L","O","14",1
"j_545",0,"L","O","06",1
"j_546",0,"L","O","02",1
"j_547",0,"L","O","02",1
"j_548",0,"L","O","08",1
"j_549",0,"L","O","20",1
"j_550",0,"L","O","04",1
"j_551",0,"L","O","22",1
"j_552",0,"L","O","14",9
"j_553",0,"L","O","12",1
"j_554",0,"L","O","12",1
"j_555",0,"L","O","12",1
"j_556",0,"L","O","06",1
"j_557",0,"L","O","06",1
"j_558",0,"L","O","10",1
"j_559",0,"L","O","10",1
"j_560",0,"L","O","28",1
"j_561",0,"L","O","16",1
"j_562",0,"L","O","30",1
"j_563",0,"L","O","30",1
"j_564",0,"L","O","30",1
"j_565",0,"L","O","30",1
"j_566",0,"L","O","14",1
"j_567",0,"L","O","02",5
"j_568",0,"L","O","08",1
"j_569",0,"L","O","08",1
"j_570",0,"L","O","08",1
"j_571",0,"L","O","20",1
"j_572",0,"L","O","22",1
"j_573",0,"L","O","24",1
"j_574",0,"L","O","24",1
"j_575",0,"L","O","26",1
"j_576",0,"L","O","12",1
"j_577",0,"L","O","12",1
"j_578",0,"L","O","06",1
"j_579",0,"L","O","10",1
"j_580",0,"L","O","30",1
"j_581",0,"L","O","14",1
"j_582",0,"L","O","02",1
"j_583",0,"L","O","08",1
"j_584",0,"L","O","08",1
"j_585",0,"L","O","24",1
"j_586",0,"L","O","32",1
"j_587",0,"L","O","30",1
"j_588",0,"L","O","30",1
"j_589",0,"L","O","30",1
"j_590",0,"L","O","02",1
"j_591",0,"L","O","02",5
"j_592",0,"L","O","24",1
"j_593",0,"L","O","24",1
"j_594",0,"L","O","22",1
"j_595",0,"L","O","30",1
"j_596",0,"L","O","32",1
"j_597",0,"L","O","02",1
"j_598",0,"L","O","02",1
"j_599",0,"M","O","02",5
"j_600",0,"M","O","04",4
"j_601",0,"M","O","26",4
"j_602",0,"L","O","28",1
"j_603",0,"L","O","28",1
"j_604",0,"L","O","16",1
"j_605",0,"L","O","32",1
"j_606",0,"L","O","32",1
"j_607",0,"L","O","14",1
"j_608",0,"L","O","02",5
"j_609",0,"L","O","02",1
"j_610",0,"M","O","02",5
"j_611",0,"M","O","08",5
"j_612",0,"M","O","08",5
"j_613",0,"L","O","10",1
"j_614",0,"M","O","18",4
"j_615",0,"L","O","32",1
"j_616",0,"L","O","32",1
"j_617",0,"L","O","20",1
"j_618",0,"L","O","04",1
"j_619",0,"L","O","04",1
"j_620",0,"M","O","04",4
"j_621",0,"L","O","32",1
"j_622",0,"M","O","12",5
"j_623",0,"M","O","06",7
"j_624",0,"L","O","10",1
"j_625",0,"L","O","28",1
"j_626",0,"M","O","30",5
"j_627",0,"L","O","30",1
"j_628",0,"M","O","32",5
"j_629",0,"M","O","22",4
"j_630",0,"M","O","10",6
"j_631",0,"L","O","30",5
"j_632",0,"M","O","30",5
"j_633",0,"L","O","02",1
"j_634",0,"L","O","02",1
"j_635",0,"L","O","04",4
"j_636",0,"L","O","04",1
"j_637",0,"L","O","06",1
"j_638",0,"M","O","28",4
"j_639",0,"M","O","16",4
"j_640",0,"M","O","16",4
"j_641",0,"L","O","30",5
"j_642",0,"L","O","30",1
"j_643",0,"L","O","18",1
"j_644",0,"L","O","14",1
"j_645",0,"M","O","26",4
"j_646",0,"M","O","32",5
"j_647",0,"L","O","10",1
"j_648",0,"L","O","14",9
"j_649",0,"M","O","02",5
"j_650",0,"L","O","02",1
"j_651",0,"L","O","20",1
"j_652",0,"L","O","04",4
"j_653",0,"L","O","22",4
"j_654",0,"M","O","30",5
"j_655",0,"L","O","02",5
"j_656",0,"M","O","28",4
"j_657",0,"M","O","04",4
"j_658",0,"L","O","26",1
"j_659",0,"L","O","30",5
"j_660",0,"L","O","14",9
"j_661",0,"L","O","32",1
"j_662",0,"L","O","30",1
"j_663",0,"L","O","22",1
"j_664",0,"L","O","24",6
"j_665",0,"M","O","20",5
"j_666",0,"L","O","26",4
"j_667",0,"M","O","06",7
"j_668",0,"L","O","26",1
"j_669",0,"L","Q","14",1
"j_670",0,"L","Q","14",1
"j_671",1,"L","D.E","16",1
"j_672",0,"L","Q","18",1
"j_673",0,"L","P","10",1
"j_674",0,"L","M","24",1
"j_675",0,"L","O","06",1
"j_676",1,"L","C","06",1
"j_677",1,"L","C","12",1
"j_678",1,"M","R.S","18",3
"j_679",0,"L","O","02",1
"j_680",0,"L","O","02",1
"j_681",0,"L","O","02",1
"j_682",0,"L","Q","06",1
"j_683",0,"L","O","16",1
"j_684",0,"L","O","08",1
"j_685",0,"L","Q","30",11
"j_686",0,"L","Q","30",11
"j_687",0,"L","O","22",1
"j_688",0,"L","O","32",1
"j_689",0,"L","O","14",1
"j_690",0,"L","O","14",1
"j_691",0,"L","O","06",1
"j_692",0,"L","O","28",1
"j_693",0,"L","O","06",1
"j_694",0,"L","O","06",1
"j_695",0,"M","R.S","08",1
"j_696",0,"L","O","04",1
"j_697",0,"L","O","04",1
"j_698",0,"L","O","18",1
"j_699",0,"L","O","04",1
"j_700",0,"L","O","04",1
"j_701",0,"L","R.S","10",1
"j_702",0,"L","O","22",1
"j_703",0,"L","O","22",1
"j_704",0,"L","O","22",1
"j_705",0,"L","O","22",1
"j_706",0,"M","R.S","22",1
"j_707",0,"L","H","24",2
"j_708",1,"L","H","16",1
"j_709",0,"L","H","18",1
"j_710",0,"L","H","02",1
"j_711",0,"L","H","02",2
"j_712",0,"L","H","30",1
"j_713",0,"L","H","30",2
"j_714",0,"L","H","26",1
"j_715",0,"L","Q","22",1
"j_716",0,"L","Q","12",1
"j_717",0,"M","R.S","30",1
"j_718",0,"L","O","30",1
"j_719",0,"L","O","22",1
"j_720",0,"L","Q","10",1
"j_721",0,"L","R.S","24",1
"j_722",0,"L","O","30",1
"j_723",0,"L","P","20",1
"j_724",0,"L","O","12",1
"j_725",0,"M","R.S","22",1
"j_726",0,"L","O","24",1
"j_727",0,"L","O","32",1
"j_728",0,"L","Q","14",1
"j_729",0,"L","O","18",1
"j_730",0,"M","P","14",8
"j_731",1,"M","K.L","18",6
"j_732",0,"L","O","12",1
"j_733",0,"L","O","10",1
"j_734",0,"L","Q","10",1
"j_735",0,"L","O","30",1
"j_736",0,"L","O","30",1
"j_737",0,"L","R.S","24",1
"j_738",1,"L","K.L","22",1
"j_739",1,"L","C","24",1
"j_740",0,"L","Q","24",1
"j_741",0,"L","K.L","14",1
"j_742",1,"L","C","30",1
"j_743",1,"L","G","30",2
"j_744",0,"M","R.S","30",1
"j_745",0,"L","M","14",1
"j_746",1,"L","C","28",16
"j_747",0,"M","R.S","20",1
"j_748",0,"L","Q","14",1
"j_749",0,"L","Q","14",1
"j_750",0,"M","R.S","14",6
"j_751",0,"M","R.S","28",1
"j_752",0,"L","Q","12",1
"j_753",0,"L","Q","24",1
"j_754",0,"L","O","18",1
"j_755",0,"M","R.S","18",1
"j_756",0,"L","O","28",1
"j_757",0,"L","O","24",6
"j_758",0,"L","P","30",1
"j_759",0,"L","M","24",1
"j_760",0,"L","P","02",1
"j_761",0,"L","P","02",1
"j_762",0,"L","P","02",1
"j_763",0,"L","P","02",1
"j_764",0,"L","P","26",1
"j_765",0,"S","Q","30",14
"j_766",0,"M","R.S","24",5
"j_767",0,"M","P","12",9
"j_768",0,"L","P","12",1
"j_769",0,"L","P","06",1
"j_770",0,"L","P","24",6
"j_771",0,"M","R.S","24",1
"j_772",0,"L","P","28",1
"j_773",0,"L","P","28",1
"j_774",0,"L","P","02",2
"j_775",0,"L","P","24",1
"j_776",0,"L","P","24",6
"j_777",0,"M","P","24",6
"j_778",0,"L","P","24",6
"j_779",0,"L","P","24",1
"j_780",0,"L","P","12",9
"j_781",0,"L","P","24",1
"j_782",0,"L","P","24",6
"j_783",0,"L","P","24",7
"j_784",0,"M","P","12",9
"j_785",0,"L","P","10",1
"j_786",0,"L","P","10",6
"j_787",0,"M","P","20",6
"j_788",0,"L","P","20",1
"j_789",0,"L","P","24",6
"j_790",0,"M","P","16",6
"j_791",0,"L","P","06",1
"j_792",1,"L","G","24",2
"j_793",1,"L","G","24",1
"j_794",1,"M","G","14",26
"j_795",1,"L","I","30",2
"j_796",0,"L","R.S","24",1
"j_797",0,"L","R.S","24",4
"j_798",1,"L","K.L","02",1
"j_799",1,"M","C","06",13
"j_800",1,"L","C","06",1
"j_801",0,"L","P","14",8
"j_802",0,"L","P","14",1
"j_803",0,"L","P","14",2
"j_804",0,"L","P","14",1
"j_805",0,"L","P","14",1
"j_806",0,"L","P","14",1
"j_807",0,"L","P","14",1
"j_808",0,"L","P","14",1
"j_809",0,"L","P","14",9
"j_810",0,"L","P","14",8
"j_811",0,"L","P","14",1
"j_812",0,"L","P","14",1
"j_813",0,"L","P","14",1
"j_814",0,"L","P","14",1
"j_815",0,"L","P","14",1
"j_816",0,"L","P","14",1
"j_817",0,"L","P","14",1
"j_818",0,"L","P","14",1
"j_819",0,"L","P","14",1
"j_820",0,"L","Q","12",1
"j_821",0,"L","P","10",1
"j_822",1,"L","K.L","10",1
"j_823",0,"L","P","04",1
"j_824",0,"M","R.S","24",1
"j_825",1,"L","N","22",1
"j_826",0,"L","R.S","16",1
"j_827",1,"L","K.L","22",1
"j_828",0,"L","C","14",1
"j_829",0,"L","P","14",8
"j_830",0,"S","R.S","14",5
"j_831",0,"L","Q","02",1
"j_832",0,"M","M","14",22
"j_833",0,"L","M","30",1
"j_834",0,"S","P","20",8
"j_835",0,"L","O","14",1
"j_836",1,"L","C","10",1
"j_837",1,"L","C","10",18
"j_838",1,"L","C","10",1
"j_839",0,"L","Q","24",2
"j_840",0,"L","O","22",1
"j_841",0,"L","O","24",1
"j_842",0,"L","O","10",1
"j_843",0,"L","O","32",1
"j_844",0,"L","O","02",1
"j_845",0,"L","O","08",1
"j_846",1,"L","G","24",1
"j_847",1,"L","G","14",1
"j_848",1,"L","G","14",1
"j_849",1,"L","G","14",1
"j_850",0,"L","P","30",1
"j_851",0,"L","Q","12",11
"j_852",0,"S","R.S","14",4
"j_853",0,"L","Q","28",1
"j_854",1,"L","G","06",1
"j_855",1,"L","G","04",1
"j_856",0,"M","K.L","02",1
"j_857",0,"L","P","30",1
"j_858",0,"M","R.S","16",1
"j_859",1,"L","G","28",2
"j_860",1,"L","G","28",1
"j_861",1,"M","G","26",1
"j_862",1,"L","G","32",1
"j_863",0,"L","Q","14",1
"j_864",0,"L","R.S","08",1
"j_865",1,"L","G","16",1
"j_866",1,"L","G","02",1
"j_867",0,"L","Q","28",1
"j_868",1,"L","G","02",1
"j_869",1,"M","G","22",1
"j_870",1,"L","G","04",1
"j_871",1,"M","K.L","02",7
"j_872",0,"S","R.S","24",5
"j_873",0,"L","Q","22",1
"j_874",0,"L","Q","22",2
"j_875",0,"L","P","16",1
"j_876",0,"L","Q","24",1
"j_877",1,"M","K.L","22",1
"j_878",1,"L","G","12",2
"j_879",0,"L","Q","14",2
"j_880",0,"L","O","02",1
"j_881",0,"L","O","02",1
"j_882",0,"L","O","02",1
"j_883",0,"L","O","02",1
"j_884",0,"L","O","02",1
"j_885",0,"L","O","02",1
"j_886",0,"L","O","02",1
"j_887",0,"L","O","02",1
"j_888",0,"L","O","02",1
"j_889",0,"L","O","14",1
"j_890",0,"L","O","14",1
"j_891",0,"L","O","14",1
"j_892",0,"L","O","14",1
"j_893",0,"L","O","14",1
"j_894",0,"L","O","14",1
"j_895",0,"L","O","14",1
"j_896",0,"L","O","14",1
"j_897",0,"L","O","14",1
"j_898",0,"L","O","14",1
"j_899",0,"L","O","14",1
"j_900",0,"L","O","14",1
"j_901",0,"L","O","14",1
"j_902",0,"L","O","14",1
"j_903",0,"L","O","20",1
"j_904",0,"L","O","20",5
"j_905",0,"L","O","20",5
"j_906",0,"L","O","20",1
"j_907",0,"L","O","04",1
"j_908",0,"L","O","04",1
"j_909",0,"L","O","04",1
"j_910",0,"L","O","04",1
"j_911",0,"L","O","22",1
"j_912",0,"L","O","24",1
"j_913",0,"L","O","24",1
"j_914",0,"L","O","24",1
"j_915",0,"L","O","24",1
"j_916",0,"L","O","24",1
"j_917",0,"L","O","24",1
"j_918",0,"L","O","12",1
"j_919",0,"L","O","10",1
"j_920",0,"L","O","10",1
"j_921",0,"L","O","10",1
"j_922",0,"L","O","10",1
"j_923",0,"L","O","10",1
"j_924",0,"L","O","28",1
"j_925",0,"L","O","18",1
"j_926",0,"L","O","18",1
"j_927",0,"L","O","18",1
"j_928",0,"L","O","18",1
"j_929",0,"L","O","18",1
"j_930",0,"L","M","14",1
"j_931",1,"L","G","18",1
"j_932",0,"L","Q","10",1
"j_933",1,"L","G","02",1
"j_934",1,"L","G","16",1
"j_935",0,"L","N","04",1
"j_936",0,"L","P","22",1
"j_937",0,"L","R.S","12",1
"j_938",0,"L","N","28",1
"j_939",0,"L","P","30",1
"j_940",0,"M","R.S","12",2
"j_941",0,"M","R.S","14",1
"j_942",1,"L","G","14",1
"j_943",1,"M","K.L","12",7
"j_944",1,"L","K.L","24",1
"j_945",0,"L","M","32",1
"j_946",0,"L","R.S","24",1
"j_947",1,"L","G","14",1
"j_948",1,"L","G","20",1
"j_949",1,"L","G","30",2
"j_950",1,"L","G","30",1
"j_951",1,"L","G","30",2
"j_952",0,"L","M","08",1
"j_953",1,"L","G","26",2
"j_954",1,"L","G","26",17
"j_955",0,"L","P","14",1
"j_956",1,"L","C","14",1
"j_957",1,"L","G","12",2
"j_958",0,"L","O","14",1
"j_959",1,"M","K.L","22",1
"j_960",0,"M","R.S","02",1
"j_961",0,"L","Q","32",1
"j_962",1,"L","K.L","14",1
"j_963",0,"L","Q","24",1
"j_964",0,"L","Q","24",1
"j_965",0,"L","P","14",8
"j_966",0,"L","P","24",1
"j_967",1,"L","K.L","30",1
"j_968",0,"L","P","30",1
"j_969",1,"L","G","20",1
"j_970",1,"S","K.L","32",7
"j_971",1,"M","K.L","04",1
"j_972",1,"M","K.L","16",1
"j_973",1,"L","C","06",1
"j_974",1,"L","G","12",1
"j_975",0,"L","Q","08",1
"j_976",0,"L","O","32",1
"j_977",0,"L","Q","02",1
"j_978",0,"L","O","02",1
"j_979",0,"L","P","14",1
"j_980",0,"L","P","10",1
"j_981",1,"L","G","12",1
"j_982",1,"L","G","12",1
"j_983",0,"L","O","14",1
"j_984",0,"M","R.S","08",2
"j_985",0,"L","M","14",1
"j_986",0,"M","P","18",7
"j_987",0,"M","P","28",7
"j_988",0,"M","P","16",6
"j_989",0,"M","P","22",6
"j_990",0,"M","P","32",7
"j_991",0,"L","P","02",6
"j_992",0,"L","P","02",1
"j_993",0,"L","P","02",1
"j_994",0,"M","P","02",7
"j_995",0,"M","P","16",6
"j_996",0,"M","P","12",8
"j_997",0,"S","P","24",12
"j_998",0,"M","P","24",6
"j_999",0,"L","P","26",1
"j_1000",0,"M","P","32",7
"j_1001",0,"L","Q","24",1
"j_1002",0,"L","O","10",1
"j_1003",0,"L","R.S","24",1
"j_1004",0,"M","P","02",7
"j_1005",1,"L","K.L","26",1
"j_1006",0,"L","R.S","14",1
"j_1007",0,"L","Q","24",1
"j_1008",0,"L","M","24",1
"j_1009",0,"L","Q","24",1
"j_1010",1,"L","I","14",1
"j_1011",0,"L","P","02",1
"j_1012",0,"L","P","26",1
"j_1013",1,"M","K.L","10",7
"j_1014",0,"L","P","28",1
"j_1015",1,"M","J","24",12
"j_1016",1,"L","F","12",2
"j_1017",1,"M","K.L","08",1
"j_1018",1,"M","K.L","04",8
"j_1019",1,"L","C","32",1
"j_1020",1,"L","C","10",1
"j_1021",1,"L","R.S","30",1
"j_1022",1,"M","J","02",10
"j_1023",0,"L","P","18",1
"j_1024",1,"L","Q","10",1
"j_1025",1,"M","R.S","04",1
"j_1026",1,"L","C","28",1
"j_1027",0,"L","Q","24",1
"j_1028",1,"L","H","14",1
"j_1029",1,"L","C","08",1
"j_1030",1,"M","F","12",19
"j_1031",1,"L","C","12",2
"j_1032",1,"L","C","04",1
"j_1033",1,"L","C","30",2
"j_1034",1,"M","J","14",20
"j_1035",1,"L","C","04",1
"j_1036",1,"L","C","22",15
"j_1037",1,"L","C","02",1
"j_1038",0,"M","Q","04",10
"j_1039",0,"L","P","06",1
"j_1040",1,"L","G","04",1
"j_1041",1,"M","H","22",15
"j_1042",1,"L","I","14",2
"j_1043",1,"S","C","10",78
"j_1044",0,"L","P","24",1
"j_1045",1,"L","C","06",1
"j_1046",0,"L","O","14",1
"j_1047",1,"L","C","04",1
"j_1048",1,"L","C","12",1
"j_1049",1,"M","C","30",29
"j_1050",1,"L","C","14",1
"j_1051",1,"L","C","32",2
"j_1052",1,"L","C","14",1
"j_1053",1,"L","C","12",1
"j_1054",1,"L","J","18",1
"j_1055",1,"L","F","18",2
"j_1056",1,"L","M","14",1
"j_1057",1,"S","G","14",165
"j_1058",1,"L","C","14",1
"j_1059",1,"L","G","14",1
"j_1060",0,"L","Q","14",1
"j_1061",1,"L","C","30",1
"j_1062",1,"L","C","20",1
"j_1063",0,"L","Q","14",1
"j_1064",1,"L","I","14",1
"j_1065",0,"S","Q","06",12
"j_1066",1,"L","C","20",2
"j_1067",1,"L","H","20",1
"j_1068",1,"L","C","20",1
"j_1069",1,"L","G","20",1
"j_1070",1,"M","F","24",1
"j_1071",0,"L","D.E","24",1
"j_1072",0,"L","R.S","24",1
"j_1073",1,"M","K.L","04",1
"j_1074",0,"L","K.L","04",1
"j_1075",1,"M","G","04",1
"j_1076",1,"L","C","04",1
"j_1077",1,"L","C","04",1
"j_1078",1,"L","C","14",1
"j_1079",1,"L","C","24",1
"j_1080",1,"L","C","24",1
"j_1081",1,"L","C","24",1
"j_1082",1,"L","C","24",1
"j_1083",1,"M","D.E","24",1
"j_1084",0,"L","Q","28",1
"j_1085",1,"M","I","22",12
"j_1086",1,"L","C","22",1
"j_1087",1,"S","N","22",26
"j_1088",0,"L","Q","22",2
"j_1089",1,"L","C","22",1
"j_1090",1,"M","N","22",13
"j_1091",1,"L","C","22",1
"j_1092",1,"L","C","22",1
"j_1093",1,"L","F","22",1
"j_1094",0,"M","Q","30",11
"j_1095",1,"L","G","32",1
"j_1096",1,"L","C","08",1
"j_1097",1,"L","G","02",1
"j_1098",1,"L","C","02",1
"j_1099",1,"L","C","02",1
"j_1100",0,"L","Q","30",1
"j_1101",1,"L","F","30",1
"j_1102",1,"L","C","30",1
"j_1103",1,"L","C","24",1
"j_1104",0,"L","Q","24",1
"j_1105",0,"L","Q","24",1
"j_1106",0,"L","Q","24",1
"j_1107",0,"L","Q","24",1
"j_1108",0,"L","Q","24",1
"j_1109",0,"L","Q","24",1
"j_1110",1,"L","C","24",1
"j_1111",0,"L","Q","24",1
"j_1112",0,"L","Q","24",2
"j_1113",0,"L","Q","24",1
"j_1114",0,"L","Q","24",1
"j_1115",1,"M","F","24",18
"j_1116",1,"L","F","24",1
"j_1117",0,"L","Q","24",1
"j_1118",1,"M","G","24",20
"j_1119",0,"L","R.S","24",1
"j_1120",1,"L","N","24",1
"j_1121",1,"L","N","24",1
"j_1122",1,"L","G","24",2
"j_1123",1,"L","F","26",2
"j_1124",1,"L","K.L","26",1
"j_1125",0,"L","Q","26",1
"j_1126",1,"L","C","26",1
"j_1127",1,"M","K.L","26",1
"j_1128",1,"L","C","30",1
"j_1129",1,"L","C","30",1
"j_1130",0,"M","Q","32",8
"j_1131",1,"L","G","32",1
"j_1132",1,"L","R.S","32",1
"j_1133",1,"L","F","12",1
"j_1134",1,"L","G","12",1
"j_1135",1,"M","H","12",25
"j_1136",1,"L","G","12",1
"j_1137",1,"L","K.L","12",1
"j_1138",0,"L","H","12",1
"j_1139",1,"L","F","12",1
"j_1140",1,"L","C","12",1
"j_1141",1,"L","C","18",15
"j_1142",1,"L","C","18",1
"j_1143",0,"L","Q","02",1
"j_1144",0,"M","Q","02",12
"j_1145",0,"L","Q","02",1
"j_1146",0,"S","Q","02",11
"j_1147",0,"L","Q","02",1
"j_1148",1,"S","R.S","02",17
"j_1149",1,"L","G","30",2
"j_1150",1,"M","C","30",18
"j_1151",1,"L","D.E","06",1
"j_1152",0,"M","Q","06",12
"j_1153",1,"M","C","10",18
"j_1154",1,"L","C","10",1
"j_1155",0,"L","O","10",1
"j_1156",0,"L","Q","10",1
"j_1157",0,"L","M","10",1
"j_1158",1,"L","C","12",1
"j_1159",1,"M","H","12",2
"j_1160",1,"L","F","12",1
"j_1161",0,"L","Q","28",1
"j_1162",0,"L","Q","28",1
"j_1163",0,"S","Q","28",9
"j_1164",0,"M","K.L","28",1
"j_1165",1,"S","M","28",72
"j_1166",1,"L","C","28",1
"j_1167",0,"L","Q","16",1
"j_1168",1,"L","F","16",2
"j_1169",1,"M","C","16",23
"j_1170",1,"L","C","16",1
"j_1171",0,"M","Q","32",7
"j_1172",0,"M","Q","30",14
"j_1173",1,"L","C","30",1
"j_1174",1,"L","F","10",1
"j_1175",1,"L","G","10",1
"j_1176",0,"S","Q","10",13
"j_1177",0,"L","Q","10",1
"j_1178",0,"L","Q","30",1
"j_1179",1,"L","C","30",1
"j_1180",0,"M","O","30",5
"j_1181",1,"L","C","30",1
"j_1182",1,"L","G","30",2
"j_1183",1,"M","I","30",68
"j_1184",1,"M","G","30",30
"j_1185",0,"L","Q","14",1
"j_1186",0,"L","Q","18",1
"j_1187",1,"M","C","18",23
"j_1188",1,"M","F","18",13
"j_1189",1,"L","C","14",1
"j_1190",1,"L","C","06",1
"j_1191",1,"L","H","14",1
"j_1192",0,"L","Q","22",1
"j_1193",0,"M","Q","32",8
"j_1194",1,"L","G","22",2
"j_1195",1,"L","G","28",1
"j_1196",0,"L","I","32",1
"j_1197",0,"L","Q","32",1
"j_1198",0,"L","Q","32",1
"j_1199",1,"M","N","32",1
"j_1200",1,"L","I","32",1
"j_1201",1,"L","F","32",1
"j_1202",1,"L","C","18",2
"j_1203",1,"M","F","26",12
"j_1204",1,"L","C","12",1
"j_1205",1,"L","C","14",1
"j_1206",1,"L","C","04",1
"j_1207",0,"L","Q","04",1
"j_1208",1,"L","C","04",1
"j_1209",1,"L","C","04",1
"j_1210",1,"L","G","30",474
"j_1211",0,"M","Q","02",12
"j_1212",1,"M","C","02",24
"j_1213",0,"L","Q","04",1
"j_1214",1,"L","F","04",1
"j_1215",1,"L","G","02",1
"j_1216",1,"L","F","02",1
"j_1217",0,"L","Q","02",1
"j_1218",1,"S","H","02",92
"j_1219",1,"L","J","02",1
"j_1220",0,"L","M","02",1
"j_1221",0,"L","Q","06",1
"j_1222",0,"S","Q","06",12
"j_1223",1,"L","H","08",1
"j_1224",1,"L","C","08",1
"j_1225",1,"M","K.L","08",1
"j_1226",0,"M","Q","08",1
"j_1227",0,"L","O","14",1
"j_1228",1,"L","G","14",1
"j_1229",1,"L","C","14",1
"j_1230",1,"L","C","02",1
"j_1231",1,"M","K.L","14",9
"j_1232",1,"L","G","14",1
"j_1233",1,"M","K.L","14",8
"j_1234",1,"L","K.L","02",1
"j_1235",0,"L","Q","02",1
"j_1236",1,"M","G","14",25
"j_1237",1,"L","C","30",1
"j_1238",0,"L","Q","14",1
"j_1239",0,"L","Q","14",1
"j_1240",0,"L","O","14",1
"j_1241",0,"L","O","20",1
"j_1242",0,"L","O","22",1
"j_1243",0,"L","O","08",1
"j_1244",0,"L","O","26",1
"j_1245",0,"L","O","12",1
"j_1246",0,"L","O","06",1
"j_1247",0,"L","O","28",1
"j_1248",0,"L","O","30",1
"j_1249",0,"L","O","32",1
"j_1250",0,"L","O","02",1
"j_1251",1,"L","C","24",1
"j_1252",0,"L","Q","32",1
"j_1253",1,"L","H","32",2
"j_1254",0,"L","M","14",1
"j_1255",1,"L","F","14",1
"j_1256",0,"L","M","14",1
"j_1257",1,"L","C","32",2
"j_1258",1,"M","K.L","14",9
"j_1259",0,"L","N","02",1
"j_1260",0,"S","O","04",1
"j_1261",1,"L","G","14",1
"j_1262",1,"L","F","06",1
"j_1263",1,"L","C","20",1
"j_1264",1,"L","G","22",1
"j_1265",1,"M","M","24",2
"j_1266",1,"L","F","24",2
"j_1267",1,"L","C","14",1
"j_1268",1,"L","J","02",1
"j_1269",1,"L","H","22",1
"j_1270",1,"L","C","22",2
"j_1271",1,"L","G","14",1
"j_1272",1,"L","G","14",1
"j_1273",1,"L","N","24",1
"j_1274",1,"M","C","24",21
"j_1275",1,"L","N","24",1
"j_1276",1,"L","N","04",1
"j_1277",1,"M","F","04",1
"j_1278",1,"L","C","12",1
"j_1279",1,"L","H","32",1
"j_1280",1,"L","C","02",1
"j_1281",1,"L","F","02",1
"j_1282",1,"M","C","08",12
"j_1283",1,"M","F","16",1
"j_1284",1,"L","C","22",1
"j_1285",1,"L","C","20",1
"j_1286",1,"L","M","14",1
"j_1287",1,"L","C","22",1
"j_1288",1,"L","J","26",1
"j_1289",1,"L","G","24",1
"j_1290",1,"L","C","12",1
"j_1291",1,"L","N","18",1
"j_1292",1,"M","H","08",1
"j_1293",1,"L","F","06",1
"j_1294",1,"L","C","04",1
"j_1295",1,"M","F","02",15
"j_1296",1,"S","C","22",44
"j_1297",1,"L","G","22",1
"j_1298",1,"L","C","22",1
"j_1299",1,"L","H","02",1
"j_1300",1,"M","G","14",26
"j_1301",1,"L","C","30",2
"j_1302",1,"S","D.E","08",3
"j_1303",1,"L","C","28",1
"j_1304",1,"L","G","08",1
"j_1305",1,"L","C","12",1
"j_1306",1,"M","F","12",2
"j_1307",1,"M","F","02",2
"j_1308",1,"L","C","26",2
"j_1309",1,"L","C","30",1
"j_1310",1,"L","C","12",1
"j_1311",1,"L","G","14",1
"j_1312",1,"L","C","18",1
"j_1313",1,"L","C","02",1
"j_1314",1,"L","R.S","14",1
"j_1315",1,"L","F","14",1
"j_1316",1,"S","K.L","14",9
"j_1317",1,"S","J","14",9
"j_1318",0,"L","H","14",1
"j_1319",1,"S","C","14",144
"j_1320",1,"S","C","14",144
"j_1321",0,"L","O","14",1
"j_1322",0,"L","M","14",1
"j_1323",1,"L","G","14",1
"j_1324",1,"L","G","14",1
"j_1325",1,"L","G","14",1
"j_1326",0,"L","Q","14",1
"j_1327",0,"L","M","14",1
"j_1328",1,"L","C","10",1
"j_1329",1,"L","G","14",1
"j_1330",1,"L","J","14",1
"j_1331",0,"L","P","14",1
"j_1332",0,"L","P","14",1
"j_1333",1,"L","N","14",1
"j_1334",1,"L","M","14",1
"j_1335",1,"L","P","14",1
"j_1336",1,"L","G","14",1
"j_1337",1,"L","F","14",1
"j_1338",1,"L","C","30",1
"j_1339",1,"L","N","14",1
"j_1340",0,"L","O","14",1
"j_1341",1,"S","M","14",93
"j_1342",0,"L","P","14",1
"j_1343",1,"L","M","14",1
"j_1344",0,"L","O","20",1
"j_1345",0,"L","O","04",1
"j_1346",0,"L","O","28",1
"j_1347",0,"L","O","04",1
"j_1348",0,"L","O","18",1
"j_1349",0,"L","O","14",1
"j_1350",0,"L","O","18",1
"j_1351",0,"L","O","10",1
"j_1352",0,"L","O","18",1
"j_1353",0,"L","O","30",1
"j_1354",0,"L","O","12",1
"j_1355",0,"L","O","06",1
"j_1356",0,"L","O","10",1
"j_1357",0,"L","O","30",1
"j_1358",0,"L","O","30",1
"j_1359",1,"L","H","14",1
"j_1360",1,"L","Q","14",1
"j_1361",1,"L","C","02",1
"j_1362",1,"L","D.E","14",1
"j_1363",1,"L","M","14",1
"j_1364",1,"L","J","18",1
"j_1365",1,"L","J","14",1
"j_1366",1,"L","G","14",1
"j_1367",1,"L","G","14",1
"j_1368",1,"L","C","30",1
"j_1369",1,"L","D.E","14",1
"j_1370",1,"L","G","14",1
"j_1371",1,"L","G","14",1
"j_1372",0,"L","P","14",1
"j_1373",0,"M","P","14",10
"j_1374",0,"L","P","14",1
"j_1375",0,"L","P","14",1
"j_1376",0,"L","P","14",1
"j_1377",1,"L","J","30",1
"j_1378",0,"L","P","14",1
"j_1379",0,"L","O","14",1
"j_1380",0,"L","P","14",1
"j_1381",1,"L","M","14",1
"j_1382",0,"L","P","14",1
"j_1383",0,"L","D.E","14",2
"j_1384",0,"L","C","24",1
"j_1385",0,"L","P","14",1
"j_1386",1,"L","C","22",1
"j_1387",1,"L","C","14",1
"j_1388",1,"L","F","14",1
"j_1389",0,"L","M","14",1
"j_1390",1,"L","G","14",1
"j_1391",1,"L","G","14",1
"j_1392",1,"L","C","30",1
"j_1393",1,"L","H","14",1
"j_1394",1,"L","G","14",1
"j_1395",1,"L","C","14",1
"j_1396",1,"L","G","14",1
"j_1397",1,"L","G","14",1
"j_1398",1,"L","C","02",1
"j_1399",0,"L","O","14",1
"j_1400",0,"L","O","02",1
"j_1401",0,"L","O","16",1
"j_1402",0,"L","O","04",1
"j_1403",0,"L","O","32",1
"j_1404",0,"L","O","32",5
"j_1405",0,"L","O","02",1
"j_1406",0,"L","O","04",4
"j_1407",1,"L","C","10",1
"j_1408",0,"L","D.E","14",1
"j_1409",0,"L","D.E","14",1
"j_1410",1,"L","C","24",1
"j_1411",1,"L","C","24",1
"j_1412",0,"L","Q","24",1
"j_1413",1,"L","C","14",1
"j_1414",0,"L","P","14",1
"j_1415",0,"L","P","14",1
"j_1416",1,"L","C","14",1
"j_1417",0,"L","H","14",1
"j_1418",1,"L","G","14",1
"j_1419",1,"M","G","14",537
"j_1420",1,"L","C","32",1
"j_1421",1,"L","G","14",1
"j_1422",0,"L","C","14",1
"j_1423",1,"L","H","14",1
"j_1424",0,"L","R.S","14",1
"j_1425",1,"L","F","14",1
"j_1426",1,"L","F","12",1
"j_1427",1,"L","M","14",1
"j_1428",1,"L","H","14",1
"j_1429",1,"L","C","14",2
"j_1430",0,"L","K.L","14",1
"j_1431",0,"L","O","14",1
"j_1432",1,"L","K.L","14",1
"j_1433",1,"L","M","12",1
"j_1434",1,"L","G","14",1
"j_1435",0,"M","K.L","14",1
"j_1436",1,"L","C","14",1
"j_1437",0,"L","O","14",1
"j_1438",1,"L","K.L","14",1
"j_1439",1,"L","G","14",1
"j_1440",0,"L","K.L","14",1
"j_1441",1,"L","N","14",1
"j_1442",1,"L","C","14",1
"j_1443",0,"L","Q","14",1
"j_1444",1,"L","C","14",1
"j_1445",0,"L","O","14",1
"j_1446",1,"L","G","14",2
"j_1447",0,"L","O","14",9
"j_1448",1,"L","G","14",1
"j_1449",1,"S","I","14",44
"j_1450",1,"L","C","14",1
"j_1451",1,"L","K.L","14",1
"j_1452",0,"L","H","02",1
"j_1453",1,"L","H","10",1
"j_1454",1,"L","N","14",1
"j_1455",1,"L","C","14",1
"j_1456",1,"L","C","24",1
"j_1457",1,"L","C","02",1
"j_1458",0,"L","Q","14",1
"j_1459",1,"M","F","14",19
"j_1460",1,"L","K.L","14",1
"j_1461",1,"M","F","14",19
"j_1462",1,"L","C","14",1
"j_1463",1,"M","Q","14",15
"j_1464",0,"L","P","14",1
"j_1465",1,"L","C","14",1
"j_1466",1,"L","C","26",1
"j_1467",1,"L","M","24",1
"j_1468",1,"L","C","14",1
"j_1469",1,"L","M","14",1
"j_1470",1,"M","F","14",20
"j_1471",1,"L","G","14",1
"j_1472",1,"L","J","14",1
"j_1473",1,"L","C","14",1
"j_1474",1,"L","K.L","22",1
"j_1475",1,"L","C","30",1
"j_1476",0,"L","K.L","14",2
"j_1477",1,"L","M","14",2
"j_1478",1,"L","J","14",1
"j_1479",1,"L","I","14",1
"j_1480",1,"S","I","14",99
"j_1481",1,"L","G","14",1
"j_1482",1,"L","K.L","14",1
"j_1483",1,"L","C","18",1
"j_1484",0,"L","K.L","14",1
"j_1485",0,"L","K.L","04",1
"j_1486",0,"L","K.L","22",1
"j_1487",0,"L","K.L","12",1
"j_1488",0,"L","K.L","28",1
"j_1489",0,"L","K.L","30",1
"j_1490",0,"L","K.L","32",1
"j_1491",0,"L","K.L","02",1
"j_1492",0,"L","K.L","14",1
"j_1493",1,"L","F","14",1
"j_1494",1,"S","F","14",82
"j_1495",1,"L","J","14",1
"j_1496",0,"L","O","14",1
"j_1497",1,"L","C","14",1
"j_1498",1,"L","J","14",1
"j_1499",1,"L","G","14",1
"j_1500",0,"L","P","14",1
"j_1501",0,"L","K.L","14",1
"j_1502",1,"L","G","14",1
"j_1503",1,"L","C","14",1
"j_1504",0,"L","P","14",1
"j_1505",1,"L","G","14",1
"j_1506",1,"L","G","10",2
"j_1507",1,"L","C","06",1
"j_1508",1,"L","C","14",1
"j_1509",1,"L","G","14",1
"j_1510",1,"L","J","14",1
"j_1511",1,"M","G","14",39
"j_1512",1,"L","M","14",1
"j_1513",0,"L","P","14",1
"j_1514",1,"L","C","14",1
"j_1515",1,"M","G","10",15
"j_1516",1,"L","G","14",1
"j_1517",1,"L","C","14",1
"j_1518",1,"L","D.E","14",1
"j_1519",0,"M","I","14",22
"j_1520",1,"L","J","14",1
"j_1521",1,"L","K.L","14",1
"j_1522",0,"L","C","14",1
"j_1523",1,"L","M","14",2
"j_1524",1,"L","C","14",1
"j_1525",1,"L","G","14",1
"j_1526",1,"L","C","02",1
"j_1527",1,"L","C","14",1
"j_1528",1,"L","C","30",1
"j_1529",0,"L","P","14",1
"j_1530",0,"L","J","14",1
"j_1531",1,"L","M","14",1
"j_1532",1,"L","K.L","14",1
"j_1533",1,"L","K.L","14",2
"j_1534",1,"L","K.L","04",1
"j_1535",1,"L","K.L","24",1
"j_1536",1,"L","K.L","30",3
"j_1537",1,"L","K.L","04",1
"j_1538",1,"L","K.L","02",1
"j_1539",1,"L","K.L","02",2
"j_1540",1,"L","K.L","30",2
"j_1541",1,"L","K.L","32",1
"j_1542",1,"L","H","14",1
"j_1543",1,"L","G","14",1
"j_1544",1,"L","J","14",1
"j_1545",1,"M","K.L","14",1
"j_1546",1,"L","G","14",1
"j_1547",1,"L","H","14",1
"j_1548",1,"L","I","14",1
"j_1549",0,"L","O","14",1
"j_1550",1,"L","F","14",1
"j_1551",0,"L","K.L","14",1
"j_1552",1,"L","M","14",1
"j_1553",0,"L","C","14",1
"j_1554",1,"L","G","14",1
"j_1555",1,"L","J","14",1
"j_1556",1,"L","K.L","14",1
"j_1557",1,"L","C","28",1
"j_1558",1,"L","C","06",1
"j_1559",1,"L","D.E","10",1
"j_1560",1,"L","I","14",1
"j_1561",1,"L","G","14",1
"j_1562",1,"L","C","14",1
"j_1563",1,"L","F","14",1
"j_1564",1,"L","G","14",1
"j_1565",1,"M","G","04",16
"j_1566",1,"L","C","14",1
"j_1567",1,"L","C","14",1
"j_1568",1,"L","G","14",1
"j_1569",1,"L","J","02",1
"j_1570",1,"L","G","14",1
"j_1571",1,"L","R.S","14",1
"j_1572",1,"L","G","30",2
"j_1573",1,"L","N","14",1
"j_1574",0,"L","O","14",1
"j_1575",0,"L","O","14",1
"j_1576",0,"M","K.L","14",1
"j_1577",1,"L","G","14",1
"j_1578",1,"S","N","14",17
"j_1579",0,"L","O","14",1
"j_1580",0,"L","Q","14",1
"j_1581",0,"L","Q","14",1
"j_1582",1,"L","J","14",1
"j_1583",1,"L","H","14",1
"j_1584",1,"L","G","14",1
"j_1585",1,"L","F","14",1
"j_1586",1,"L","C","24",1
"j_1587",1,"S","N","14",40
"j_1588",1,"L","N","14",2
"j_1589",1,"L","K.L","14",1
"j_1590",1,"L","G","14",1
"j_1591",1,"L","G","14",25
"j_1592",1,"L","C","14",1
"j_1593",1,"S","I","14",44
"j_1594",0,"L","P","14",8
"j_1595",1,"L","C","14",1
"j_1596",1,"L","C","14",1
"j_1597",0,"L","R.S","14",1
"j_1598",1,"L","K.L","14",1
"j_1599",1,"L","G","14",1
"j_1600",1,"L","K.L","14",1
"j_1601",1,"L","J","14",1
"j_1602",1,"L","I","28",1
"j_1603",0,"L","O","14",1
"j_1604",0,"L","O","16",1
"j_1605",0,"L","O","26",1
"j_1606",0,"L","O","22",4
"j_1607",0,"L","O","30",1
"j_1608",0,"L","O","22",1
"j_1609",0,"L","O","04",1
"j_1610",0,"L","O","04",1
"j_1611",0,"L","O","04",4
"j_1612",0,"L","O","26",1
"j_1613",0,"L","O","04",4
"j_1614",0,"L","O","30",5
"j_1615",0,"L","O","32",1
"j_1616",1,"L","J","14",1
"j_1617",1,"L","K.L","02",9
"j_1618",0,"L","K.L","14",1
"j_1619",1,"L","H","14",2
"j_1620",1,"M","G","14",39
"j_1621",1,"L","M","14",1
"j_1622",1,"L","G","14",1
"j_1623",1,"L","G","14",1
"j_1624",0,"L","H","14",1
"j_1625",1,"S","G","14",165
"j_1626",1,"L","F","14",1
"j_1627",1,"L","N","14",1
"j_1628",1,"L","M","14",1
"j_1629",1,"L","K.L","14",1
"j_1630",1,"L","C","24",1
"j_1631",1,"L","M","14",1
"j_1632",1,"L","N","14",1
"j_1633",1,"L","J","14",1
"j_1634",0,"L","O","14",1
"j_1635",1,"M","J","14",14
"j_1636",1,"L","K.L","02",1
"j_1637",1,"L","C","14",1
"j_1638",1,"L","G","14",1
"j_1639",1,"L","C","16",1
"j_1640",1,"L","F","14",1
"j_1641",1,"L","F","14",1
"j_1642",1,"L","C","30",1
"j_1643",1,"L","C","14",1
"j_1644",1,"L","J","14",1
"j_1645",1,"L","J","10",19
"j_1646",1,"L","J","14",1
"j_1647",1,"L","H","14",1
"j_1648",1,"L","C","14",1
"j_1649",1,"L","G","14",1
"j_1650",1,"L","C","12",1
"j_1651",1,"L","G","02",1
"j_1652",0,"L","Q","14",1
"j_1653",1,"L","K.L","14",1
"j_1654",1,"L","J","14",1
"j_1655",1,"L","G","14",1
"j_1656",1,"L","D.E","26",1
"j_1657",1,"L","D.E","16",1
"j_1658",1,"L","M","14",1
"j_1659",1,"L","C","24",1
"j_1660",1,"L","J","14",2
"j_1661",0,"M","R.S","14",1
"j_1662",0,"M","P","14",9
"j_1663",0,"L","P","14",9
"j_1664",0,"M","P","14",10
"j_1665",0,"M","P","14",8
"j_1666",0,"M","P","14",8
"j_1667",0,"M","P","14",8
"j_1668",0,"M","P","14",8
"j_1669",0,"M","P","14",9
"j_1670",0,"L","P","14",1
"j_1671",0,"M","P","14",8
"j_1672",0,"L","R.S","14",1
"j_1673",1,"L","C","10",1
"j_1674",1,"L","G","02",1
"j_1675",1,"L","N","24",1
"j_1676",1,"L","K.L","14",1
"j_1677",0,"L","M","14",1
"j_1678",1,"L","J","14",1
"j_1679",0,"L","D.E","14",2
"j_1680",0,"L","R.S","14",1
"j_1681",1,"S","H","14",149
"j_1682",0,"L","P","14",8
"j_1683",1,"L","C","26",1
"j_1684",1,"S","G","14",537
"j_1685",1,"M","K.L","14",1
"j_1686",1,"L","M","14",2
"j_1687",1,"L","G","14",1
"j_1688",1,"L","G","14",26
"j_1689",1,"L","C","06",1
"j_1690",1,"L","C","14",2
"j_1691",1,"L","M","14",2
"j_1692",0,"L","O","14",1
"j_1693",0,"L","O","14",1
"j_1694",0,"L","O","14",1
"j_1695",0,"L","O","14",1
"j_1696",0,"L","O","14",1
"j_1697",1,"L","K.L","14",1
"j_1698",1,"L","D.E","14",1
"j_1699",1,"M","C","14",34
"j_1700",0,"S","O","14",1
"j_1701",0,"M","O","14",9
"j_1702",1,"L","M","14",1
"j_1703",1,"L","N","14",1
"j_1704",1,"S","R.S","14",66
"j_1705",0,"S","O","14",1
"j_1706",1,"L","N","14",1
"j_1707",1,"L","C","14",1
"j_1708",1,"L","C","14",1
"j_1709",1,"L","C","08",1
"j_1710",1,"S","K.L","14",8
"j_1711",0,"L","O","14",1
"j_1712",1,"L","G","14",1
"j_1713",1,"L","C","12",1
"j_1714",1,"M","R.S","02",1
"j_1715",1,"S","R.S","14",4
"j_1716",1,"L","G","14",2
"j_1717",0,"L","O","14",9
"j_1718",1,"L","R.S","14",1
"j_1719",1,"L","G","14",1
"j_1720",1,"L","H","14",2
"j_1721",0,"S","O","14",1
"j_1722",1,"L","I","14",1
"j_1723",1,"L","M","14",1
"j_1724",1,"S","C","14",145
"j_1725",1,"L","C","14",1
"j_1726",0,"M","O","14",9
"j_1727",0,"S","O","14",1
"j_1728",1,"L","J","14",2
"j_1729",1,"L","K.L","10",1
"j_1730",1,"L","M","14",1
"j_1731",1,"L","G","14",1
"j_1732",1,"L","M","14",1
"j_1733",0,"L","R.S","14",1
"j_1734",1,"L","J","04",1
"j_1735",1,"L","Q","04",1
"j_1736",1,"L","C","30",1
"j_1737",0,"L","O","14",1
"j_1738",1,"L","C","14",1
"j_1739",0,"L","O","14",1
"j_1740",0,"L","O","14",1
"j_1741",0,"L","O","14",1
"j_1742",0,"L","O","14",1
"j_1743",0,"L","O","14",1
"j_1744",0,"L","O","14",1
"j_1745",0,"L","O","14",1
"j_1746",0,"L","O","14",1
"j_1747",0,"L","O","14",1
"j_1748",0,"L","O","14",1
"j_1749",0,"L","O","14",9
"j_1750",1,"L","C","04",1
"j_1751",0,"L","O","14",1
"j_1752",1,"L","C","14",1
"j_1753",1,"L","K.L","14",1
"j_1754",1,"L","G","14",1
"j_1755",0,"L","O","14",1
"j_1756",1,"M","J","14",21
"j_1757",1,"L","C","30",1
"j_1758",1,"L","D.E","14",2
"j_1759",0,"L","H","14",1
"j_1760",1,"L","K.L","14",1
"j_1761",1,"L","C","02",1
"j_1762",1,"S","D.E","14",2
"j_1763",1,"L","C","24",1
"j_1764",1,"L","C","02",1
"j_1765",1,"L","G","14",1
"j_1766",1,"L","G","14",1
"j_1767",0,"L","O","14",1
"j_1768",1,"L","H","14",1
"j_1769",1,"L","N","14",1
"j_1770",1,"L","H","14",1
"j_1771",1,"L","J","12",2
"j_1772",1,"L","G","14",1
"j_1773",1,"L","C","14",1
"j_1774",1,"L","C","32",1
"j_1775",1,"L","N","24",1
"j_1776",1,"M","G","22",611
"j_1777",1,"L","F","14",2
"j_1778",1,"L","M","14",1
"j_1779",1,"L","C","30",1
"j_1780",1,"L","J","14",1
"j_1781",1,"L","C","10",1
"j_1782",1,"M","Q","14",15
"j_1783",1,"S","C","14",144
"j_1784",1,"M","F","14",1
"j_1785",1,"L","M","14",1
"j_1786",1,"L","C","04",1
"j_1787",1,"L","C","04",1
"j_1788",1,"L","C","02",1
"j_1789",0,"L","O","14",1
"j_1790",1,"L","G","14",1
"j_1791",0,"L","H","14",1
"j_1792",1,"L","C","24",1
"j_1793",1,"L","Q","14",1
"j_1794",1,"L","G","14",1
"j_1795",1,"L","C","30",2
"j_1796",1,"L","G","14",1
"j_1797",1,"L","C","14",1
"j_1798",1,"S","Q","14",21
"j_1799",0,"L","O","14",1
"j_1800",0,"L","O","02",1
"j_1801",0,"L","O","12",1
"j_1802",0,"L","O","26",1
"j_1803",0,"L","O","30",1
"j_1804",0,"L","O","28",1
"j_1805",0,"L","O","14",1
"j_1806",0,"L","O","32",1
"j_1807",0,"L","O","16",1
"j_1808",0,"L","O","20",1
"j_1809",0,"L","O","10",1
"j_1810",0,"L","O","04",1
"j_1811",0,"L","O","22",1
"j_1812",0,"L","O","08",1
"j_1813",0,"L","O","24",1
"j_1814",0,"L","O","06",1
"j_1815",1,"L","I","14",1
"j_1816",0,"L","H","14",1
"j_1817",1,"L","C","10",2
"j_1818",1,"L","C","10",2
"j_1819",1,"L","C","14",1
"j_1820",1,"L","C","10",1
"j_1821",0,"L","F","14",1
"j_1822",1,"L","K.L","30",1
"j_1823",1,"L","H","14",2
"j_1824",1,"L","K.L","14",1
"j_1825",1,"L","G","14",1
"j_1826",1,"M","G","14",25
"j_1827",0,"L","P","14",1
"j_1828",1,"M","C","02",16
"j_1829",1,"L","G","14",1
"j_1830",0,"L","R.S","14",1
"j_1831",1,"L","N","30",2
"j_1832",1,"L","K.L","14",1
"j_1833",0,"L","O","14",1
"j_1834",1,"L","H","14",2
"j_1835",1,"L","N","14",1
"j_1836",1,"L","C","14",2
"j_1837",0,"L","D.E","14",1
"j_1838",1,"L","N","14",1
"j_1839",1,"L","R.S","14",1
"j_1840",0,"L","O","14",1
"j_1841",1,"L","J","14",1
"j_1842",1,"M","F","30",1
"j_1843",1,"L","G","14",2
"j_1844",1,"L","C","14",1
"j_1845",1,"L","C","18",1
"j_1846",1,"S","Q","14",13
"j_1847",1,"S","M","14",94
"j_1848",1,"M","J","14",14
"j_1849",1,"L","D.E","14",1
"j_1850",1,"L","C","14",1
"j_1851",0,"L","K.L","14",1
"j_1852",0,"L","K.L","14",1
"j_1853",0,"L","K.L","06",1
"j_1854",0,"L","K.L","10",1
"j_1855",0,"L","K.L","30",2
"j_1856",0,"L","K.L","02",1
"j_1857",0,"L","K.L","24",1
"j_1858",0,"L","K.L","12",2
"j_1859",0,"L","K.L","32",1
"j_1860",0,"L","K.L","14",1
"j_1861",0,"L","K.L","22",1
"j_1862",0,"L","K.L","20",1
"j_1863",0,"L","K.L","30",2
"j_1864",0,"L","K.L","06",1
"j_1865",0,"L","K.L","14",1
"j_1866",0,"L","K.L","14",1
"j_1867",1,"L","J","14",1
"j_1868",1,"L","K.L","14",1
"j_1869",1,"L","G","14",1
"j_1870",0,"L","Q","14",2
"j_1871",0,"L","Q","14",1
"j_1872",1,"L","C","24",1
"j_1873",1,"L","C","26",1
"j_1874",1,"L","J","14",2
"j_1875",1,"L","R.S","02",1
"j_1876",0,"M","P","14",8
"j_1877",1,"M","D.E","14",1
"j_1878",0,"L","R.S","14",1
"j_1879",1,"L","H","30",1
"j_1880",1,"L","M","28",1
"j_1881",1,"S","M","14",36
"j_1882",1,"L","F","14",1
"j_1883",1,"L","I","14",1
"j_1884",0,"M","P","14",10
"j_1885",1,"L","M","14",1
"j_1886",0,"L","R.S","14",1
"j_1887",0,"L","Q","14",1
"j_1888",0,"L","K.L","14",1
"j_1889",1,"L","C","24",1
"j_1890",1,"L","Q","14",1
"j_1891",0,"L","M","14",1
"j_1892",1,"L","J","14",1
"j_1893",1,"L","N","14",1
"j_1894",0,"L","O","14",1
"j_1895",1,"L","M","14",1
"j_1896",0,"L","Q","14",1
"j_1897",0,"L","R.S","14",1
"j_1898",1,"L","N","14",1
"j_1899",1,"L","C","14",1
"j_1900",0,"L","O","14",1
"j_1901",1,"L","M","14",1
"j_1902",1,"L","D.E","14",1
"j_1903",1,"L","G","14",25
"j_1904",1,"L","Q","14",1
"j_1905",1,"L","Q","14",1
"j_1906",0,"M","Q","14",14
"j_1907",0,"L","H","14",1
"j_1908",0,"L","H","22",1
"j_1909",0,"L","H","12",1
"j_1910",0,"L","H","30",1
"j_1911",0,"L","H","14",1
"j_1912",1,"L","J","06",1
"j_1913",1,"L","D.E","14",1
"j_1914",1,"L","C","14",1
"j_1915",1,"L","F","14",2
"j_1916",0,"L","O","14",1
"j_1917",0,"L","H","28",1
"j_1918",0,"L","H","24",1
"j_1919",0,"L","H","22",1
"j_1920",0,"L","H","24",1
"j_1921",0,"L","H","08",1
"j_1922",0,"L","F","14",1
"j_1923",0,"L","H","28",1
"j_1924",0,"L","H","16",1
"j_1925",1,"M","G","14",40
"j_1926",1,"L","C","18",1
"j_1927",1,"L","M","14",1
"j_1928",1,"L","C","14",1
"j_1929",1,"L","C","14",1
"j_1930",1,"L","G","02",1
"j_1931",1,"S","J","14",9
"j_1932",1,"L","C","14",1
"j_1933",0,"L","O","14",1
"j_1934",1,"L","G","14",1
"j_1935",0,"L","O","14",1
"j_1936",1,"S","J","14",20
"j_1937",1,"M","C","14",34
"j_1938",1,"S","Q","14",20
"j_1939",1,"S","D.E","14",2
"j_1940",1,"L","G","14",1
"j_1941",0,"L","O","14",9
"j_1942",0,"L","O","14",1
"j_1943",0,"L","O","22",4
"j_1944",0,"L","O","14",1
"j_1945",0,"L","O","20",1
"j_1946",0,"L","O","04",1
"j_1947",0,"L","O","24",1
"j_1948",0,"L","O","26",1
"j_1949",0,"L","O","12",1
"j_1950",0,"L","O","02",1
"j_1951",0,"L","O","08",1
"j_1952",0,"L","O","14",1
"j_1953",0,"L","O","30",1
"j_1954",0,"L","O","16",1
"j_1955",0,"L","O","10",1
"j_1956",0,"L","O","28",1
"j_1957",0,"L","O","14",1
"j_1958",1,"L","G","14",1
"j_1959",1,"L","C","02",1
"j_1960",1,"L","C","02",16
"j_1961",1,"L","G","02",1
"j_1962",1,"M","F","02",17
"j_1963",1,"L","C","02",1
"j_1964",1,"L","C","02",1
"j_1965",1,"L","C","02",1
"j_1966",1,"S","H","02",38
"j_1967",1,"S","C","14",66
"j_1968",1,"L","C","02",1
"j_1969",1,"L","C","02",1
"j_1970",1,"S","D.E","02",2
"j_1971",1,"L","C","02",1
"j_1972",1,"L","G","02",1
"j_1973",1,"L","C","02",1
"j_1974",0,"L","D.E","02",1
"j_1975",1,"S","K.L","02",18
"j_1976",1,"L","C","02",1
"j_1977",1,"L","H","02",1
"j_1978",1,"L","K.L","02",1
"j_1979",1,"S","K.L","02",13
"j_1980",1,"M","R.S","02",1
"j_1981",0,"M","R.S","02",1
"j_1982",1,"L","N","02",15
"j_1983",1,"L","C","02",1
"j_1984",0,"L","Q","02",1
"j_1985",0,"M","Q","02",12
"j_1986",1,"L","H","02",1
"j_1987",1,"L","C","02",1
"j_1988",1,"L","C","02",1
"j_1989",1,"L","N","02",1
"j_1990",1,"L","J","02",1
"j_1991",0,"L","O","02",1
"j_1992",1,"M","C","02",16
"j_1993",1,"M","C","02",16
"j_1994",0,"L","Q","02",1
"j_1995",1,"L","J","02",1
"j_1996",1,"M","F","02",15
"j_1997",1,"L","J","02",1
"j_1998",1,"L","C","24",1
"j_1999",0,"L","O","02",1
"j_2000",1,"M","G","02",24
"j_2001",0,"L","M","02",1
"j_2002",1,"M","C","02",16
"j_2003",0,"L","R.S","02",1
"j_2004",1,"L","C","02",1
"j_2005",1,"S","H","02",92
"j_2006",1,"L","C","02",1
"j_2007",1,"L","F","02",1
"j_2008",0,"L","P","02",1
"j_2009",1,"L","I","02",1
"j_2010",0,"L","Q","02",1
"j_2011",1,"S","C","02",124
"j_2012",0,"M","D.E","02",8
"j_2013",1,"L","C","02",1
"j_2014",1,"S","M","02",84
"j_2015",0,"L","Q","02",1
"j_2016",1,"S","D.E","02",1
"j_2017",0,"L","P","02",1
"j_2018",0,"M","P","02",7
"j_2019",1,"L","J","02",1
"j_2020",1,"S","F","02",66
"j_2021",1,"S","F","02",179
"j_2022",1,"L","M","02",1
"j_2023",1,"S","P","02",13
"j_2024",0,"L","H","02",1
"j_2025",1,"L","G","02",1
"j_2026",1,"L","C","02",1
"j_2027",0,"M","D.E","02",8
"j_2028",1,"L","F","02",1
"j_2029",1,"L","I","02",1
"j_2030",1,"S","I","02",28
"j_2031",1,"S","F","02",66
"j_2032",1,"L","G","02",1
"j_2033",1,"L","J","02",1
"j_2034",1,"L","J","02",1
"j_2035",1,"L","G","02",1
"j_2036",0,"L","P","02",1
"j_2037",0,"M","P","02",6
"j_2038",1,"L","M","02",1
"j_2039",0,"M","P","02",7
"j_2040",0,"M","P","02",6
"j_2041",1,"L","C","02",1
"j_2042",1,"S","M","02",84
"j_2043",1,"M","K.L","02",18
"j_2044",1,"M","J","02",10
"j_2045",1,"L","C","30",1
"j_2046",1,"L","C","02",1
"j_2047",1,"S","F","02",178
"j_2048",1,"L","F","02",15
"j_2049",1,"M","I","02",1
"j_2050",1,"L","C","02",1
"j_2051",0,"S","Q","02",11
"j_2052",0,"M","R.S","02",1
"j_2053",1,"L","I","02",1
"j_2054",1,"L","J","02",1
"j_2055",1,"L","C","02",1
"j_2056",1,"M","P","02",6
"j_2057",0,"L","D.E","02",1
"j_2058",1,"L","F","02",2
"j_2059",0,"M","D.E","02",1
"j_2060",0,"L","K.L","02",1
"j_2061",1,"L","C","02",1
"j_2062",1,"M","C","02",16
"j_2063",1,"M","G","02",25
"j_2064",0,"L","D.E","02",1
"j_2065",1,"M","Q","02",11
"j_2066",1,"L","C","02",1
"j_2067",1,"S","K.L","02",9
"j_2068",1,"M","H","02",1
"j_2069",1,"L","G","02",1
"j_2070",0,"M","R.S","02",1
"j_2071",1,"M","G","16",1
"j_2072",1,"M","J","02",10
"j_2073",1,"L","C","30",1
"j_2074",0,"L","Q","02",1
"j_2075",1,"L","C","02",1
"j_2076",1,"S","C","02",125
"j_2077",1,"L","N","02",1
"j_2078",1,"L","G","02",2
"j_2079",1,"S","Q","02",18
"j_2080",1,"L","H","02",1
"j_2081",1,"M","J","02",9
"j_2082",1,"S","M","02",30
"j_2083",1,"S","M","02",30
"j_2084",1,"S","J","02",6
"j_2085",1,"L","H","06",1
"j_2086",1,"S","I","06",153
"j_2087",0,"M","K.L","06",4
"j_2088",1,"L","C","14",1
"j_2089",1,"L","G","06",2
"j_2090",1,"M","H","06",1
"j_2091",1,"M","K.L","06",5
"j_2092",0,"L","O","06",1
"j_2093",0,"M","O","14",9
"j_2094",0,"S","O","14",1
"j_2095",1,"S","N","14",39
"j_2096",0,"L","O","06",1
"j_2097",1,"L","C","20",1
"j_2098",1,"L","C","20",1
"j_2099",1,"L","G","20",1
"j_2100",0,"L","O","20",1
"j_2101",0,"L","D.E","20",1
"j_2102",0,"L","D.E","20",1
"j_2103",1,"L","C","20",1
"j_2104",1,"M","C","20",21
"j_2105",1,"L","J","20",2
"j_2106",1,"L","C","20",1
"j_2107",0,"L","O","20",1
"j_2108",0,"M","Q","20",11
"j_2109",0,"L","D.E","20",1
"j_2110",1,"L","F","20",1
"j_2111",1,"L","F","20",1
"j_2112",0,"M","P","20",6
"j_2113",1,"L","C","20",1
"j_2114",1,"L","F","20",1
"j_2115",0,"L","P","20",1
"j_2116",1,"L","C","20",1
"j_2117",1,"S","H","20",26
"j_2118",1,"M","G","20",1
"j_2119",1,"L","C","20",1
"j_2120",1,"L","C","20",1
"j_2121",1,"L","C","20",1
"j_2122",1,"L","F","20",1
"j_2123",1,"L","F","20",1
"j_2124",1,"L","C","20",1
"j_2125",0,"L","Q","20",1
"j_2126",0,"L","Q","20",1
"j_2127",1,"L","C","20",1
"j_2128",0,"L","Q","20",1
"j_2129",1,"M","H","20",1
"j_2130",0,"L","Q","20",1
"j_2131",0,"L","Q","20",1
"j_2132",0,"L","Q","20",1
"j_2133",0,"L","O","20",1
"j_2134",0,"M","O","20",5
"j_2135",0,"L","O","20",1
"j_2136",0,"S","O","20",1
"j_2137",0,"L","O","20",1
"j_2138",0,"L","O","20",1
"j_2139",0,"S","O","20",1
"j_2140",0,"M","M","20",1
"j_2141",0,"M","O","20",5
"j_2142",0,"L","Q","20",1
"j_2143",1,"L","N","14",2
"j_2144",1,"L","F","20",2
"j_2145",1,"L","G","20",1
"j_2146",1,"L","F","20",2
"j_2147",1,"L","G","20",1
"j_2148",0,"L","P","20",1
"j_2149",0,"L","P","20",1
"j_2150",1,"L","C","20",1
"j_2151",1,"M","R.S","20",2
"j_2152",0,"L","P","06",1
"j_2153",1,"M","M","06",7
"j_2154",1,"M","R.S","06",1
"j_2155",1,"L","H","14",1
"j_2156",1,"M","H","06",1
"j_2157",1,"M","J","06",1
"j_2158",1,"L","C","06",1
"j_2159",1,"L","C","06",1
"j_2160",0,"L","O","06",1
"j_2161",1,"M","J","06",2
"j_2162",1,"S","N","06",13
"j_2163",0,"L","O","06",1
"j_2164",1,"M","H","06",2
"j_2165",1,"M","H","06",1
"j_2166",1,"S","P","06",11
"j_2167",1,"M","G","14",537
"j_2168",1,"M","C","06",12
"j_2169",1,"L","D.E","14",1
"j_2170",0,"M","K.L","06",1
"j_2171",0,"L","M","06",1
"j_2172",1,"L","G","06",1
"j_2173",0,"L","K.L","06",1
"j_2174",1,"L","F","06",2
"j_2175",1,"M","J","06",2
"j_2176",0,"M","R.S","06",1
"j_2177",0,"L","O","06",1
"j_2178",1,"S","M","28",72
"j_2179",0,"L","R.S","06",1
"j_2180",1,"S","D.E","06",2
"j_2181",1,"M","G","06",14
"j_2182",1,"L","F","06",2
"j_2183",1,"M","H","06",2
"j_2184",1,"L","M","30",1
"j_2185",1,"M","J","06",2
"j_2186",1,"M","M","06",1
"j_2187",1,"L","J","06",1
"j_2188",1,"L","G","06",2
"j_2189",0,"M","K.L","06",1
"j_2190",1,"L","C","02",1
"j_2191",1,"L","C","24",1
"j_2192",0,"L","K.L","24",1
"j_2193",1,"L","C","12",1
"j_2194",1,"S","K.L","24",13
"j_2195",1,"M","F","12",1
"j_2196",1,"S","D.E","24",2
"j_2197",1,"S","D.E","24",2
"j_2198",1,"M","F","24",18
"j_2199",1,"S","H","24",103
"j_2200",1,"L","C","24",1
"j_2201",1,"L","C","24",1
"j_2202",1,"L","C","24",1
"j_2203",1,"L","F","24",1
"j_2204",1,"L","C","24",1
"j_2205",1,"L","C","24",20
"j_2206",0,"L","O","24",1
"j_2207",0,"M","D.E","12",1
"j_2208",1,"L","C","24",1
"j_2209",1,"L","G","14",1
"j_2210",1,"L","C","24",20
"j_2211",0,"L","P","24",1
"j_2212",1,"S","R.S","10",64
"j_2213",1,"L","C","24",2
"j_2214",1,"L","C","12",1
"j_2215",1,"L","C","24",1
"j_2216",1,"L","C","12",1
"j_2217",1,"L","R.S","24",1
"j_2218",1,"L","C","24",1
"j_2219",1,"S","F","24",78
"j_2220",1,"L","C","24",1
"j_2221",1,"L","C","18",1
"j_2222",1,"L","J","24",1
"j_2223",1,"L","C","24",1
"j_2224",1,"L","C","24",1
"j_2225",1,"L","G","12",1
"j_2226",1,"L","C","12",1
"j_2227",1,"M","D.E","24",6
"j_2228",0,"L","D.E","12",1
"j_2229",1,"L","C","24",1
"j_2230",0,"L","O","12",1
"j_2231",0,"L","O","24",1
"j_2232",0,"S","O","24",1
"j_2233",0,"M","O","24",6
"j_2234",1,"L","H","24",1
"j_2235",1,"L","C","24",1
"j_2236",0,"S","O","24",1
"j_2237",1,"L","C","24",21
"j_2238",0,"L","O","24",1
"j_2239",0,"L","D.E","24",1
"j_2240",1,"L","G","24",1
"j_2241",1,"L","M","24",1
"j_2242",1,"M","Q","24",14
"j_2243",1,"L","G","24",2
"j_2244",1,"S","K.L","24",13
"j_2245",1,"L","C","24",1
"j_2246",0,"L","O","24",1
"j_2247",0,"M","P","24",6
"j_2248",1,"L","G","24",1
"j_2249",1,"L","C","24",2
"j_2250",1,"S","I","24",74
"j_2251",1,"L","G","24",2
"j_2252",1,"L","C","24",1
"j_2253",1,"L","H","24",1
"j_2254",1,"L","C","08",1
"j_2255",1,"L","H","08",1
"j_2256",1,"M","F","08",9
"j_2257",1,"M","G","08",9
"j_2258",0,"M","R.S","08",1
"j_2259",1,"L","C","08",1
"j_2260",1,"M","K.L","08",1
"j_2261",1,"L","C","08",1
"j_2262",1,"L","C","08",1
"j_2263",1,"M","G","08",1
"j_2264",1,"M","F","08",1
"j_2265",1,"S","C","08",45
"j_2266",1,"M","I","08",2
"j_2267",1,"L","C","08",1
"j_2268",1,"M","H","08",1
"j_2269",1,"M","D.E","08",1
"j_2270",0,"M","R.S","08",2
"j_2271",0,"M","Q","08",7
"j_2272",1,"M","G","08",1
"j_2273",1,"L","H","24",2
"j_2274",1,"L","C","08",1
"j_2275",1,"M","F","08",2
"j_2276",1,"M","H","08",14
"j_2277",1,"M","G","08",1
"j_2278",1,"L","C","08",1
"j_2279",0,"L","R.S","08",1
"j_2280",1,"L","K.L","08",1
"j_2281",1,"S","H","08",31
"j_2282",0,"M","R.S","08",1
"j_2283",0,"L","P","08",1
"j_2284",1,"L","H","08",2
"j_2285",1,"M","G","08",1
"j_2286",1,"S","P","02",13
"j_2287",0,"M","K.L","08",1
"j_2288",1,"S","D.E","08",2
"j_2289",1,"L","C","08",1
"j_2290",1,"L","C","08",1
"j_2291",1,"S","N","08",18
"j_2292",1,"M","P","08",6
"j_2293",1,"M","J","08",3
"j_2294",1,"L","C","04",1
"j_2295",1,"L","H","08",1
"j_2296",0,"M","R.S","08",1
"j_2297",1,"L","C","08",1
"j_2298",1,"M","H","08",1
"j_2299",1,"M","F","08",1
"j_2300",1,"L","N","08",1
"j_2301",1,"L","Q","08",8
"j_2302",1,"S","F","08",54
"j_2303",1,"L","H","08",1
"j_2304",1,"L","C","08",2
"j_2305",1,"L","C","08",1
"j_2306",1,"L","H","08",1
"j_2307",1,"L","H","08",1
"j_2308",1,"L","G","08",1
"j_2309",1,"L","N","04",2
"j_2310",1,"L","C","04",1
"j_2311",1,"S","D.E","04",1
"j_2312",0,"M","R.S","04",1
"j_2313",1,"L","K.L","14",1
"j_2314",0,"L","O","04",1
"j_2315",1,"L","C","04",1
"j_2316",1,"L","F","04",2
"j_2317",1,"L","C","30",1
"j_2318",0,"L","O","04",1
"j_2319",1,"L","F","04",1
"j_2320",1,"L","C","04",1
"j_2321",0,"L","J","04",1
"j_2322",1,"M","K.L","04",1
"j_2323",1,"L","C","04",1
"j_2324",1,"S","F","04",66
"j_2325",1,"L","F","04",1
"j_2326",0,"L","Q","04",1
"j_2327",1,"L","H","04",2
"j_2328",1,"M","G","04",15
"j_2329",0,"L","D.E","04",1
"j_2330",0,"L","P","04",1
"j_2331",1,"L","C","04",1
"j_2332",0,"L","D.E","04",1
"j_2333",1,"L","C","04",1
"j_2334",1,"L","C","04",1
"j_2335",1,"L","C","04",1
"j_2336",1,"L","C","04",1
"j_2337",1,"S","D.E","04",2
"j_2338",0,"L","H","04",1
"j_2339",1,"L","C","04",1
"j_2340",1,"L","C","04",1
"j_2341",1,"L","C","16",1
"j_2342",1,"L","C","04",1
"j_2343",0,"L","R.S","04",1
"j_2344",1,"L","G","02",1
"j_2345",1,"L","I","04",1
"j_2346",1,"S","F","04",67
"j_2347",1,"L","G","04",1
"j_2348",1,"L","C","04",1
"j_2349",1,"L","I","04",1
"j_2350",1,"L","I","04",1
"j_2351",1,"L","I","04",2
"j_2352",1,"L","I","30",1
"j_2353",1,"L","I","04",1
"j_2354",1,"L","I","04",1
"j_2355",1,"L","I","04",1
"j_2356",1,"L","H","30",1
"j_2357",1,"L","C","28",1
"j_2358",1,"L","C","04",1
"j_2359",0,"L","H","04",1
"j_2360",1,"M","R.S","04",1
"j_2361",1,"L","I","30",1
"j_2362",1,"M","C","22",18
"j_2363",1,"L","C","04",1
"j_2364",1,"M","H","04",2
"j_2365",0,"L","Q","04",1
"j_2366",0,"M","Q","04",10
"j_2367",0,"L","Q","04",1
"j_2368",0,"L","Q","04",1
"j_2369",0,"L","O","04",1
"j_2370",0,"S","O","04",1
"j_2371",0,"S","O","04",1
"j_2372",1,"L","P","04",1
"j_2373",1,"L","C","04",1
"j_2374",1,"L","C","04",2
"j_2375",1,"L","C","04",1
"j_2376",0,"L","O","04",4
"j_2377",1,"L","C","30",1
"j_2378",1,"L","C","04",1
"j_2379",0,"L","Q","04",1
"j_2380",1,"L","F","04",1
"j_2381",1,"M","F","04",15
"j_2382",1,"L","C","04",1
"j_2383",1,"M","C","04",14
"j_2384",1,"L","C","04",1
"j_2385",1,"L","F","04",1
"j_2386",1,"L","N","04",1
"j_2387",1,"L","C","04",1
"j_2388",1,"M","C","04",22
"j_2389",0,"L","Q","04",1
"j_2390",1,"L","C","04",1
"j_2391",1,"L","H","04",1
"j_2392",1,"L","C","04",1
"j_2393",1,"M","F","04",13
"j_2394",0,"L","O","04",1
"j_2395",0,"L","P","04",1
"j_2396",1,"L","C","04",2
"j_2397",1,"M","C","04",14
"j_2398",1,"L","G","04",1
"j_2399",1,"L","G","04",1
"j_2400",0,"M","P","04",6
"j_2401",1,"L","P","04",1
"j_2402",1,"S","J","10",19
"j_2403",1,"M","H","10",39
"j_2404",1,"M","G","10",15
"j_2405",0,"M","K.L","10",1
"j_2406",1,"L","C","10",1
"j_2407",1,"L","Q","10",1
"j_2408",1,"L","Q","10",13
"j_2409",1,"M","F","10",1
"j_2410",1,"L","C","10",1
"j_2411",1,"L","C","10",1
"j_2412",1,"M","I","08",2
"j_2413",1,"L","C","10",1
"j_2414",0,"M","Q","10",13
"j_2415",1,"L","C","10",1
"j_2416",0,"L","O","10",1
"j_2417",1,"M","G","10",15
"j_2418",1,"L","C","10",1
"j_2419",1,"S","Q","10",15
"j_2420",1,"L","C","10",1
"j_2421",1,"S","F","10",81
"j_2422",1,"L","J","10",1
"j_2423",1,"L","J","10",1
"j_2424",1,"L","J","10",1
"j_2425",1,"L","H","10",1
"j_2426",0,"L","O","10",1
"j_2427",1,"L","J","10",1
"j_2428",1,"L","G","10",1
"j_2429",1,"L","G","10",15
"j_2430",0,"L","R.S","10",1
"j_2431",1,"L","M","10",1
"j_2432",1,"L","N","10",1
"j_2433",1,"L","C","02",1
"j_2434",1,"L","M","10",1
"j_2435",1,"M","F","10",2
"j_2436",1,"M","F","10",1
"j_2437",1,"L","J","10",1
"j_2438",1,"M","C","10",28
"j_2439",1,"S","M","10",109
"j_2440",1,"M","K.L","10",6
"j_2441",1,"M","M","10",13
"j_2442",0,"L","P","10",1
"j_2443",1,"L","C","10",1
"j_2444",1,"S","Q","10",15
"j_2445",1,"L","C","14",1
"j_2446",1,"L","P","10",1
"j_2447",1,"L","G","10",1
"j_2448",1,"L","C","10",1
"j_2449",0,"L","K.L","10",1
"j_2450",1,"S","Q","10",15
"j_2451",1,"L","C","02",1
"j_2452",0,"L","H","10",1
"j_2453",1,"S","N","10",27
"j_2454",1,"M","F","10",13
"j_2455",1,"L","M","10",1
"j_2456",1,"L","H","10",1
"j_2457",1,"M","F","10",1
"j_2458",1,"M","G","10",23
"j_2459",1,"M","M","10",13
"j_2460",1,"L","N","10",1
"j_2461",0,"L","O","10",1
"j_2462",1,"L","F","10",1
"j_2463",1,"L","G","10",1
"j_2464",1,"L","Q","10",1
"j_2465",1,"M","P","10",6
"j_2466",1,"M","P","10",7
"j_2467",1,"S","D.E","16",2
"j_2468",1,"L","G","10",1
"j_2469",1,"M","F","10",1
"j_2470",1,"L","C","10",1
"j_2471",1,"M","I","10",10
"j_2472",1,"S","D.E","10",2
"j_2473",1,"L","C","10",1
"j_2474",1,"L","C","10",1
"j_2475",1,"S","M","10",110
"j_2476",1,"L","G","10",1
"j_2477",1,"M","F","10",1
"j_2478",1,"L","M","10",1
"j_2479",1,"S","C","10",114
"j_2480",1,"S","I","10",32
"j_2481",0,"S","D.E","10",2
"j_2482",1,"L","C","32",1
"j_2483",1,"M","F","06",14
"j_2484",1,"L","C","06",1
"j_2485",1,"L","C","06",1
"j_2486",1,"M","F","06",14
"j_2487",0,"L","P","06",1
"j_2488",0,"M","P","06",7
"j_2489",1,"M","N","12",10
"j_2490",1,"M","C","12",20
"j_2491",1,"L","H","02",1
"j_2492",1,"L","N","12",1
"j_2493",1,"M","I","12",1
"j_2494",1,"L","M","12",1
"j_2495",1,"L","I","12",1
"j_2496",1,"L","I","12",1
"j_2497",1,"M","M","24",15
"j_2498",1,"M","M","24",84
"j_2499",1,"L","G","14",1
"j_2500",1,"L","I","02",1
"j_2501",1,"L","N","12",1
"j_2502",1,"S","J","12",13
"j_2503",1,"L","C","02",1
"j_2504",1,"L","F","12",1
"j_2505",1,"L","R.S","12",1
"j_2506",1,"L","D.E","12",1
"j_2507",1,"M","C","12",20
"j_2508",1,"S","D.E","12",2
"j_2509",1,"L","C","12",1
"j_2510",1,"L","N","24",1
"j_2511",1,"L","Q","12",1
"j_2512",0,"M","Q","12",12
"j_2513",1,"L","C","12",2
"j_2514",1,"L","C","12",1
"j_2515",1,"L","M","12",1
"j_2516",1,"L","F","14",1
"j_2517",1,"L","G","12",1
"j_2518",1,"L","K.L","14",1
"j_2519",1,"L","J","12",2
"j_2520",1,"L","J","12",1
"j_2521",1,"L","G","12",1
"j_2522",0,"L","M","12",1
"j_2523",1,"S","F","12",83
"j_2524",1,"L","C","18",1
"j_2525",1,"S","M","12",36
"j_2526",1,"L","C","18",1
"j_2527",1,"L","M","12",1
"j_2528",1,"L","D.E","16",2
"j_2529",1,"L","D.E","24",2
"j_2530",1,"L","C","12",1
"j_2531",0,"M","D.E","12",5
"j_2532",1,"M","F","12",2
"j_2533",1,"M","F","12",1
"j_2534",1,"S","N","12",33
"j_2535",0,"L","O","12",1
"j_2536",1,"L","J","12",1
"j_2537",0,"L","H","12",1
"j_2538",1,"L","C","12",1
"j_2539",1,"L","C","18",1
"j_2540",1,"M","J","12",10
"j_2541",0,"L","M","12",1
"j_2542",1,"L","G","02",1
"j_2543",1,"L","I","12",1
"j_2544",1,"S","K.L","12",18
"j_2545",0,"L","D.E","12",1
"j_2546",1,"L","G","12",2
"j_2547",1,"L","M","12",2
"j_2548",1,"M","Q","12",18
"j_2549",1,"M","I","12",17
"j_2550",1,"M","F","12",19
"j_2551",1,"S","I","12",35
"j_2552",1,"M","C","12",19
"j_2553",1,"L","J","12",1
"j_2554",1,"M","I","12",15
"j_2555",1,"L","K.L","12",3
"j_2556",0,"M","P","12",8
"j_2557",1,"L","C","12",2
"j_2558",1,"L","C","12",2
"j_2559",1,"S","R.S","12",61
"j_2560",1,"L","G","12",1
"j_2561",1,"L","G","12",1
"j_2562",1,"L","J","12",2
"j_2563",1,"M","F","24",18
"j_2564",1,"L","C","18",1
"j_2565",1,"M","N","12",10
"j_2566",1,"L","J","12",2
"j_2567",1,"L","P","12",1
"j_2568",1,"L","N","12",2
"j_2569",1,"L","C","12",2
"j_2570",1,"L","N","24",2
"j_2571",1,"L","G","12",1
"j_2572",1,"M","G","12",23
"j_2573",1,"L","M","14",1
"j_2574",1,"L","M","12",1
"j_2575",1,"L","C","12",1
"j_2576",1,"L","G","12",1
"j_2577",1,"L","J","12",2
"j_2578",1,"L","F","12",1
"j_2579",1,"L","C","12",1
"j_2580",1,"L","G","12",2
"j_2581",1,"L","G","12",1
"j_2582",1,"M","J","12",12
"j_2583",1,"L","C","12",1
"j_2584",1,"L","N","12",1
"j_2585",1,"L","F","12",2
"j_2586",1,"L","J","12",1
"j_2587",1,"L","I","12",1
"j_2588",1,"L","K.L","12",2
"j_2589",0,"L","F","12",1
"j_2590",1,"S","P","12",9
"j_2591",1,"L","P","12",1
"j_2592",1,"L","C","12",1
"j_2593",1,"M","P","12",10
"j_2594",1,"M","C","12",20
"j_2595",1,"L","J","12",2
"j_2596",1,"L","N","12",1
"j_2597",1,"S","J","12",13
"j_2598",1,"S","N","12",12
"j_2599",1,"S","N","12",11
"j_2600",1,"L","F","12",1
"j_2601",1,"S","K.L","12",6
"j_2602",1,"L","Q","12",11
"j_2603",1,"M","F","12",18
"j_2604",1,"S","J","12",8
"j_2605",1,"L","M","12",1
"j_2606",1,"L","M","12",1
"j_2607",1,"L","G","12",1
"j_2608",1,"L","M","12",1
"j_2609",1,"L","C","12",2
"j_2610",1,"S","K.L","12",15
"j_2611",1,"L","M","12",1
"j_2612",1,"M","C","12",19
"j_2613",1,"L","J","12",1
"j_2614",1,"S","M","12",102
"j_2615",1,"M","M","12",1
"j_2616",1,"L","C","14",1
"j_2617",1,"L","C","28",2
"j_2618",1,"L","C","30",1
"j_2619",0,"M","D.E","14",2
"j_2620",1,"L","C","14",1
"j_2621",1,"M","G","14",25
"j_2622",1,"L","C","14",1
"j_2623",0,"L","D.E","14",1
"j_2624",1,"L","G","14",1
"j_2625",0,"S","O","14",1
"j_2626",0,"M","Q","14",15
"j_2627",1,"L","G","14",1
"j_2628",1,"M","C","14",26
"j_2629",1,"M","F","14",20
"j_2630",1,"L","C","02",1
"j_2631",1,"L","C","14",2
"j_2632",1,"L","M","12",1
"j_2633",1,"L","C","30",1
"j_2634",1,"S","H","14",39
"j_2635",1,"S","R.S","14",66
"j_2636",1,"L","C","04",1
"j_2637",1,"L","J","14",1
"j_2638",1,"L","C","14",1
"j_2639",1,"L","H","14",1
"j_2640",1,"L","C","08",1
"j_2641",0,"L","Q","14",1
"j_2642",1,"L","C","10",1
"j_2643",1,"M","G","14",26
"j_2644",1,"L","M","14",1
"j_2645",1,"L","C","10",2
"j_2646",0,"L","O","14",1
"j_2647",1,"L","C","02",1
"j_2648",1,"L","J","24",1
"j_2649",1,"L","H","14",1
"j_2650",1,"L","J","14",1
"j_2651",0,"L","J","14",1
"j_2652",1,"L","K.L","14",1
"j_2653",1,"M","I","28",1
"j_2654",0,"L","O","14",1
"j_2655",1,"M","K.L","14",18
"j_2656",1,"L","I","04",1
"j_2657",1,"L","I","04",1
"j_2658",1,"L","I","30",1
"j_2659",1,"L","M","30",1
"j_2660",1,"L","N","04",1
"j_2661",1,"L","C","14",1
"j_2662",1,"L","K.L","14",1
"j_2663",1,"S","F","14",446
"j_2664",1,"M","R.S","14",1
"j_2665",1,"L","C","14",1
"j_2666",1,"L","I","14",1
"j_2667",1,"L","C","02",1
"j_2668",1,"L","C","30",1
"j_2669",1,"L","C","24",1
"j_2670",1,"L","C","14",1
"j_2671",0,"L","R.S","14",1
"j_2672",1,"L","C","14",2
"j_2673",0,"L","R.S","14",1
"j_2674",1,"S","N","14",39
"j_2675",1,"L","N","14",1
"j_2676",0,"L","O","14",1
"j_2677",1,"L","J","14",1
"j_2678",1,"M","R.S","14",1
"j_2679",1,"L","R.S","14",1
"j_2680",1,"L","G","14",1
"j_2681",1,"L","C","24",1
"j_2682",1,"L","G","10",1
"j_2683",1,"L","M","30",1
"j_2684",1,"L","J","14",1
"j_2685",1,"L","N","02",2
"j_2686",1,"L","M","14",2
"j_2687",1,"L","J","14",1
"j_2688",0,"M","K.L","14",1
"j_2689",1,"L","J","14",1
"j_2690",1,"L","J","14",1
"j_2691",1,"L","C","30",1
"j_2692",1,"L","C","02",1
"j_2693",1,"L","C","14",1
"j_2694",1,"L","D.E","14",1
"j_2695",1,"L","M","14",2
"j_2696",1,"L","Q","14",1
"j_2697",1,"L","G","14",1
"j_2698",1,"S","H","14",148
"j_2699",1,"S","M","14",36
"j_2700",1,"L","M","14",1
"j_2701",1,"M","N","14",18
"j_2702",1,"L","H","14",1
"j_2703",1,"L","G","14",1
"j_2704",1,"S","C","14",144
"j_2705",1,"L","N","14",18
"j_2706",1,"L","K.L","14",1
"j_2707",0,"L","O","14",1
"j_2708",1,"L","C","32",1
"j_2709",0,"M","D.E","14",1
"j_2710",1,"L","M","14",1
"j_2711",0,"L","O","14",1
"j_2712",1,"L","J","14",2
"j_2713",1,"L","G","14",1
"j_2714",0,"L","P","14",1
"j_2715",1,"L","G","14",1
"j_2716",1,"L","M","14",1
"j_2717",1,"L","C","14",1
"j_2718",1,"L","J","14",1
"j_2719",1,"L","H","30",1
"j_2720",1,"L","J","14",1
"j_2721",1,"L","K.L","14",1
"j_2722",1,"L","P","14",8
"j_2723",1,"L","K.L","14",1
"j_2724",1,"S","J","14",21
"j_2725",1,"L","C","14",1
"j_2726",0,"L","R.S","14",1
"j_2727",1,"L","K.L","14",1
"j_2728",1,"L","M","14",1
"j_2729",1,"L","H","14",1
"j_2730",1,"L","C","24",2
"j_2731",1,"L","H","14",1
"j_2732",1,"L","C","08",1
"j_2733",0,"L","R.S","14",1
"j_2734",0,"L","D.E","14",1
"j_2735",1,"L","G","14",1
"j_2736",0,"L","C","14",1
"j_2737",1,"L","K.L","14",1
"j_2738",1,"M","I","14",49
"j_2739",1,"L","C","02",1
"j_2740",1,"L","M","14",1
"j_2741",1,"L","J","30",1
"j_2742",1,"S","D.E","14",2
"j_2743",1,"L","K.L","14",1
"j_2744",1,"L","G","14",2
"j_2745",1,"L","D.E","24",1
"j_2746",1,"L","C","14",1
"j_2747",1,"L","J","02",1
"j_2748",1,"L","M","12",1
"j_2749",1,"L","F","14",1
"j_2750",1,"L","C","14",1
"j_2751",1,"L","C","26",1
"j_2752",1,"L","J","14",14
"j_2753",1,"S","D.E","14",2
"j_2754",1,"S","D.E","14",2
"j_2755",1,"L","M","14",1
"j_2756",0,"L","O","14",1
"j_2757",1,"L","H","14",1
"j_2758",1,"L","M","14",1
"j_2759",1,"L","J","12",1
"j_2760",1,"L","I","28",1
"j_2761",1,"L","C","14",1
"j_2762",1,"S","N","14",17
"j_2763",1,"S","R.S","14",65
"j_2764",1,"L","G","14",1
"j_2765",1,"L","J","22",1
"j_2766",1,"S","J","14",21
"j_2767",1,"L","C","14",25
"j_2768",1,"S","G","14",538
"j_2769",1,"L","C","22",2
"j_2770",0,"L","Q","14",1
"j_2771",1,"L","M","02",1
"j_2772",1,"L","C","14",1
"j_2773",1,"L","H","14",1
"j_2774",1,"L","M","14",1
"j_2775",1,"L","C","14",1
"j_2776",1,"M","N","28",1
"j_2777",1,"L","F","14",1
"j_2778",1,"M","R.S","14",1
"j_2779",1,"L","C","16",1
"j_2780",0,"L","Q","14",1
"j_2781",1,"L","I","10",1
"j_2782",1,"L","I","10",1
"j_2783",1,"L","I","10",1
"j_2784",1,"L","I","10",1
"j_2785",1,"L","I","10",1
"j_2786",1,"L","I","10",2
"j_2787",1,"L","I","10",1
"j_2788",1,"L","I","10",1
"j_2789",1,"M","Q","14",19
"j_2790",1,"L","G","14",1
"j_2791",0,"L","J","14",1
"j_2792",1,"M","M","30",1
"j_2793",1,"L","C","02",1
"j_2794",1,"M","I","14",49
"j_2795",0,"M","R.S","14",1
"j_2796",1,"L","I","14",1
"j_2797",1,"L","N","14",1
"j_2798",1,"L","G","14",1
"j_2799",1,"M","M","14",24
"j_2800",1,"L","I","22",2
"j_2801",1,"L","G","14",1
"j_2802",1,"M","G","14",40
"j_2803",1,"S","Q","14",13
"j_2804",0,"L","J","14",1
"j_2805",0,"L","D.E","14",1
"j_2806",1,"L","G","14",1
"j_2807",1,"L","F","14",1
"j_2808",1,"L","C","30",1
"j_2809",1,"L","C","04",1
"j_2810",0,"L","M","14",1
"j_2811",1,"L","C","32",1
"j_2812",1,"L","H","22",1
"j_2813",1,"L","M","14",1
"j_2814",1,"L","M","14",1
"j_2815",1,"L","C","02",1
"j_2816",1,"M","K.L","30",1
"j_2817",1,"L","I","14",1
"j_2818",1,"L","C","14",1
"j_2819",0,"L","Q","14",1
"j_2820",0,"L","Q","14",14
"j_2821",0,"L","Q","14",15
"j_2822",1,"L","C","08",1
"j_2823",1,"L","C","04",1
"j_2824",1,"S","K.L","10",13
"j_2825",1,"L","C","02",1
"j_2826",1,"L","J","12",1
"j_2827",1,"M","G","10",16
"j_2828",1,"S","G","14",538
"j_2829",1,"L","G","14",1
"j_2830",1,"L","I","32",1
"j_2831",1,"L","R.S","14",1
"j_2832",1,"L","J","32",1
"j_2833",1,"L","G","32",1
"j_2834",1,"L","C","04",1
"j_2835",0,"L","Q","14",1
"j_2836",1,"L","C","02",1
"j_2837",1,"L","K.L","14",1
"j_2838",1,"L","K.L","14",2
"j_2839",1,"L","J","12",1
"j_2840",1,"L","N","14",1
"j_2841",1,"S","M","14",36
"j_2842",1,"S","K.L","14",14
"j_2843",1,"M","J","22",9
"j_2844",1,"L","J","14",1
"j_2845",1,"L","C","24",1
"j_2846",1,"L","H","14",1
"j_2847",0,"L","O","14",1
"j_2848",1,"L","F","14",2
"j_2849",1,"L","G","14",1
"j_2850",1,"L","F","14",2
"j_2851",1,"L","C","16",1
"j_2852",1,"L","C","20",1
"j_2853",1,"M","K.L","24",9
"j_2854",1,"L","J","22",1
"j_2855",0,"L","R.S","14",1
"j_2856",1,"L","C","14",1
"j_2857",1,"L","J","14",1
"j_2858",1,"L","C","14",1
"j_2859",1,"L","G","14",1
"j_2860",1,"L","C","14",1
"j_2861",1,"S","D.E","14",2
"j_2862",1,"L","C","30",1
"j_2863",1,"M","I","14",23
"j_2864",0,"S","D.E","14",2
"j_2865",1,"L","M","14",1
"j_2866",1,"L","G","14",1
"j_2867",1,"M","G","14",39
"j_2868",1,"L","N","14",1
"j_2869",1,"L","G","10",1
"j_2870",0,"L","P","14",1
"j_2871",1,"L","N","14",2
"j_2872",0,"L","Q","14",1
"j_2873",1,"L","K.L","14",1
"j_2874",1,"S","H","14",39
"j_2875",1,"M","C","14",34
"j_2876",1,"L","C","14",1
"j_2877",1,"L","C","14",1
"j_2878",1,"L","G","24",1
"j_2879",1,"L","C","24",1
"j_2880",1,"L","C","06",1
"j_2881",1,"L","G","24",1
"j_2882",1,"M","P","14",10
"j_2883",1,"M","I","28",2
"j_2884",1,"L","C","08",1
"j_2885",1,"L","H","30",1
"j_2886",1,"L","C","14",1
"j_2887",1,"S","J","14",21
"j_2888",1,"L","G","14",1
"j_2889",1,"L","G","14",1
"j_2890",1,"L","I","02",1
"j_2891",1,"M","F","14",34
"j_2892",1,"S","R.S","14",29
"j_2893",1,"L","C","14",1
"j_2894",1,"M","J","14",20
"j_2895",1,"M","I","14",1
"j_2896",1,"L","M","22",1
"j_2897",1,"L","J","24",1
"j_2898",1,"L","H","10",1
"j_2899",1,"L","F","14",2
"j_2900",1,"S","D.E","14",3
"j_2901",0,"L","P","14",1
"j_2902",1,"L","M","14",1
"j_2903",0,"S","R.S","14",4
"j_2904",1,"L","G","02",1
"j_2905",1,"L","C","24",1
"j_2906",1,"L","G","14",1
"j_2907",1,"M","G","14",39
"j_2908",1,"L","C","14",1
"j_2909",1,"L","N","14",1
"j_2910",1,"S","D.E","14",2
"j_2911",0,"L","K.L","14",1
"j_2912",0,"L","K.L","14",1
"j_2913",1,"L","C","16",1
"j_2914",1,"L","C","30",1
"j_2915",1,"L","C","28",1
"j_2916",1,"L","I","14",1
"j_2917",1,"L","G","14",1
"j_2918",1,"S","D.E","14",2
"j_2919",1,"M","I","14",1
"j_2920",1,"L","M","02",1
"j_2921",1,"L","M","22",1
"j_2922",1,"L","K.L","10",1
"j_2923",1,"L","C","02",1
"j_2924",0,"L","P","14",1
"j_2925",1,"L","C","14",1
"j_2926",1,"L","N","12",1
"j_2927",1,"M","K.L","14",13
"j_2928",1,"S","J","14",9
"j_2929",1,"M","D.E","14",12
"j_2930",1,"L","J","12",1
"j_2931",1,"L","H","10",1
"j_2932",1,"L","J","14",1
"j_2933",1,"L","G","14",1
"j_2934",1,"L","G","14",1
"j_2935",1,"L","J","14",1
"j_2936",1,"L","K.L","14",1
"j_2937",1,"M","P","14",10
"j_2938",1,"L","M","12",1
"j_2939",1,"L","N","14",1
"j_2940",1,"L","J","32",1
"j_2941",1,"L","N","14",1
"j_2942",1,"L","C","32",1
"j_2943",1,"L","C","24",1
"j_2944",1,"L","C","24",1
"j_2945",1,"L","C","24",1
"j_2946",1,"L","C","24",1
"j_2947",1,"M","C","24",20
"j_2948",1,"L","C","24",1
"j_2949",0,"L","P","24",1
"j_2950",1,"S","N","24",32
"j_2951",1,"M","F","24",23
"j_2952",0,"L","O","24",1
"j_2953",1,"L","F","24",1
"j_2954",1,"L","N","24",2
"j_2955",1,"L","C","16",1
"j_2956",1,"L","C","24",1
"j_2957",1,"L","C","24",1
"j_2958",1,"L","C","24",1
"j_2959",1,"M","N","24",18
"j_2960",1,"L","C","24",1
"j_2961",0,"L","Q","24",1
"j_2962",0,"L","O","16",1
"j_2963",1,"L","C","24",1
"j_2964",0,"S","O","10",1
"j_2965",1,"L","G","24",1
"j_2966",0,"L","D.E","24",2
"j_2967",1,"L","G","24",1
"j_2968",1,"L","G","02",1
"j_2969",1,"S","C","24",145
"j_2970",1,"M","R.S","24",2
"j_2971",1,"L","I","24",2
"j_2972",1,"S","H","24",103
"j_2973",1,"L","Q","24",12
"j_2974",1,"M","Q","24",12
"j_2975",1,"S","C","16",77
"j_2976",1,"S","F","16",51
"j_2977",1,"L","C","16",1
"j_2978",1,"L","H","16",1
"j_2979",1,"M","C","16",16
"j_2980",1,"L","C","12",1
"j_2981",1,"S","I","16",46
"j_2982",1,"M","C","16",24
"j_2983",1,"M","H","16",27
"j_2984",0,"M","R.S","16",1
"j_2985",1,"M","G","16",10
"j_2986",1,"S","J","16",13
"j_2987",0,"M","R.S","16",1
"j_2988",0,"M","K.L","16",1
"j_2989",0,"L","P","16",1
"j_2990",1,"L","H","16",1
"j_2991",0,"L","H","16",1
"j_2992",1,"L","J","16",1
"j_2993",1,"M","N","16",1
"j_2994",1,"L","C","16",1
"j_2995",1,"L","C","16",1
"j_2996",0,"L","K.L","16",1
"j_2997",1,"L","C","16",1
"j_2998",1,"S","H","16",58
"j_2999",1,"M","G","16",9
"j_3000",1,"L","C","22",1
"j_3001",1,"L","C","22",2
"j_3002",1,"S","I","28",77
"j_3003",1,"L","C","22",1
"j_3004",1,"M","I","28",1
"j_3005",0,"L","H","28",1
"j_3006",1,"L","G","22",1
"j_3007",1,"M","F","28",15
"j_3008",0,"M","Q","28",9
"j_3009",1,"L","C","28",1
"j_3010",0,"M","O","28",4
"j_3011",1,"L","C","22",1
"j_3012",1,"M","D.E","22",1
"j_3013",1,"S","H","28",50
"j_3014",1,"L","C","22",2
"j_3015",1,"L","C","28",1
"j_3016",1,"S","R.S","28",4
"j_3017",1,"L","C","28",1
"j_3018",0,"M","O","22",4
"j_3019",0,"S","O","22",1
"j_3020",0,"S","O","22",1
"j_3021",1,"L","C","18",1
"j_3022",1,"L","G","18",1
"j_3023",1,"L","G","18",1
"j_3024",1,"S","H","18",34
"j_3025",1,"L","C","18",1
"j_3026",1,"L","F","18",1
"j_3027",1,"L","C","18",1
"j_3028",1,"L","C","18",1
"j_3029",1,"L","G","18",1
"j_3030",1,"L","G","14",1
"j_3031",1,"L","G","18",1
"j_3032",1,"M","F","18",15
"j_3033",1,"L","C","18",1
"j_3034",1,"M","J","18",1
"j_3035",1,"L","J","18",1
"j_3036",1,"M","H","18",11
"j_3037",1,"L","C","18",1
"j_3038",1,"L","C","18",1
"j_3039",0,"L","H","18",1
"j_3040",1,"S","M","18",49
"j_3041",1,"L","F","18",1
"j_3042",1,"L","C","18",1
"j_3043",1,"S","Q","18",10
"j_3044",1,"S","Q","18",10
"j_3045",1,"M","R.S","18",2
"j_3046",0,"M","K.L","18",1
"j_3047",1,"L","C","18",1
"j_3048",1,"M","G","18",20
"j_3049",1,"S","N","18",16
"j_3050",1,"M","D.E","18",1
"j_3051",1,"S","R.S","18",60
"j_3052",1,"M","F","18",1
"j_3053",1,"L","M","18",1
"j_3054",1,"M","F","18",13
"j_3055",1,"L","C","18",1
"j_3056",0,"M","D.E","18",5
"j_3057",1,"L","G","18",1
"j_3058",1,"S","H","18",34
"j_3059",1,"S","F","02",178
"j_3060",1,"L","C","18",1
"j_3061",1,"M","I","18",1
"j_3062",1,"M","M","18",1
"j_3063",1,"S","H","18",90
"j_3064",1,"S","F","18",140
"j_3065",1,"S","F","18",62
"j_3066",0,"M","R.S","18",1
"j_3067",1,"L","C","18",1
"j_3068",1,"S","R.S","18",3
"j_3069",1,"M","H","18",2
"j_3070",1,"L","C","18",1
"j_3071",0,"L","H","22",1
"j_3072",1,"M","I","22",2
"j_3073",1,"L","C","22",1
"j_3074",0,"L","D.E","22",1
"j_3075",1,"L","C","22",1
"j_3076",0,"M","D.E","22",1
"j_3077",0,"L","N","22",1
"j_3078",0,"L","P","22",1
"j_3079",1,"L","N","22",1
"j_3080",1,"M","C","22",15
"j_3081",1,"M","F","22",14
"j_3082",1,"L","K.L","22",1
"j_3083",1,"L","C","22",1
"j_3084",0,"L","O","22",4
"j_3085",1,"L","C","22",1
"j_3086",1,"S","F","22",59
"j_3087",1,"M","G","22",22
"j_3088",1,"L","C","32",1
"j_3089",0,"L","D.E","22",1
"j_3090",0,"L","D.E","22",1
"j_3091",0,"L","D.E","30",1
"j_3092",0,"L","D.E","32",1
"j_3093",0,"L","D.E","14",1
"j_3094",1,"L","H","22",1
"j_3095",1,"L","H","22",1
"j_3096",0,"M","P","22",7
"j_3097",1,"L","C","22",1
"j_3098",1,"M","C","22",14
"j_3099",1,"L","F","22",1
"j_3100",0,"L","R.S","22",1
"j_3101",1,"L","C","22",1
"j_3102",1,"L","C","22",1
"j_3103",1,"L","N","22",1
"j_3104",1,"M","C","22",19
"j_3105",1,"L","H","22",2
"j_3106",1,"S","G","22",146
"j_3107",1,"L","C","22",1
"j_3108",1,"L","R.S","22",1
"j_3109",1,"L","C","22",1
"j_3110",1,"M","D.E","22",9
"j_3111",1,"M","H","22",14
"j_3112",1,"L","C","22",1
"j_3113",1,"M","K.L","22",1
"j_3114",1,"L","G","22",1
"j_3115",1,"M","F","22",14
"j_3116",1,"L","H","22",1
"j_3117",1,"M","F","22",19
"j_3118",0,"L","C","22",1
"j_3119",1,"L","C","22",1
"j_3120",1,"L","C","28",1
"j_3121",1,"L","M","22",2
"j_3122",1,"M","F","22",1
"j_3123",1,"M","Q","22",13
"j_3124",0,"L","H","22",2
"j_3125",1,"L","F","22",1
"j_3126",1,"L","F","22",1
"j_3127",0,"M","D.E","22",6
"j_3128",1,"L","G","22",1
"j_3129",0,"L","C","22",1
"j_3130",0,"M","O","22",4
"j_3131",1,"M","K.L","22",1
"j_3132",0,"M","P","22",6
"j_3133",1,"L","D.E","22",1
"j_3134",1,"L","G","22",2
"j_3135",1,"L","H","22",1
"j_3136",1,"S","G","22",147
"j_3137",1,"M","C","22",15
"j_3138",1,"L","C","22",1
"j_3139",1,"M","G","22",1
"j_3140",1,"L","C","22",1
"j_3141",1,"S","N","22",10
"j_3142",1,"L","C","24",1
"j_3143",1,"L","H","22",2
"j_3144",1,"L","J","22",1
"j_3145",1,"L","C","12",1
"j_3146",1,"L","H","22",1
"j_3147",1,"L","G","22",1
"j_3148",1,"M","H","22",1
"j_3149",1,"M","D.E","22",2
"j_3150",1,"L","C","22",1
"j_3151",0,"L","P","22",1
"j_3152",1,"L","F","22",1
"j_3153",1,"L","G","22",1
"j_3154",1,"L","H","22",1
"j_3155",1,"M","G","22",16
"j_3156",1,"L","C","22",1
"j_3157",1,"L","G","22",2
"j_3158",1,"L","C","22",1
"j_3159",0,"M","K.L","22",7
"j_3160",1,"L","C","22",1
"j_3161",1,"M","I","22",1
"j_3162",1,"L","C","22",15
"j_3163",1,"S","K.L","22",11
"j_3164",1,"M","F","22",19
"j_3165",0,"L","H","22",1
"j_3166",1,"L","C","22",1
"j_3167",1,"S","F","22",59
"j_3168",1,"M","K.L","22",1
"j_3169",1,"L","C","30",1
"j_3170",1,"L","J","22",1
"j_3171",1,"L","G","22",2
"j_3172",0,"L","Q","22",1
"j_3173",1,"S","M","22",25
"j_3174",0,"L","D.E","22",1
"j_3175",1,"S","K.L","22",16
"j_3176",0,"L","D.E","22",1
"j_3177",1,"M","I","22",1
"j_3178",0,"L","K.L","22",1
"j_3179",1,"L","J","22",1
"j_3180",1,"L","C","22",1
"j_3181",1,"S","R.S","22",27
"j_3182",0,"M","R.S","22",1
"j_3183",1,"S","K.L","22",11
"j_3184",0,"L","D.E","22",1
"j_3185",1,"L","P","22",1
"j_3186",1,"L","N","22",1
"j_3187",1,"L","G","22",1
"j_3188",1,"L","C","22",1
"j_3189",1,"L","G","22",1
"j_3190",0,"L","O","22",1
"j_3191",0,"L","O","22",1
"j_3192",0,"L","O","22",1
"j_3193",0,"L","O","22",1
"j_3194",0,"L","O","22",1
"j_3195",0,"S","O","22",1
"j_3196",0,"L","O","22",1
"j_3197",0,"L","R.S","22",1
"j_3198",0,"M","O","22",4
"j_3199",0,"M","O","22",4
"j_3200",1,"M","F","22",19
"j_3201",1,"L","G","22",1
"j_3202",1,"L","C","22",1
"j_3203",1,"S","M","22",25
"j_3204",1,"L","J","22",2
"j_3205",1,"L","N","22",1
"j_3206",1,"L","C","22",1
"j_3207",1,"L","C","22",1
"j_3208",1,"M","N","22",13
"j_3209",1,"L","J","22",1
"j_3210",1,"S","H","22",50
"j_3211",1,"L","C","22",1
"j_3212",1,"L","G","22",1
"j_3213",1,"L","C","22",1
"j_3214",0,"L","K.L","22",1
"j_3215",1,"S","C","22",44
"j_3216",0,"L","O","22",1
"j_3217",1,"L","C","22",1
"j_3218",1,"L","C","22",1
"j_3219",1,"L","C","22",1
"j_3220",1,"L","C","22",1
"j_3221",1,"L","N","14",2
"j_3222",1,"L","G","22",2
"j_3223",1,"L","G","22",1
"j_3224",1,"M","G","22",22
"j_3225",1,"L","N","22",1
"j_3226",0,"L","H","22",1
"j_3227",0,"M","O","22",5
"j_3228",1,"S","K.L","22",9
"j_3229",1,"M","G","22",22
"j_3230",1,"L","K.L","14",1
"j_3231",1,"L","H","22",1
"j_3232",0,"L","H","22",1
"j_3233",0,"M","Q","22",13
"j_3234",1,"S","J","22",6
"j_3235",1,"L","C","22",1
"j_3236",1,"L","C","04",1
"j_3237",1,"L","K.L","22",1
"j_3238",1,"L","C","22",1
"j_3239",1,"L","C","22",1
"j_3240",1,"L","H","22",2
"j_3241",0,"L","K.L","22",1
"j_3242",1,"M","C","22",15
"j_3243",1,"M","I","22",1
"j_3244",0,"L","D.E","22",1
"j_3245",0,"L","C","22",1
"j_3246",0,"L","P","22",1
"j_3247",1,"L","C","22",1
"j_3248",0,"L","K.L","22",2
"j_3249",1,"L","C","22",1
"j_3250",0,"M","R.S","22",7
"j_3251",0,"L","H","22",1
"j_3252",0,"L","D.E","22",1
"j_3253",1,"L","C","22",1
"j_3254",1,"L","J","22",1
"j_3255",1,"L","C","22",1
"j_3256",1,"L","C","22",1
"j_3257",0,"L","O","22",1
"j_3258",1,"S","I","20",40
"j_3259",1,"M","R.S","20",1
"j_3260",1,"M","F","20",15
"j_3261",1,"S","F","20",383
"j_3262",1,"L","C","20",2
"j_3263",1,"M","G","20",1
"j_3264",1,"L","C","28",1
"j_3265",1,"L","C","20",1
"j_3266",1,"M","C","20",22
"j_3267",1,"L","C","20",1
"j_3268",1,"L","C","20",1
"j_3269",1,"S","N","20",11
"j_3270",0,"M","K.L","20",1
"j_3271",0,"L","O","20",1
"j_3272",0,"L","R.S","20",1
"j_3273",1,"M","N","20",2
"j_3274",1,"L","N","20",2
"j_3275",1,"M","P","20",5
"j_3276",1,"M","M","20",1
"j_3277",1,"L","C","20",1
"j_3278",1,"M","G","20",2
"j_3279",1,"S","I","20",40
"j_3280",1,"M","C","08",11
"j_3281",0,"L","D.E","08",2
"j_3282",1,"L","N","08",1
"j_3283",1,"M","C","08",12
"j_3284",1,"L","C","08",1
"j_3285",1,"M","C","32",15
"j_3286",1,"S","G","32",344
"j_3287",1,"L","C","08",1
"j_3288",1,"L","C","08",2
"j_3289",1,"S","K.L","08",6
"j_3290",0,"L","P","08",1
"j_3291",0,"L","Q","08",1
"j_3292",0,"M","R.S","08",1
"j_3293",1,"L","H","08",2
"j_3294",0,"M","Q","08",1
"j_3295",1,"M","C","08",12
"j_3296",1,"L","C","08",1
"j_3297",0,"L","P","08",1
"j_3298",0,"S","D.E","30",2
"j_3299",1,"L","I","08",1
"j_3300",1,"L","I","08",2
"j_3301",1,"L","I","08",1
"j_3302",1,"L","I","08",1
"j_3303",0,"M","O","08",5
"j_3304",0,"L","O","08",1
"j_3305",0,"L","O","08",1
"j_3306",0,"S","O","08",1
"j_3307",0,"S","O","08",1
"j_3308",0,"S","O","08",1
"j_3309",0,"S","O","08",1
"j_3310",0,"S","Q","30",19
"j_3311",1,"L","C","08",1
"j_3312",0,"L","Q","32",1
"j_3313",1,"L","C","08",1
"j_3314",1,"L","K.L","08",1
"j_3315",0,"M","D.E","08",1
"j_3316",1,"L","I","02",1
"j_3317",1,"L","C","08",2
"j_3318",1,"L","C","08",2
"j_3319",0,"L","O","08",1
"j_3320",1,"S","K.L","08",12
"j_3321",1,"L","C","08",1
"j_3322",0,"M","O","08",5
"j_3323",0,"M","M","08",1
"j_3324",1,"L","H","08",1
"j_3325",1,"L","C","08",1
"j_3326",0,"S","O","08",1
"j_3327",1,"L","N","12",1
"j_3328",0,"M","Q","08",9
"j_3329",1,"L","C","08",1
"j_3330",0,"M","P","08",1
"j_3331",1,"L","C","08",1
"j_3332",1,"S","D.E","08",1
"j_3333",1,"L","C","14",1
"j_3334",1,"L","J","22",1
"j_3335",1,"L","C","24",1
"j_3336",1,"L","C","22",1
"j_3337",1,"M","D.E","22",8
"j_3338",0,"S","Q","22",12
"j_3339",1,"M","J","22",9
"j_3340",1,"M","D.E","22",1
"j_3341",1,"S","G","22",611
"j_3342",1,"S","C","22",193
"j_3343",1,"L","C","22",1
"j_3344",1,"L","F","22",1
"j_3345",1,"S","D.E","22",2
"j_3346",0,"L","O","22",1
"j_3347",0,"M","R.S","22",1
"j_3348",1,"L","C","22",1
"j_3349",1,"M","F","22",15
"j_3350",0,"L","D.E","22",1
"j_3351",1,"L","C","18",1
"j_3352",1,"L","C","22",1
"j_3353",1,"L","C","22",1
"j_3354",0,"L","Q","22",1
"j_3355",0,"L","P","22",1
"j_3356",1,"L","C","22",1
"j_3357",0,"L","F","22",1
"j_3358",1,"M","C","22",14
"j_3359",1,"M","C","22",15
"j_3360",0,"M","K.L","22",2
"j_3361",1,"L","C","22",1
"j_3362",1,"L","C","04",1
"j_3363",1,"L","I","22",1
"j_3364",1,"L","I","22",1
"j_3365",1,"L","I","22",1
"j_3366",1,"L","I","22",1
"j_3367",1,"L","I","22",1
"j_3368",1,"L","C","22",1
"j_3369",1,"L","G","22",1
"j_3370",0,"L","Q","22",1
"j_3371",1,"S","D.E","22",2
"j_3372",1,"L","C","28",1
"j_3373",1,"M","R.S","22",2
"j_3374",0,"L","R.S","22",1
"j_3375",0,"L","Q","22",1
"j_3376",1,"L","K.L","22",1
"j_3377",1,"L","G","24",1
"j_3378",1,"M","K.L","22",1
"j_3379",0,"L","P","22",1
"j_3380",1,"L","N","02",2
"j_3381",1,"L","H","22",1
"j_3382",0,"M","P","22",6
"j_3383",1,"L","F","22",1
"j_3384",1,"L","G","22",1
"j_3385",1,"S","K.L","28",20
"j_3386",1,"M","G","22",17
"j_3387",1,"M","G","22",22
"j_3388",1,"S","J","22",6
"j_3389",1,"M","F","22",1
"j_3390",1,"L","F","22",1
"j_3391",1,"L","J","22",1
"j_3392",1,"L","G","22",2
"j_3393",0,"L","R.S","22",1
"j_3394",1,"S","R.S","22",65
"j_3395",1,"S","R.S","22",28
"j_3396",1,"M","M","22",2
"j_3397",1,"M","F","22",19
"j_3398",1,"M","C","22",18
"j_3399",1,"L","G","22",1
"j_3400",1,"L","M","22",1
"j_3401",1,"L","F","22",1
"j_3402",0,"L","R.S","22",1
"j_3403",1,"L","C","22",1
"j_3404",1,"S","K.L","22",11
"j_3405",1,"L","I","22",1
"j_3406",1,"L","N","22",2
"j_3407",1,"M","G","22",16
"j_3408",1,"M","G","22",1
"j_3409",0,"L","D.E","22",1
"j_3410",1,"M","Q","22",14
"j_3411",1,"M","M","22",14
"j_3412",1,"L","F","22",2
"j_3413",0,"L","Q","22",1
"j_3414",1,"L","C","22",1
"j_3415",1,"L","G","26",1
"j_3416",1,"L","F","30",2
"j_3417",0,"L","Q","22",1
"j_3418",1,"L","C","02",16
"j_3419",0,"M","D.E","02",7
"j_3420",1,"L","C","02",1
"j_3421",1,"L","C","02",1
"j_3422",0,"L","Q","02",1
"j_3423",1,"L","G","14",1
"j_3424",1,"S","Q","02",11
"j_3425",1,"M","I","02",1
"j_3426",1,"L","D.E","16",1
"j_3427",1,"L","D.E","02",1
"j_3428",0,"L","C","02",1
"j_3429",1,"L","C","02",1
"j_3430",1,"L","C","02",1
"j_3431",1,"L","C","02",1
"j_3432",0,"M","K.L","02",6
"j_3433",1,"L","C","02",1
"j_3434",1,"L","F","02",2
"j_3435",1,"L","N","02",2
"j_3436",1,"L","C","02",1
"j_3437",1,"L","I","02",1
"j_3438",1,"L","I","02",1
"j_3439",1,"L","I","02",1
"j_3440",1,"L","I","02",1
"j_3441",1,"L","C","02",1
"j_3442",1,"L","G","02",1
"j_3443",1,"L","C","02",1
"j_3444",0,"S","O","02",1
"j_3445",0,"L","O","02",1
"j_3446",0,"L","O","02",1
"j_3447",0,"S","O","02",1
"j_3448",1,"L","G","02",1
"j_3449",0,"L","C","10",17
"j_3450",0,"S","R.S","02",4
"j_3451",1,"M","D.E","02",2
"j_3452",0,"L","C","02",1
"j_3453",0,"L","C","16",1
"j_3454",1,"L","C","02",16
"j_3455",0,"L","P","02",6
"j_3456",1,"L","Q","02",1
"j_3457",0,"L","Q","02",1
"j_3458",1,"L","D.E","02",1
"j_3459",0,"L","Q","02",1
"j_3460",1,"L","C","02",1
"j_3461",0,"L","K.L","02",1
"j_3462",1,"L","K.L","14",1
"j_3463",1,"M","J","12",10
"j_3464",0,"M","R.S","24",9
"j_3465",1,"L","C","24",20
"j_3466",1,"S","I","24",75
"j_3467",1,"L","H","24",2
"j_3468",0,"M","J","24",1
"j_3469",1,"L","H","24",1
"j_3470",1,"L","C","18",1
"j_3471",1,"L","C","24",1
"j_3472",1,"L","F","24",1
"j_3473",0,"L","P","24",7
"j_3474",1,"L","H","24",1
"j_3475",1,"L","C","24",2
"j_3476",1,"L","C","24",1
"j_3477",1,"M","G","24",24
"j_3478",1,"L","G","24",1
"j_3479",1,"M","J","24",1
"j_3480",1,"S","J","24",8
"j_3481",1,"S","J","24",17
"j_3482",1,"M","G","12",23
"j_3483",1,"M","I","24",2
"j_3484",1,"L","C","24",1
"j_3485",1,"M","F","24",1
"j_3486",1,"L","G","24",1
"j_3487",0,"L","D.E","24",1
"j_3488",1,"M","M","24",1
"j_3489",1,"L","I","24",2
"j_3490",1,"L","I","24",1
"j_3491",1,"L","I","24",1
"j_3492",1,"L","I","24",1
"j_3493",1,"L","I","24",1
"j_3494",1,"L","C","08",1
"j_3495",1,"L","J","24",1
"j_3496",1,"L","C","24",1
"j_3497",1,"L","D.E","24",1
"j_3498",1,"L","C","24",2
"j_3499",1,"S","F","24",275
"j_3500",1,"S","G","24",403
"j_3501",1,"L","C","24",20
"j_3502",1,"L","C","24",1
"j_3503",1,"L","C","24",1
"j_3504",1,"L","G","24",1
"j_3505",1,"S","N","24",10
"j_3506",1,"L","G","24",1
"j_3507",1,"M","N","24",17
"j_3508",0,"L","Q","24",1
"j_3509",1,"L","C","24",1
"j_3510",0,"L","M","24",1
"j_3511",0,"L","Q","24",1
"j_3512",1,"L","C","24",1
"j_3513",1,"L","G","24",1
"j_3514",1,"M","F","24",19
"j_3515",1,"M","H","24",22
"j_3516",1,"L","C","24",1
"j_3517",1,"L","C","14",1
"j_3518",1,"S","C","24",145
"j_3519",1,"L","G","24",1
"j_3520",1,"L","N","24",2
"j_3521",1,"L","G","24",1
"j_3522",1,"S","M","24",30
"j_3523",1,"L","I","24",1
"j_3524",1,"L","N","24",1
"j_3525",1,"S","D.E","24",2
"j_3526",1,"S","H","24",35
"j_3527",1,"L","M","24",1
"j_3528",0,"L","Q","24",1
"j_3529",1,"S","J","24",8
"j_3530",0,"L","Q","24",2
"j_3531",1,"L","H","24",1
"j_3532",1,"S","H","24",103
"j_3533",0,"M","D.E","24",6
"j_3534",0,"L","D.E","24",1
"j_3535",1,"M","R.S","24",2
"j_3536",0,"L","P","24",6
"j_3537",0,"L","D.E","24",1
"j_3538",1,"M","P","24",7
"j_3539",1,"L","H","24",1
"j_3540",1,"L","C","24",1
"j_3541",1,"L","F","24",1
"j_3542",1,"L","C","24",1
"j_3543",1,"L","H","14",1
"j_3544",1,"L","G","24",1
"j_3545",1,"S","Q","24",13
"j_3546",1,"L","C","24",1
"j_3547",0,"M","P","24",7
"j_3548",1,"L","C","24",1
"j_3549",1,"M","H","24",23
"j_3550",1,"L","N","24",1
"j_3551",1,"S","R.S","24",57
"j_3552",0,"L","C","24",1
"j_3553",1,"S","R.S","24",4
"j_3554",1,"M","J","24",1
"j_3555",1,"L","C","24",1
"j_3556",0,"L","Q","24",1
"j_3557",1,"M","F","24",22
"j_3558",1,"M","K.L","24",7
"j_3559",1,"L","J","24",1
"j_3560",0,"L","K.L","24",1
"j_3561",1,"S","C","24",52
"j_3562",1,"L","C","16",1
"j_3563",1,"L","C","24",1
"j_3564",0,"M","Q","24",14
"j_3565",1,"L","C","24",1
"j_3566",1,"S","C","24",53
"j_3567",1,"S","M","24",30
"j_3568",1,"M","F","24",1
"j_3569",1,"L","C","24",1
"j_3570",1,"S","D.E","24",2
"j_3571",1,"S","M","24",84
"j_3572",1,"L","J","24",1
"j_3573",1,"L","C","24",1
"j_3574",1,"L","C","12",1
"j_3575",1,"S","C","24",146
"j_3576",1,"M","I","24",14
"j_3577",1,"L","F","24",1
"j_3578",1,"L","G","24",1
"j_3579",1,"L","C","14",1
"j_3580",1,"L","G","24",1
"j_3581",1,"S","Q","24",13
"j_3582",1,"L","F","24",1
"j_3583",1,"L","M","24",1
"j_3584",1,"S","N","24",32
"j_3585",1,"S","F","24",275
"j_3586",0,"L","Q","24",1
"j_3587",1,"S","Q","24",17
"j_3588",1,"M","P","24",7
"j_3589",1,"L","G","24",1
"j_3590",1,"S","P","24",17
"j_3591",1,"M","P","24",7
"j_3592",1,"S","K.L","24",18
"j_3593",1,"L","C","24",1
"j_3594",1,"M","C","24",21
"j_3595",1,"S","C","24",52
"j_3596",0,"L","N","24",2
"j_3597",1,"L","N","24",1
"j_3598",1,"L","N","24",1
"j_3599",0,"L","R.S","24",1
"j_3600",1,"L","G","24",1
"j_3601",1,"M","I","24",14
"j_3602",1,"L","C","24",1
"j_3603",1,"M","M","24",16
"j_3604",1,"L","N","24",2
"j_3605",1,"M","I","24",1
"j_3606",0,"M","P","24",7
"j_3607",0,"M","P","24",6
"j_3608",1,"M","F","24",22
"j_3609",1,"L","C","06",1
"j_3610",0,"L","F","24",1
"j_3611",1,"S","Q","24",13
"j_3612",1,"L","Q","16",1
"j_3613",1,"L","I","24",2
"j_3614",1,"L","N","24",1
"j_3615",1,"L","N","24",2
"j_3616",1,"L","D.E","24",1
"j_3617",1,"M","P","24",7
"j_3618",1,"L","C","16",1
"j_3619",1,"L","K.L","24",1
"j_3620",1,"L","C","24",1
"j_3621",1,"M","M","24",15
"j_3622",1,"L","C","30",1
"j_3623",0,"L","D.E","30",1
"j_3624",0,"L","D.E","10",1
"j_3625",1,"L","G","02",1
"j_3626",1,"M","F","30",25
"j_3627",1,"S","H","30",35
"j_3628",1,"L","C","30",1
"j_3629",1,"L","C","30",1
"j_3630",1,"L","C","30",1
"j_3631",1,"L","H","30",1
"j_3632",1,"L","C","10",1
"j_3633",1,"L","C","30",1
"j_3634",1,"M","F","30",1
"j_3635",0,"L","H","30",1
"j_3636",1,"M","G","30",25
"j_3637",1,"L","C","30",1
"j_3638",0,"L","C","30",1
"j_3639",1,"M","C","30",18
"j_3640",1,"L","F","30",1
"j_3641",1,"L","C","30",1
"j_3642",1,"L","C","30",1
"j_3643",1,"M","F","30",1
"j_3644",1,"L","C","30",2
"j_3645",1,"M","D.E","30",2
"j_3646",0,"L","D.E","30",1
"j_3647",1,"L","C","30",2
"j_3648",1,"L","G","30",2
"j_3649",0,"S","O","30",1
"j_3650",1,"S","Q","30",19
"j_3651",0,"L","D.E","30",1
"j_3652",1,"L","C","30",1
"j_3653",0,"L","C","30",1
"j_3654",0,"L","O","30",1
"j_3655",1,"S","F","30",366
"j_3656",1,"L","C","30",1
"j_3657",1,"M","H","30",40
"j_3658",1,"L","C","30",1
"j_3659",1,"L","C","30",1
"j_3660",1,"L","J","30",1
"j_3661",1,"S","R.S","30",65
"j_3662",1,"L","C","30",1
"j_3663",1,"M","C","30",219
"j_3664",0,"M","P","26",6
"j_3665",0,"L","Q","26",1
"j_3666",1,"L","M","14",1
"j_3667",1,"L","G","26",2
"j_3668",1,"L","C","06",1
"j_3669",1,"L","C","12",1
"j_3670",1,"M","N","26",1
"j_3671",1,"S","F","26",257
"j_3672",1,"S","I","26",24
"j_3673",1,"L","C","26",1
"j_3674",1,"L","G","26",1
"j_3675",0,"L","H","26",2
"j_3676",1,"M","F","26",2
"j_3677",0,"M","D.E","26",1
"j_3678",0,"L","O","26",5
"j_3679",1,"S","M","26",114
"j_3680",1,"L","G","26",19
"j_3681",1,"M","F","26",2
"j_3682",1,"L","H","10",1
"j_3683",1,"M","M","26",2
"j_3684",0,"M","K.L","26",1
"j_3685",1,"L","C","26",1
"j_3686",1,"M","F","26",12
"j_3687",0,"S","O","26",1
"j_3688",0,"M","D.E","26",2
"j_3689",1,"M","F","26",1
"j_3690",0,"M","R.S","26",1
"j_3691",1,"L","G","26",1
"j_3692",0,"M","R.S","26",1
"j_3693",1,"S","R.S","26",93
"j_3694",1,"L","C","26",1
"j_3695",1,"M","K.L","26",2
"j_3696",1,"S","H","26",129
"j_3697",1,"M","G","24",25
"j_3698",1,"L","K.L","24",1
"j_3699",1,"L","D.E","24",1
"j_3700",0,"L","P","24",1
"j_3701",1,"L","G","24",1
"j_3702",0,"L","D.E","24",1
"j_3703",0,"L","O","24",1
"j_3704",1,"L","C","24",1
"j_3705",0,"L","R.S","24",1
"j_3706",1,"M","H","12",26
"j_3707",1,"L","C","24",1
"j_3708",1,"M","J","24",1
"j_3709",1,"M","R.S","24",2
"j_3710",1,"M","R.S","14",65
"j_3711",0,"M","O","12",5
"j_3712",1,"L","C","12",1
"j_3713",1,"L","C","04",1
"j_3714",1,"L","C","12",1
"j_3715",0,"L","D.E","24",1
"j_3716",1,"L","C","30",1
"j_3717",0,"M","P","24",6
"j_3718",0,"M","P","24",7
"j_3719",1,"L","K.L","24",1
"j_3720",0,"L","H","24",1
"j_3721",1,"S","D.E","24",3
"j_3722",1,"L","C","24",2
"j_3723",0,"L","Q","24",1
"j_3724",1,"L","C","24",1
"j_3725",1,"L","C","12",1
"j_3726",1,"L","C","24",1
"j_3727",1,"L","C","24",1
"j_3728",1,"L","C","24",1
"j_3729",1,"L","D.E","24",1
"j_3730",1,"L","F","24",1
"j_3731",1,"L","D.E","24",1
"j_3732",1,"M","F","24",22
"j_3733",1,"L","C","24",1
"j_3734",1,"M","H","24",38
"j_3735",1,"L","G","24",1
"j_3736",1,"M","J","24",12
"j_3737",1,"L","G","24",2
"j_3738",1,"L","C","24",1
"j_3739",1,"M","G","24",24
"j_3740",1,"M","H","24",39
"j_3741",0,"L","N","24",1
"j_3742",0,"L","K.L","24",1
"j_3743",1,"L","C","24",1
"j_3744",1,"L","G","24",1
"j_3745",0,"L","M","24",1
"j_3746",1,"L","H","24",1
"j_3747",0,"L","M","24",1
"j_3748",1,"L","K.L","24",1
"j_3749",1,"M","F","24",1
"j_3750",1,"L","F","24",2
"j_3751",0,"L","O","24",1
"j_3752",1,"L","C","24",1
"j_3753",1,"M","C","24",30
"j_3754",1,"L","F","24",2
"j_3755",1,"L","F","24",1
"j_3756",1,"S","K.L","24",19
"j_3757",1,"S","K.L","24",19
"j_3758",1,"L","C","24",1
"j_3759",1,"L","C","24",1
"j_3760",0,"L","K.L","24",1
"j_3761",0,"L","M","24",1
"j_3762",0,"L","M","24",2
"j_3763",1,"L","F","24",2
"j_3764",1,"L","G","24",1
"j_3765",1,"S","F","24",275
"j_3766",1,"L","M","24",2
"j_3767",1,"L","C","24",1
"j_3768",1,"L","C","24",1
"j_3769",1,"L","F","12",1
"j_3770",1,"L","C","24",1
"j_3771",1,"L","C","24",2
"j_3772",0,"L","D.E","24",1
"j_3773",1,"L","C","32",1
"j_3774",0,"M","Q","24",12
"j_3775",1,"L","H","24",1
"j_3776",1,"L","C","24",1
"j_3777",1,"L","D.E","24",1
"j_3778",1,"L","C","24",1
"j_3779",0,"L","K.L","24",1
"j_3780",0,"L","C","24",1
"j_3781",1,"S","C","24",145
"j_3782",1,"L","D.E","24",1
"j_3783",1,"L","G","24",1
"j_3784",0,"L","K.L","24",1
"j_3785",1,"L","H","24",2
"j_3786",0,"L","C","24",1
"j_3787",1,"L","F","24",1
"j_3788",1,"L","G","24",1
"j_3789",1,"L","G","24",1
"j_3790",1,"L","H","24",1
"j_3791",1,"M","F","24",1
"j_3792",1,"L","C","24",1
"j_3793",1,"L","D.E","24",1
"j_3794",0,"L","D.E","24",1
"j_3795",0,"L","Q","24",1
"j_3796",0,"L","Q","24",1
"j_3797",0,"L","Q","24",1
"j_3798",1,"L","N","24",1
"j_3799",1,"L","F","24",1
"j_3800",1,"S","M","24",85
"j_3801",1,"L","H","24",1
"j_3802",0,"M","R.S","24",1
"j_3803",0,"M","P","24",7
"j_3804",1,"M","M","24",15
"j_3805",1,"L","F","24",1
"j_3806",1,"S","I","24",75
"j_3807",0,"L","Q","24",1
"j_3808",1,"L","H","24",1
"j_3809",1,"L","C","24",1
"j_3810",1,"L","G","24",1
"j_3811",1,"L","G","24",1
"j_3812",1,"L","G","24",1
"j_3813",1,"L","G","02",1
"j_3814",1,"L","G","32",1
"j_3815",1,"L","G","30",1
"j_3816",1,"L","G","22",1
"j_3817",1,"L","G","12",2
"j_3818",1,"L","G","06",1
"j_3819",1,"L","G","14",1
"j_3820",1,"L","G","24",1
"j_3821",1,"L","I","24",1
"j_3822",1,"L","I","24",1
"j_3823",1,"L","Q","24",12
"j_3824",1,"L","C","24",1
"j_3825",0,"L","K.L","24",1
"j_3826",1,"L","K.L","24",1
"j_3827",1,"L","F","24",1
"j_3828",1,"L","C","24",1
"j_3829",1,"S","J","24",18
"j_3830",0,"L","O","24",1
"j_3831",1,"L","C","24",1
"j_3832",1,"L","C","12",1
"j_3833",1,"L","N","24",1
"j_3834",1,"S","F","12",83
"j_3835",1,"L","G","24",1
"j_3836",1,"L","G","22",146
"j_3837",1,"L","G","26",19
"j_3838",1,"L","K.L","12",15
"j_3839",0,"L","D.E","24",1
"j_3840",1,"L","C","26",1
"j_3841",0,"L","Q","24",1
"j_3842",0,"L","H","24",1
"j_3843",1,"L","C","24",1
"j_3844",1,"L","C","24",1
"j_3845",1,"L","C","24",1
"j_3846",0,"L","M","24",1
"j_3847",1,"L","G","24",1
"j_3848",1,"L","G","24",1
"j_3849",0,"L","K.L","24",1
"j_3850",1,"S","K.L","24",7
"j_3851",1,"L","J","24",1
"j_3852",1,"L","C","24",1
"j_3853",1,"S","F","24",78
"j_3854",1,"L","M","24",1
"j_3855",1,"L","N","24",2
"j_3856",1,"S","R.S","24",58
"j_3857",1,"L","C","12",1
"j_3858",0,"L","D.E","14",1
"j_3859",0,"L","D.E","06",1
"j_3860",0,"L","D.E","10",1
"j_3861",0,"L","D.E","04",1
"j_3862",1,"L","G","24",1
"j_3863",1,"S","H","24",35
"j_3864",1,"L","G","24",1
"j_3865",1,"L","G","24",1
"j_3866",0,"L","I","24",1
"j_3867",0,"L","D.E","24",1
"j_3868",1,"S","G","24",136
"j_3869",1,"L","C","24",1
"j_3870",1,"L","C","24",1
"j_3871",1,"L","C","24",1
"j_3872",1,"L","C","02",1
"j_3873",1,"L","C","24",1
"j_3874",1,"M","Q","24",12
"j_3875",1,"L","F","24",1
"j_3876",1,"L","M","30",1
"j_3877",1,"L","C","24",1
"j_3878",1,"L","C","16",1
"j_3879",0,"L","H","24",1
"j_3880",1,"S","H","24",36
"j_3881",0,"L","H","24",1
"j_3882",1,"L","C","24",1
"j_3883",1,"L","G","24",2
"j_3884",0,"L","H","24",1
"j_3885",1,"M","D.E","12",1
"j_3886",1,"L","Q","24",1
"j_3887",0,"M","Q","24",12
"j_3888",1,"L","C","24",1
"j_3889",1,"L","F","24",1
"j_3890",1,"M","F","24",22
"j_3891",1,"L","C","26",1
"j_3892",1,"L","C","24",1
"j_3893",1,"L","C","30",1
"j_3894",1,"L","C","24",1
"j_3895",0,"L","D.E","24",1
"j_3896",1,"L","C","24",1
"j_3897",0,"L","C","24",1
"j_3898",1,"L","C","24",1
"j_3899",1,"M","G","24",20
"j_3900",1,"L","C","24",1
"j_3901",1,"L","C","24",1
"j_3902",1,"L","F","24",2
"j_3903",1,"L","G","24",2
"j_3904",0,"L","Q","24",1
"j_3905",1,"L","H","24",2
"j_3906",0,"L","Q","24",1
"j_3907",0,"L","J","24",1
"j_3908",1,"M","K.L","24",8
"j_3909",0,"M","K.L","24",7
"j_3910",0,"L","Q","24",1
"j_3911",1,"L","C","24",20
"j_3912",0,"L","O","24",1
"j_3913",0,"L","O","24",1
"j_3914",0,"L","O","24",1
"j_3915",0,"L","O","24",1
"j_3916",0,"S","O","12",1
"j_3917",0,"L","O","24",1
"j_3918",0,"L","H","24",2
"j_3919",0,"M","Q","24",12
"j_3920",0,"S","O","24",1
"j_3921",0,"M","O","24",6
"j_3922",0,"S","O","24",1
"j_3923",0,"S","O","24",1
"j_3924",1,"M","I","24",43
"j_3925",0,"M","R.S","24",9
"j_3926",0,"L","P","24",6
"j_3927",1,"L","G","24",1
"j_3928",0,"L","F","24",1
"j_3929",0,"L","D.E","24",1
"j_3930",0,"L","Q","24",1
"j_3931",0,"L","K.L","24",1
"j_3932",1,"M","N","16",9
"j_3933",0,"M","Q","24",12
"j_3934",0,"L","K.L","24",1
"j_3935",1,"L","C","24",1
"j_3936",0,"M","H","24",23
"j_3937",1,"L","C","24",1
"j_3938",0,"L","Q","24",1
"j_3939",1,"L","G","24",1
"j_3940",1,"M","H","20",2
"j_3941",0,"L","O","24",6
"j_3942",0,"L","O","24",1
"j_3943",1,"L","C","24",1
"j_3944",1,"L","C","24",1
"j_3945",0,"L","R.S","24",1
"j_3946",1,"S","D.E","24",3
"j_3947",1,"L","G","24",1
"j_3948",1,"L","J","14",1
"j_3949",1,"L","N","24",1
"j_3950",1,"S","C","24",53
"j_3951",1,"S","H","24",36
"j_3952",1,"S","G","24",403
"j_3953",1,"L","C","24",1
"j_3954",1,"L","H","24",1
"j_3955",1,"M","F","24",18
"j_3956",1,"S","M","24",84
"j_3957",0,"M","R.S","24",1
"j_3958",1,"S","Q","24",17
"j_3959",1,"S","H","24",36
"j_3960",1,"L","C","24",1
"j_3961",1,"L","C","16",1
"j_3962",0,"L","H","24",1
"j_3963",0,"L","H","30",1
"j_3964",0,"L","H","24",1
"j_3965",1,"L","F","24",1
"j_3966",1,"L","F","24",1
"j_3967",1,"M","F","24",1
"j_3968",1,"L","J","24",1
"j_3969",1,"S","K.L","24",6
"j_3970",1,"L","N","24",1
"j_3971",0,"L","O","24",1
"j_3972",1,"L","C","24",1
"j_3973",1,"L","C","24",1
"j_3974",1,"L","G","24",2
"j_3975",1,"L","G","24",1
"j_3976",1,"L","F","24",1
"j_3977",1,"L","G","24",2
"j_3978",1,"L","C","24",1
"j_3979",1,"L","C","24",1
"j_3980",1,"M","M","24",1
"j_3981",1,"L","J","12",2
"j_3982",1,"M","D.E","24",7
"j_3983",1,"L","F","24",2
"j_3984",0,"L","C","24",1
"j_3985",1,"L","F","24",1
"j_3986",1,"S","M","24",84
"j_3987",1,"L","N","24",1
"j_3988",1,"L","F","24",1
"j_3989",1,"S","C","24",52
"j_3990",1,"L","N","24",2
"j_3991",1,"L","G","24",1
"j_3992",0,"L","D.E","24",1
"j_3993",1,"L","P","24",6
"j_3994",0,"L","Q","24",12
"j_3995",1,"S","F","24",275
"j_3996",1,"L","Q","24",1
"j_3997",1,"L","F","24",1
"j_3998",1,"L","F","24",2
"j_3999",1,"M","M","24",1
"j_4000",1,"L","F","24",1
"j_4001",1,"L","C","24",1
"j_4002",1,"L","J","24",1
"j_4003",1,"L","Q","28",1
"j_4004",1,"M","H","28",1
"j_4005",1,"S","F","28",73
"j_4006",1,"S","C","28",46
"j_4007",1,"L","H","28",1
"j_4008",1,"S","F","28",222
"j_4009",1,"L","C","28",1
"j_4010",0,"M","R.S","28",1
"j_4011",0,"L","D.E","28",1
"j_4012",0,"L","O","28",1
"j_4013",1,"M","I","28",10
"j_4014",1,"M","F","28",2
"j_4015",1,"L","G","28",2
"j_4016",1,"M","I","28",9
"j_4017",1,"L","C","28",1
"j_4018",0,"L","P","28",1
"j_4019",1,"L","C","28",1
"j_4020",1,"M","K.L","28",2
"j_4021",1,"L","C","28",1
"j_4022",1,"L","Q","28",1
"j_4023",1,"L","Q","28",1
"j_4024",1,"M","H","28",7
"j_4025",0,"M","D.E","28",1
"j_4026",1,"S","G","28",258
"j_4027",1,"M","C","28",15
"j_4028",1,"S","N","28",19
"j_4029",1,"L","C","26",1
"j_4030",1,"L","F","26",1
"j_4031",0,"L","O","26",1
"j_4032",0,"M","D.E","26",1
"j_4033",1,"L","D.E","26",1
"j_4034",1,"L","C","26",1
"j_4035",1,"L","C","26",1
"j_4036",1,"L","C","26",1
"j_4037",1,"M","C","26",19
"j_4038",1,"L","H","26",2
"j_4039",1,"M","H","26",35
"j_4040",1,"M","H","26",11
"j_4041",1,"M","G","26",1
"j_4042",1,"L","G","26",1
"j_4043",0,"L","J","26",1
"j_4044",1,"L","H","26",2
"j_4045",1,"L","N","26",2
"j_4046",1,"M","F","26",1
"j_4047",1,"L","J","26",1
"j_4048",1,"L","C","26",1
"j_4049",1,"L","G","26",2
"j_4050",1,"L","N","26",2
"j_4051",1,"L","C","24",1
"j_4052",1,"M","J","26",2
"j_4053",1,"M","J","26",1
"j_4054",1,"L","C","32",2
"j_4055",1,"L","C","26",1
"j_4056",1,"L","G","26",1
"j_4057",1,"M","F","26",13
"j_4058",1,"S","N","26",21
"j_4059",1,"M","K.L","26",1
"j_4060",1,"L","C","26",1
"j_4061",1,"L","F","26",1
"j_4062",1,"L","G","26",2
"j_4063",1,"L","G","26",1
"j_4064",1,"M","J","26",1
"j_4065",1,"L","D.E","26",1
"j_4066",1,"L","H","26",1
"j_4067",1,"L","C","26",1
"j_4068",1,"L","C","26",1
"j_4069",1,"L","C","26",2
"j_4070",1,"L","G","26",2
"j_4071",1,"L","K.L","26",1
"j_4072",0,"L","O","26",1
"j_4073",0,"L","O","26",1
"j_4074",0,"L","O","26",1
"j_4075",0,"S","O","26",1
"j_4076",0,"S","O","26",1
"j_4077",0,"S","O","26",1
"j_4078",1,"M","J","26",2
"j_4079",0,"S","O","26",1
"j_4080",0,"L","R.S","26",1
"j_4081",1,"L","C","16",1
"j_4082",0,"M","D.E","26",1
"j_4083",1,"M","C","26",19
"j_4084",1,"M","F","26",2
"j_4085",1,"L","C","26",1
"j_4086",1,"L","G","12",1
"j_4087",0,"L","Q","26",1
"j_4088",1,"M","I","26",2
"j_4089",0,"L","P","26",1
"j_4090",0,"L","P","26",1
"j_4091",0,"L","Q","26",1
"j_4092",1,"L","C","26",1
"j_4093",0,"M","M","26",2
"j_4094",1,"L","H","26",1
"j_4095",0,"M","P","26",8
"j_4096",1,"L","C","26",15
"j_4097",1,"M","D.E","24",13
"j_4098",1,"M","M","26",2
"j_4099",1,"M","C","26",19
"j_4100",1,"M","D.E","26",1
"j_4101",1,"M","F","26",1
"j_4102",0,"L","Q","26",1
"j_4103",1,"L","C","26",1
"j_4104",1,"L","C","26",1
"j_4105",0,"M","M","26",2
"j_4106",0,"L","C","26",1
"j_4107",1,"M","M","26",7
"j_4108",0,"M","O","26",4
"j_4109",1,"L","G","26",2
"j_4110",1,"L","C","12",1
"j_4111",1,"L","F","30",1
"j_4112",1,"L","G","30",1
"j_4113",1,"L","J","30",1
"j_4114",1,"L","C","12",1
"j_4115",1,"M","M","30",1
"j_4116",1,"L","Q","30",1
"j_4117",1,"M","J","30",2
"j_4118",1,"L","C","30",1
"j_4119",1,"L","I","30",1
"j_4120",1,"L","M","30",2
"j_4121",1,"L","F","30",1
"j_4122",1,"L","F","30",1
"j_4123",0,"L","Q","30",1
"j_4124",1,"S","F","30",367
"j_4125",1,"S","F","30",124
"j_4126",1,"L","C","30",1
"j_4127",1,"S","H","30",34
"j_4128",1,"L","C","30",1
"j_4129",1,"L","H","30",1
"j_4130",1,"L","M","30",1
"j_4131",1,"L","C","30",1
"j_4132",1,"L","N","30",1
"j_4133",1,"L","C","30",1
"j_4134",1,"L","C","30",1
"j_4135",1,"L","C","30",1
"j_4136",1,"L","F","30",1
"j_4137",1,"L","C","32",1
"j_4138",1,"M","I","30",2
"j_4139",1,"L","C","32",1
"j_4140",1,"L","C","30",1
"j_4141",1,"L","F","14",1
"j_4142",0,"M","R.S","30",1
"j_4143",1,"L","R.S","30",2
"j_4144",1,"L","C","30",2
"j_4145",1,"L","H","30",2
"j_4146",1,"S","C","30",58
"j_4147",1,"M","F","30",19
"j_4148",1,"L","C","30",1
"j_4149",1,"L","J","30",2
"j_4150",1,"L","C","30",18
"j_4151",1,"L","C","30",1
"j_4152",1,"L","C","30",1
"j_4153",1,"S","H","30",35
"j_4154",1,"M","I","30",1
"j_4155",1,"L","G","30",1
"j_4156",1,"L","F","30",1
"j_4157",0,"L","O","30",1
"j_4158",1,"S","N","30",32
"j_4159",1,"L","C","30",2
"j_4160",1,"L","H","30",1
"j_4161",0,"M","R.S","30",1
"j_4162",0,"L","H","30",1
"j_4163",0,"L","O","30",1
"j_4164",0,"M","P","30",7
"j_4165",1,"M","G","10",15
"j_4166",1,"L","D.E","30",1
"j_4167",0,"M","H","30",24
"j_4168",1,"M","H","30",40
"j_4169",1,"M","F","30",1
"j_4170",1,"S","N","30",32
"j_4171",1,"S","N","30",15
"j_4172",1,"M","M","30",14
"j_4173",1,"L","G","30",1
"j_4174",1,"L","C","30",1
"j_4175",1,"M","D.E","14",1
"j_4176",1,"M","K.L","30",1
"j_4177",0,"L","R.S","30",1
"j_4178",1,"L","Q","02",1
"j_4179",1,"L","C","30",1
"j_4180",1,"S","F","30",367
"j_4181",1,"L","C","30",1
"j_4182",1,"L","F","30",1
"j_4183",1,"S","J","30",16
"j_4184",0,"L","Q","30",2
"j_4185",1,"M","C","30",18
"j_4186",1,"L","G","04",1
"j_4187",1,"M","G","08",1
"j_4188",1,"L","H","30",1
"j_4189",1,"M","J","30",1
"j_4190",1,"L","H","30",2
"j_4191",1,"L","M","30",1
"j_4192",0,"M","O","30",5
"j_4193",0,"M","M","30",1
"j_4194",1,"L","C","30",1
"j_4195",0,"L","M","30",1
"j_4196",1,"L","F","30",1
"j_4197",1,"L","C","30",1
"j_4198",1,"L","C","30",1
"j_4199",1,"L","F","30",2
"j_4200",0,"L","Q","30",1
"j_4201",1,"L","N","30",1
"j_4202",1,"S","C","30",58
"j_4203",1,"L","G","30",2
"j_4204",0,"L","D.E","30",1
"j_4205",1,"L","C","30",1
"j_4206",1,"L","C","30",1
"j_4207",1,"M","R.S","30",2
"j_4208",1,"L","N","30",1
"j_4209",1,"L","C","08",1
"j_4210",1,"M","R.S","30",1
"j_4211",1,"S","H","30",34
"j_4212",1,"L","J","14",1
"j_4213",1,"M","R.S","30",2
"j_4214",1,"L","N","30",2
"j_4215",0,"S","D.E","30",1
"j_4216",0,"L","D.E","30",1
"j_4217",1,"M","M","30",1
"j_4218",1,"L","N","04",1
"j_4219",1,"S","N","30",33
"j_4220",1,"M","P","30",8
"j_4221",1,"S","I","30",35
"j_4222",0,"L","P","30",1
"j_4223",1,"M","P","30",9
"j_4224",1,"L","C","30",1
"j_4225",0,"L","P","30",1
"j_4226",1,"S","Q","30",19
"j_4227",1,"L","G","04",1
"j_4228",1,"L","G","30",2
"j_4229",1,"L","P","30",1
"j_4230",1,"L","H","30",1
"j_4231",1,"L","C","30",1
"j_4232",1,"M","F","30",1
"j_4233",1,"L","C","30",1
"j_4234",1,"L","F","30",1
"j_4235",1,"L","C","30",1
"j_4236",1,"L","C","30",18
"j_4237",1,"L","F","30",1
"j_4238",1,"M","J","30",1
"j_4239",1,"M","J","30",10
"j_4240",1,"M","D.E","30",6
"j_4241",1,"L","C","30",2
"j_4242",1,"M","H","30",40
"j_4243",1,"M","G","24",20
"j_4244",0,"L","D.E","30",1
"j_4245",1,"S","N","30",14
"j_4246",1,"M","H","30",40
"j_4247",1,"L","M","30",2
"j_4248",1,"L","G","30",1
"j_4249",1,"M","G","30",30
"j_4250",1,"L","C","08",1
"j_4251",1,"L","N","30",1
"j_4252",1,"M","J","30",11
"j_4253",1,"L","M","30",2
"j_4254",1,"L","M","12",1
"j_4255",0,"L","P","30",7
"j_4256",0,"S","P","30",16
"j_4257",1,"S","R.S","30",3
"j_4258",1,"M","F","30",19
"j_4259",1,"L","I","12",1
"j_4260",1,"L","C","30",1
"j_4261",1,"L","F","30",1
"j_4262",1,"L","C","30",1
"j_4263",1,"L","C","30",1
"j_4264",1,"M","H","30",24
"j_4265",1,"L","G","30",2
"j_4266",1,"L","C","30",18
"j_4267",1,"L","G","30",1
"j_4268",0,"M","K.L","30",1
"j_4269",0,"L","O","30",1
"j_4270",1,"S","C","30",59
"j_4271",1,"L","C","30",18
"j_4272",1,"S","Q","30",19
"j_4273",1,"M","D.E","30",6
"j_4274",1,"L","N","14",1
"j_4275",1,"L","K.L","32",1
"j_4276",1,"L","F","32",1
"j_4277",0,"S","O","32",1
"j_4278",1,"M","H","32",13
"j_4279",1,"L","C","32",1
"j_4280",1,"L","H","32",1
"j_4281",1,"L","C","32",1
"j_4282",1,"S","J","32",15
"j_4283",1,"L","R.S","32",1
"j_4284",1,"L","C","32",2
"j_4285",1,"L","H","32",1
"j_4286",1,"S","N","32",12
"j_4287",1,"M","N","32",13
"j_4288",0,"M","P","32",6
"j_4289",1,"L","C","32",1
"j_4290",1,"S","C","32",15
"j_4291",1,"L","I","32",1
"j_4292",1,"L","H","32",1
"j_4293",1,"M","F","32",2
"j_4294",0,"L","Q","32",1
"j_4295",1,"S","F","32",343
"j_4296",1,"S","J","14",9
"j_4297",1,"L","J","32",1
"j_4298",0,"L","H","32",1
"j_4299",1,"L","C","32",1
"j_4300",0,"L","Q","32",1
"j_4301",0,"L","R.S","32",1
"j_4302",1,"L","C","32",1
"j_4303",1,"L","C","32",1
"j_4304",0,"M","P","32",7
"j_4305",1,"M","H","32",1
"j_4306",0,"L","K.L","32",1
"j_4307",1,"M","F","08",2
"j_4308",1,"S","R.S","32",4
"j_4309",0,"M","P","32",7
"j_4310",1,"L","I","32",1
"j_4311",1,"S","N","32",38
"j_4312",1,"S","G","08",275
"j_4313",1,"L","C","32",1
"j_4314",1,"L","C","32",1
"j_4315",0,"M","Q","32",8
"j_4316",1,"L","N","32",1
"j_4317",0,"L","Q","32",1
"j_4318",1,"S","R.S","32",53
"j_4319",1,"L","C","32",1
"j_4320",1,"M","J","32",1
"j_4321",1,"L","F","32",1
"j_4322",1,"L","N","32",1
"j_4323",1,"M","N","32",12
"j_4324",1,"L","C","32",1
"j_4325",0,"L","P","32",1
"j_4326",1,"M","C","32",16
"j_4327",1,"L","C","32",1
"j_4328",0,"L","Q","32",1
"j_4329",0,"M","R.S","32",1
"j_4330",1,"M","J","32",1
"j_4331",1,"L","G","32",1
"j_4332",1,"M","F","32",1
"j_4333",1,"S","R.S","32",5
"j_4334",1,"L","C","32",1
"j_4335",1,"L","C","32",1
"j_4336",1,"L","C","14",1
"j_4337",1,"S","H","32",102
"j_4338",1,"M","F","32",12
"j_4339",1,"L","G","32",2
"j_4340",0,"L","Q","32",1
"j_4341",1,"L","C","32",1
"j_4342",1,"M","F","32",1
"j_4343",0,"L","D.E","32",1
"j_4344",0,"M","R.S","32",5
"j_4345",1,"L","F","32",1
"j_4346",1,"L","C","32",1
"j_4347",1,"L","C","32",1
"j_4348",0,"L","D.E","32",1
"j_4349",1,"S","D.E","32",2
"j_4350",0,"L","H","32",1
"j_4351",1,"S","I","32",72
"j_4352",0,"M","K.L","32",1
"j_4353",0,"L","R.S","32",1
"j_4354",1,"L","F","32",1
"j_4355",1,"L","C","32",1
"j_4356",1,"L","C","32",1
"j_4357",1,"L","F","32",1
"j_4358",1,"S","J","32",7
"j_4359",1,"L","C","32",1
"j_4360",1,"L","C","28",1
"j_4361",1,"L","C","32",1
"j_4362",0,"L","K.L","32",1
"j_4363",1,"M","F","32",2
"j_4364",1,"L","C","32",1
"j_4365",0,"L","D.E","32",1
"j_4366",0,"L","Q","32",1
"j_4367",1,"L","I","32",1
"j_4368",0,"L","O","32",1
"j_4369",1,"L","I","32",1
"j_4370",0,"M","O","32",5
"j_4371",0,"M","O","32",5
"j_4372",0,"M","O","32",5
"j_4373",0,"M","O","32",5
"j_4374",1,"M","D.E","32",1
"j_4375",0,"L","K.L","32",1
"j_4376",0,"L","O","32",1
"j_4377",1,"M","K.L","32",12
"j_4378",1,"S","N","22",10
"j_4379",0,"L","Q","32",1
"j_4380",1,"S","R.S","32",4
"j_4381",0,"M","R.S","32",1
"j_4382",1,"M","I","32",1
"j_4383",1,"L","H","32",1
"j_4384",1,"M","I","32",10
"j_4385",1,"M","F","32",1
"j_4386",1,"L","C","04",1
"j_4387",1,"L","C","04",1
"j_4388",1,"L","F","04",1
"j_4389",1,"S","Q","04",21
"j_4390",1,"M","G","04",16
"j_4391",1,"L","K.L","04",1
"j_4392",0,"L","Q","04",1
"j_4393",0,"L","Q","04",11
"j_4394",1,"L","C","04",2
"j_4395",1,"L","C","04",1
"j_4396",1,"L","H","04",1
"j_4397",0,"L","D.E","04",1
"j_4398",1,"L","H","04",1
"j_4399",1,"S","J","04",15
"j_4400",1,"S","H","04",44
"j_4401",1,"L","G","04",1
"j_4402",1,"L","C","04",1
"j_4403",0,"L","Q","04",1
"j_4404",1,"L","C","04",1
"j_4405",1,"L","C","04",1
"j_4406",1,"L","C","04",1
"j_4407",1,"S","C","04",52
"j_4408",1,"L","G","04",1
"j_4409",1,"S","J","04",16
"j_4410",0,"M","Q","04",10
"j_4411",1,"L","G","04",1
"j_4412",1,"L","C","04",1
"j_4413",1,"M","J","04",1
"j_4414",0,"M","K.L","04",1
"j_4415",1,"L","C","04",1
"j_4416",1,"L","C","04",1
"j_4417",1,"L","C","04",1
"j_4418",0,"L","I","04",1
"j_4419",1,"M","C","04",132
"j_4420",1,"L","Q","04",1
"j_4421",1,"M","F","04",14
"j_4422",1,"L","H","04",2
"j_4423",0,"L","R.S","04",1
"j_4424",1,"M","P","04",8
"j_4425",1,"S","Q","04",11
"j_4426",1,"S","N","04",17
"j_4427",1,"L","G","04",1
"j_4428",1,"M","F","04",2
"j_4429",1,"M","F","04",13
"j_4430",1,"L","C","04",1
"j_4431",1,"L","C","04",1
"j_4432",1,"L","N","14",1
"j_4433",1,"L","C","04",1
"j_4434",1,"L","C","14",1
"j_4435",1,"L","C","04",1
"j_4436",1,"M","H","04",17
"j_4437",1,"S","N","04",10
"j_4438",1,"L","C","04",1
"j_4439",1,"L","K.L","12",1
"j_4440",1,"M","F","12",1
"j_4441",1,"L","C","12",1
"j_4442",1,"L","G","12",2
"j_4443",0,"M","O","12",5
"j_4444",1,"L","F","12",1
"j_4445",1,"L","C","12",1
"j_4446",1,"L","C","24",1
"j_4447",0,"L","O","12",1
"j_4448",1,"S","N","12",33
"j_4449",1,"M","H","12",28
"j_4450",1,"L","C","24",1
"j_4451",1,"M","F","12",18
"j_4452",1,"M","N","12",15
"j_4453",1,"L","G","12",1
"j_4454",1,"L","G","12",1
"j_4455",1,"L","J","12",1
"j_4456",1,"L","M","12",2
"j_4457",0,"L","Q","12",1
"j_4458",1,"L","F","12",2
"j_4459",1,"L","F","12",1
"j_4460",1,"L","J","12",1
"j_4461",1,"L","I","12",1
"j_4462",1,"L","G","12",1
"j_4463",1,"M","F","12",1
"j_4464",1,"L","K.L","22",1
"j_4465",1,"L","C","12",1
"j_4466",1,"L","C","12",1
"j_4467",1,"L","C","04",1
"j_4468",1,"L","C","12",1
"j_4469",0,"L","D.E","12",1
"j_4470",1,"L","C","12",1
"j_4471",1,"L","I","12",1
"j_4472",0,"L","D.E","12",1
"j_4473",1,"L","C","12",1
"j_4474",1,"L","C","12",1
"j_4475",1,"L","C","12",2
"j_4476",1,"L","M","12",1
"j_4477",1,"S","F","12",84
"j_4478",1,"L","C","12",1
"j_4479",1,"L","C","12",1
"j_4480",1,"M","D.E","16",1
"j_4481",1,"L","N","14",1
"j_4482",1,"L","F","12",2
"j_4483",1,"L","G","12",594
"j_4484",1,"M","R.S","12",36
"j_4485",1,"L","G","12",1
"j_4486",1,"L","C","12",1
"j_4487",1,"L","G","12",1
"j_4488",1,"L","G","12",1
"j_4489",1,"L","C","12",1
"j_4490",1,"L","C","12",1
"j_4491",1,"L","C","12",1
"j_4492",1,"L","C","12",1
"j_4493",1,"L","C","12",2
"j_4494",0,"L","D.E","12",1
"j_4495",1,"M","N","12",15
"j_4496",1,"S","C","12",196
"j_4497",1,"M","F","12",22
"j_4498",1,"L","G","12",1
"j_4499",1,"L","G","12",1
"j_4500",1,"L","F","12",1
"j_4501",1,"L","J","12",1
"j_4502",1,"M","J","12",12
"j_4503",1,"L","F","14",1
"j_4504",1,"L","M","12",1
"j_4505",1,"L","G","12",1
"j_4506",1,"L","C","12",1
"j_4507",1,"L","G","12",1
"j_4508",1,"M","H","12",2
"j_4509",0,"L","D.E","12",1
"j_4510",1,"L","C","12",1
"j_4511",1,"L","C","12",19
"j_4512",1,"L","G","14",1
"j_4513",1,"L","C","12",1
"j_4514",1,"S","Q","12",18
"j_4515",1,"L","G","02",1
"j_4516",1,"M","C","12",24
"j_4517",1,"M","Q","18",10
"j_4518",1,"L","N","12",2
"j_4519",1,"L","G","12",2
"j_4520",0,"L","Q","12",1
"j_4521",1,"L","C","12",1
"j_4522",1,"L","G","12",2
"j_4523",0,"L","Q","12",1
"j_4524",0,"L","R.S","12",1
"j_4525",1,"L","J","12",1
"j_4526",1,"L","G","12",1
"j_4527",0,"L","O","12",1
"j_4528",0,"L","O","12",1
"j_4529",1,"L","N","06",1
"j_4530",0,"L","Q","12",1
"j_4531",0,"S","O","12",1
"j_4532",1,"M","N","12",10
"j_4533",1,"L","G","12",1
"j_4534",0,"L","N","12",1
"j_4535",1,"L","G","12",1
"j_4536",1,"M","F","12",19
"j_4537",1,"L","M","12",1
"j_4538",1,"L","H","14",2
"j_4539",1,"L","N","12",2
"j_4540",1,"L","G","14",1
"j_4541",1,"S","F","12",310
"j_4542",1,"M","F","12",18
"j_4543",1,"L","C","12",1
"j_4544",1,"S","D.E","12",2
"j_4545",1,"M","F","12",1
"j_4546",1,"L","M","12",1
"j_4547",1,"L","G","12",2
"j_4548",1,"M","C","12",20
"j_4549",0,"L","M","14",1
"j_4550",1,"M","G","12",23
"j_4551",1,"L","J","12",1
"j_4552",1,"S","F","12",310
"j_4553",1,"M","J","12",10
"j_4554",1,"L","G","12",1
"j_4555",1,"L","D.E","24",1
"j_4556",1,"S","M","12",37
"j_4557",1,"S","R.S","12",61
"j_4558",1,"M","F","12",2
"j_4559",1,"L","Q","12",1
"j_4560",1,"M","M","12",1
"j_4561",1,"L","C","12",1
"j_4562",1,"S","Q","12",17
"j_4563",1,"L","C","12",1
"j_4564",0,"L","M","12",2
"j_4565",0,"M","R.S","12",1
"j_4566",1,"L","G","12",1
"j_4567",1,"L","I","12",1
"j_4568",1,"L","I","12",1
"j_4569",1,"L","I","12",1
"j_4570",1,"L","I","12",1
"j_4571",1,"L","I","12",1
"j_4572",1,"L","I","12",1
"j_4573",1,"L","I","12",1
"j_4574",1,"L","D.E","12",1
"j_4575",0,"L","Q","12",1
"j_4576",0,"L","O","12",1
"j_4577",0,"M","O","12",5
"j_4578",1,"L","F","12",1
"j_4579",1,"L","N","12",1
"j_4580",1,"L","F","12",1
"j_4581",1,"L","C","12",1
"j_4582",1,"M","C","12",20
"j_4583",1,"M","K.L","24",1
"j_4584",1,"L","C","12",1
"j_4585",1,"L","C","12",1
"j_4586",1,"L","M","12",1
"j_4587",1,"L","C","12",1
"j_4588",0,"L","M","12",1
"j_4589",1,"M","F","12",21
"j_4590",1,"M","Q","12",12
"j_4591",1,"M","C","12",19
"j_4592",1,"L","C","30",1
"j_4593",1,"S","Q","12",17
"j_4594",1,"L","C","02",1
"j_4595",1,"L","C","14",1
"j_4596",1,"L","C","04",1
"j_4597",1,"M","F","04",2
"j_4598",1,"L","C","10",2
"j_4599",0,"L","Q","32",1
"j_4600",1,"L","C","02",1
"j_4601",1,"M","C","28",15
"j_4602",1,"L","J","10",1
"j_4603",1,"M","Q","22",13
"j_4604",1,"L","G","14",1
"j_4605",1,"L","N","32",2
"j_4606",1,"L","F","30",1
"j_4607",1,"L","G","30",1
"j_4608",1,"M","M","30",1
"j_4609",1,"L","J","12",1
"j_4610",0,"M","R.S","26",1
"j_4611",1,"S","M","14",36
"j_4612",1,"S","K.L","04",12
"j_4613",1,"M","I","30",2
"j_4614",1,"L","M","22",1
"j_4615",1,"L","C","32",1
"j_4616",1,"M","N","24",17
"j_4617",1,"L","N","30",1
"j_4618",1,"S","Q","12",11
"j_4619",1,"L","C","30",1
"j_4620",0,"M","R.S","20",1
"j_4621",1,"L","I","14",1
"j_4622",1,"S","Q","22",19
"j_4623",1,"L","K.L","32",1
"j_4624",1,"L","K.L","24",1
"j_4625",1,"L","C","16",1
"j_4626",1,"L","D.E","28",1
"j_4627",1,"S","P","22",12
"j_4628",1,"S","F","24",78
"j_4629",1,"L","J","14",1
"j_4630",1,"L","C","26",1
"j_4631",1,"L","C","10",1
"j_4632",1,"L","M","22",1
"j_4633",1,"M","G","28",10
"j_4634",1,"L","I","14",1
"j_4635",1,"L","Q","02",2
"j_4636",1,"S","R.S","14",4
"j_4637",1,"L","J","24",1
"j_4638",1,"L","N","30",1
"j_4639",1,"M","F","24",18
"j_4640",1,"M","J","32",1
"j_4641",1,"L","N","14",1
"j_4642",1,"L","F","14",1
"j_4643",1,"L","H","30",1
"j_4644",1,"S","H","26",32
"j_4645",1,"L","N","20",2
"j_4646",1,"M","F","30",19
"j_4647",1,"L","M","10",1
"j_4648",1,"M","C","08",15
"j_4649",1,"L","C","02",1
"j_4650",0,"S","R.S","02",4
"j_4651",1,"L","I","12",1
"j_4652",1,"L","G","06",1
"j_4653",1,"L","C","24",2
"j_4654",1,"S","K.L","22",11
"j_4655",1,"L","H","12",1
"j_4656",1,"L","K.L","14",1
"j_4657",1,"M","I","14",1
"j_4658",1,"L","N","24",1
"j_4659",1,"L","F","14",1
"j_4660",1,"S","N","14",17
"j_4661",1,"M","J","22",9
"j_4662",1,"L","C","14",1
"j_4663",1,"S","R.S","30",18
"j_4664",0,"L","O","04",4
"j_4665",1,"L","J","02",1
"j_4666",1,"M","D.E","14",2
"j_4667",1,"L","G","14",1
"j_4668",1,"M","F","30",1
"j_4669",1,"M","J","14",20
"j_4670",0,"L","P","32",1
"j_4671",1,"L","C","02",1
"j_4672",1,"L","F","30",1
"j_4673",1,"L","H","14",1
"j_4674",0,"L","D.E","20",1
"j_4675",1,"L","J","02",1
"j_4676",1,"L","H","32",1
"j_4677",1,"L","J","14",1
"j_4678",1,"L","F","14",2
"j_4679",1,"S","D.E","06",2
"j_4680",1,"L","G","14",2
"j_4681",1,"L","M","30",1
"j_4682",1,"L","C","30",1
"j_4683",1,"M","I","02",1
"j_4684",0,"M","M","26",6
"j_4685",1,"L","I","14",1
"j_4686",1,"S","N","24",10
"j_4687",0,"M","M","28",1
"j_4688",0,"L","P","02",1
"j_4689",1,"L","C","24",21
"j_4690",0,"M","D.E","20",2
"j_4691",1,"L","M","14",1
"j_4692",1,"L","C","04",1
"j_4693",0,"M","P","02",6
"j_4694",1,"L","H","32",1
"j_4695",0,"M","D.E","28",5
"j_4696",1,"L","C","08",1
"j_4697",1,"L","M","12",1
"j_4698",1,"L","C","14",1
"j_4699",0,"L","P","14",1
"j_4700",1,"S","K.L","14",8
"j_4701",1,"L","N","14",2
"j_4702",1,"S","P","14",18
"j_4703",1,"M","G","14",26
"j_4704",1,"L","N","12",1
"j_4705",1,"S","K.L","14",15
"j_4706",1,"L","R.S","12",1
"j_4707",1,"S","I","30",68
"j_4708",1,"S","J","16",4
"j_4709",1,"L","J","12",2
"j_4710",1,"S","D.E","32",1
"j_4711",1,"L","I","24",1
"j_4712",1,"M","G","18",1
"j_4713",0,"M","Q","14",18
"j_4714",0,"M","D.E","26",1
"j_4715",1,"L","G","22",1
"j_4716",0,"S","J","14",9
"j_4717",1,"M","F","04",1
"j_4718",1,"L","F","30",1
"j_4719",1,"L","G","22",1
"j_4720",1,"L","C","30",1
"j_4721",1,"S","Q","10",15
"j_4722",1,"M","D.E","24",14
"j_4723",1,"L","C","16",1
"j_4724",1,"L","G","12",1
"j_4725",1,"M","F","20",15
"j_4726",1,"M","H","32",21
"j_4727",1,"M","H","32",1
"j_4728",1,"L","K.L","14",1
"j_4729",1,"S","K.L","10",13
"j_4730",1,"L","J","10",2
"j_4731",1,"L","F","22",1
"j_4732",1,"M","H","32",1
"j_4733",1,"M","F","16",20
"j_4734",1,"L","C","30",1
"j_4735",1,"S","M","02",31
"j_4736",1,"L","N","12",2
"j_4737",0,"L","O","14",1
"j_4738",0,"L","O","14",1
"j_4739",0,"M","I","04",2
"j_4740",1,"L","C","08",1
"j_4741",0,"M","O","02",5
"j_4742",1,"L","P","06",1
"j_4743",1,"L","Q","08",1
"j_4744",1,"M","M","02",2
"j_4745",1,"L","C","30",2
"j_4746",0,"M","K.L","08",1
"j_4747",1,"S","J","12",8
"j_4748",1,"M","C","28",16
"j_4749",1,"L","F","14",1
"j_4750",1,"L","C","18",1
"j_4751",1,"L","G","24",2
"j_4752",1,"M","C","30",17
"j_4753",1,"L","C","24",1
"j_4754",1,"M","J","30",1
"j_4755",1,"M","M","08",2
"j_4756",1,"L","R.S","12",1
"j_4757",1,"S","D.E","14",2
"j_4758",1,"M","M","02",1
"j_4759",1,"M","J","14",20
"j_4760",1,"M","N","24",1
"j_4761",0,"L","R.S","24",1
"j_4762",1,"M","I","30",1
"j_4763",1,"S","K.L","14",13
"j_4764",1,"S","J","14",9
"j_4765",1,"M","J","30",10
"j_4766",0,"L","K.L","10",1
"j_4767",0,"S","O","20",1
"j_4768",1,"S","K.L","14",8
"j_4769",1,"M","C","12",1
"j_4770",1,"S","D.E","12",1
"j_4771",1,"S","I","22",27
"j_4772",1,"L","N","24",1
"j_4773",1,"M","C","14",34
"j_4774",1,"L","G","14",1
"j_4775",1,"S","C","22",45
"j_4776",1,"L","C","30",1
"j_4777",0,"L","R.S","10",1
"j_4778",1,"S","D.E","08",3
"j_4779",1,"L","C","04",1
"j_4780",1,"L","I","14",1
"j_4781",1,"M","G","24",24
"j_4782",1,"M","J","32",1
"j_4783",0,"S","R.S","14",8
"j_4784",1,"L","C","22",1
"j_4785",1,"L","C","02",1
"j_4786",1,"L","C","24",1
"j_4787",0,"L","P","14",1
"j_4788",0,"M","R.S","04",5
"j_4789",1,"L","M","30",1
"j_4790",1,"L","H","02",1
"j_4791",1,"L","C","26",1
"j_4792",1,"L","J","14",1
"j_4793",1,"L","C","20",1
"j_4794",1,"S","P","24",12
"j_4795",1,"M","C","24",30
"j_4796",1,"M","F","30",19
"j_4797",1,"L","C","24",1
"j_4798",1,"M","C","16",16
"j_4799",1,"L","C","28",1
"j_4800",1,"S","D.E","14",3
"j_4801",1,"S","P","22",16
"j_4802",1,"L","N","12",1
"j_4803",1,"M","M","18",1
"j_4804",0,"M","M","24",1
"j_4805",1,"M","H","04",2
"j_4806",1,"M","G","14",39
"j_4807",1,"L","I","14",2
"j_4808",1,"S","Q","14",13
"j_4809",1,"L","C","02",1
"j_4810",1,"M","J","14",14
"j_4811",1,"L","J","14",1
"j_4812",0,"L","P","22",1
"j_4813",1,"L","C","28",1
"j_4814",1,"M","K.L","10",1
"j_4815",0,"L","P","24",1
"j_4816",1,"M","P","02",7
"j_4817",1,"L","G","28",1
"j_4818",1,"L","C","02",1
"j_4819",1,"L","C","02",1
"j_4820",1,"L","H","14",1
"j_4821",1,"S","P","14",11
"j_4822",1,"S","P","02",10
"j_4823",1,"M","C","24",21
"j_4824",1,"M","P","14",10
"j_4825",1,"L","C","14",1
"j_4826",1,"L","M","14",1
"j_4827",0,"M","R.S","30",1
"j_4828",1,"L","J","30",1
"j_4829",1,"L","F","02",1
"j_4830",0,"L","M","22",1
"j_4831",1,"M","F","24",1
"j_4832",1,"L","I","14",1
"j_4833",0,"L","N","14",1
"j_4834",1,"M","D.E","30",10
"j_4835",1,"L","I","14",1
"j_4836",1,"M","C","24",30
"j_4837",1,"L","H","30",1
"j_4838",1,"S","P","10",15
"j_4839",1,"M","D.E","14",1
"j_4840",1,"L","N","30",1
"j_4841",1,"M","F","10",12
"j_4842",0,"S","Q","28",14
"j_4843",1,"L","C","10",1
"j_4844",1,"L","N","12",1
"j_4845",1,"L","N","12",2
"j_4846",1,"S","F","12",83
"j_4847",1,"L","C","02",16
"j_4848",1,"L","M","12",1
"j_4849",0,"L","H","04",2
"j_4850",1,"M","F","02",1
"j_4851",1,"S","R.S","08",6
"j_4852",1,"S","K.L","12",15
"j_4853",1,"L","F","24",2
"j_4854",0,"L","M","24",1
"j_4855",1,"M","I","18",10
"j_4856",1,"L","K.L","02",2
"j_4857",1,"L","G","18",1
"j_4858",0,"M","D.E","16",1
"j_4859",1,"L","J","02",1
"j_4860",1,"L","C","24",1
"j_4861",0,"S","D.E","12",1
"j_4862",0,"M","M","06",1
"j_4863",0,"L","O","24",1
"j_4864",1,"M","C","10",17
"j_4865",0,"L","K.L","30",1
"j_4866",1,"L","G","22",1
"j_4867",0,"M","M","28",11
"j_4868",1,"M","J","14",14
"j_4869",1,"S","J","14",21
"j_4870",1,"S","C","28",88
"j_4871",1,"M","J","04",2
"j_4872",1,"L","C","10",2
"j_4873",1,"L","C","10",2
"j_4874",1,"L","I","24",1
"j_4875",1,"L","M","14",1
"j_4876",1,"L","G","04",1
"j_4877",0,"M","D.E","16",1
"j_4878",1,"M","F","08",2
"j_4879",1,"L","M","30",1
"j_4880",0,"L","P","10",1
"j_4881",0,"L","D.E","12",1
"j_4882",1,"L","C","26",2
"j_4883",1,"M","F","28",1
"j_4884",1,"S","K.L","30",8
"j_4885",1,"S","C","24",52
"j_4886",1,"M","G","26",1
"j_4887",1,"L","J","14",1
"j_4888",1,"M","N","02",18
"j_4889",1,"L","G","26",1
"j_4890",1,"L","C","14",1
"j_4891",1,"L","C","32",1
"j_4892",1,"L","I","02",1
"j_4893",0,"M","D.E","02",7
"j_4894",1,"L","N","04",10
"j_4895",0,"L","P","14",1
"j_4896",1,"M","F","06",12
"j_4897",1,"L","M","02",1
"j_4898",1,"L","G","24",1
"j_4899",0,"L","P","14",8
"j_4900",1,"M","I","30",2
"j_4901",1,"M","C","26",19
"j_4902",1,"L","M","12",1
"j_4903",1,"L","D.E","24",1
"j_4904",1,"L","C","30",1
"j_4905",1,"L","C","24",1
"j_4906",1,"L","C","08",1
"j_4907",1,"L","J","24",1
"j_4908",0,"M","R.S","02",5
"j_4909",1,"L","N","24",1
"j_4910",1,"L","K.L","14",1
"j_4911",1,"M","H","04",18
"j_4912",1,"L","M","12",1
"j_4913",1,"M","M","30",2
"j_4914",0,"L","P","14",1
"j_4915",1,"L","F","14",1
"j_4916",1,"L","C","30",18
"j_4917",1,"L","M","22",1
"j_4918",1,"L","F","06",1
"j_4919",1,"L","N","30",1
"j_4920",1,"M","F","06",2
"j_4921",0,"M","P","04",7
"j_4922",1,"L","J","10",1
"j_4923",1,"S","I","30",35
"j_4924",1,"S","J","30",7
"j_4925",1,"M","Q","28",1
"j_4926",1,"M","N","26",2
"j_4927",1,"M","H","28",23
"j_4928",1,"S","G","14",537
"j_4929",1,"L","C","30",1
"j_4930",1,"L","C","02",1
"j_4931",1,"M","F","24",23
"j_4932",1,"M","M","14",23
"j_4933",0,"L","P","22",1
"j_4934",0,"L","P","22",1
"j_4935",0,"L","P","14",1
"j_4936",1,"L","C","20",1
"j_4937",0,"L","P","24",1
"j_4938",1,"S","C","12",196
"j_4939",1,"M","I","18",1
"j_4940",0,"L","P","32",1
"j_4941",0,"L","P","02",1
"j_4942",0,"L","P","32",1
"j_4943",1,"L","M","12",1
"j_4944",1,"L","G","14",1
"j_4945",1,"M","C","32",15
"j_4946",1,"S","R.S","22",4
"j_4947",1,"L","C","18",1
"j_4948",0,"L","R.S","14",1
"j_4949",0,"L","P","02",6
"j_4950",1,"L","C","04",1
"j_4951",1,"S","G","14",538
"j_4952",1,"S","J","14",9
"j_4953",1,"S","J","08",6
"j_4954",1,"S","J","14",9
"j_4955",0,"L","D.E","02",1
"j_4956",1,"M","F","14",34
"j_4957",1,"L","F","14",2
"j_4958",1,"S","J","22",6
"j_4959",1,"L","C","22",1
"j_4960",0,"M","M","06",1
"j_4961",1,"S","Q","14",20
"j_4962",1,"L","C","10",2
"j_4963",1,"L","J","24",1
"j_4964",1,"L","M","12",1
"j_4965",1,"L","G","16",1
"j_4966",1,"M","F","22",1
"j_4967",1,"S","J","30",7
"j_4968",1,"S","M","28",36
"j_4969",1,"L","M","30",1
"j_4970",1,"M","F","22",14
"j_4971",1,"M","I","24",20
"j_4972",1,"M","D.E","18",1
"j_4973",1,"L","G","04",1
"j_4974",1,"L","N","02",2
"j_4975",1,"L","F","24",1
"j_4976",1,"L","G","06",1
"j_4977",0,"M","M","30",1
"j_4978",0,"L","D.E","06",1
"j_4979",1,"L","C","12",1
"j_4980",1,"L","C","28",1
"j_4981",0,"L","O","14",1
"j_4982",1,"M","J","30",10
"j_4983",1,"S","C","02",52
"j_4984",1,"L","I","14",1
"j_4985",1,"S","N","24",10
"j_4986",1,"L","M","14",1
"j_4987",1,"M","F","24",23
"j_4988",1,"L","C","16",1
"j_4989",1,"S","C","24",53
"j_4990",1,"M","F","08",10
"j_4991",1,"M","N","24",13
"j_4992",1,"M","C","14",34
"j_4993",1,"L","N","24",1
"j_4994",1,"M","J","30",10
"j_4995",1,"M","C","12",20
"j_4996",1,"L","J","14",1
"j_4997",1,"L","H","14",1
"j_4998",1,"M","F","16",2
"j_4999",1,"L","C","16",1
"j_5000",1,"L","C","18",1
"j_5001",1,"L","G","18",1
"j_5002",1,"L","Q","18",1
"j_5003",1,"M","K.L","18",1
"j_5004",1,"L","H","18",2
"j_5005",1,"L","C","18",1
"j_5006",1,"M","F","18",13
"j_5007",1,"M","F","18",1
"j_5008",1,"L","C","18",1
"j_5009",1,"L","C","12",1
"j_5010",1,"L","C","22",1
"j_5011",1,"L","C","24",1
"j_5012",0,"L","D.E","18",1
"j_5013",1,"M","G","18",19
"j_5014",0,"L","D.E","18",1
"j_5015",1,"M","N","18",23
"j_5016",1,"L","N","14",1
"j_5017",0,"L","O","18",1
"j_5018",0,"L","O","18",1
"j_5019",0,"L","Q","18",1
"j_5020",0,"L","Q","18",1
"j_5021",0,"S","O","18",1
"j_5022",0,"L","P","18",1
"j_5023",1,"L","C","18",1
"j_5024",0,"S","O","18",1
"j_5025",1,"L","C","18",1
"j_5026",1,"L","G","18",1
"j_5027",1,"M","F","18",13
"j_5028",1,"L","D.E","18",1
"j_5029",1,"L","C","18",1
"j_5030",1,"L","C","18",1
"j_5031",1,"L","F","18",1
"j_5032",1,"M","F","18",15
"j_5033",1,"M","I","12",1
"j_5034",0,"L","P","10",1
"j_5035",1,"M","N","24",2
"j_5036",1,"M","R.S","02",2
"j_5037",1,"M","C","04",14
"j_5038",1,"L","N","14",1
"j_5039",1,"L","C","10",2
"j_5040",1,"L","M","24",1
"j_5041",1,"M","D.E","32",8
"j_5042",1,"S","N","22",10
"j_5043",0,"L","H","30",2
"j_5044",1,"L","J","32",1
"j_5045",1,"M","F","16",19
"j_5046",1,"S","C","30",58
"j_5047",0,"S","O","14",1
"j_5048",1,"S","N","02",21
"j_5049",0,"L","P","02",1
"j_5050",1,"S","C","28",45
"j_5051",1,"L","C","16",1
"j_5052",0,"L","R.S","32",1
"j_5053",1,"L","J","02",1
"j_5054",1,"L","C","22",2
"j_5055",1,"M","P","10",7
"j_5056",1,"M","F","22",19
"j_5057",1,"S","P","14",18
"j_5058",1,"L","H","22",1
"j_5059",1,"L","C","14",1
"j_5060",0,"M","D.E","02",7
"j_5061",1,"S","P","02",13
"j_5062",1,"L","C","02",1
"j_5063",0,"M","H","12",25
"j_5064",0,"L","J","28",2
"j_5065",1,"M","C","04",23
"j_5066",0,"S","Q","24",12
"j_5067",0,"L","O","14",1
"j_5068",1,"L","C","26",1
"j_5069",1,"M","F","02",1
"j_5070",0,"L","R.S","02",1
"j_5071",1,"L","J","02",1
"j_5072",1,"L","G","02",1
"j_5073",1,"L","I","02",1
"j_5074",1,"L","F","02",1
"j_5075",0,"L","D.E","02",1
"j_5076",1,"L","G","02",1
"j_5077",1,"L","F","02",1
"j_5078",1,"L","N","02",1
"j_5079",1,"L","C","02",1
"j_5080",1,"L","C","02",1
"j_5081",1,"L","H","02",1
"j_5082",1,"L","C","02",16
"j_5083",1,"L","D.E","02",1
"j_5084",0,"L","H","02",1
"j_5085",0,"L","K.L","02",1
"j_5086",1,"L","C","02",1
"j_5087",1,"L","H","02",1
"j_5088",1,"S","J","02",6
"j_5089",1,"M","C","02",24
"j_5090",1,"L","C","02",1
"j_5091",1,"L","C","02",1
"j_5092",1,"L","I","02",1
"j_5093",1,"S","I","02",69
"j_5094",1,"M","C","02",16
"j_5095",0,"L","R.S","02",1
"j_5096",0,"L","Q","02",1
"j_5097",1,"S","M","02",85
"j_5098",0,"S","O","02",1
"j_5099",0,"S","O","02",1
"j_5100",0,"L","O","02",1
"j_5101",1,"L","H","30",1
"j_5102",1,"L","H","02",1
"j_5103",1,"M","F","02",1
"j_5104",0,"S","O","02",1
"j_5105",1,"L","C","02",2
"j_5106",1,"L","G","02",1
"j_5107",1,"L","G","02",1
"j_5108",1,"L","C","30",1
"j_5109",1,"L","H","02",1
"j_5110",1,"L","C","02",1
"j_5111",1,"L","C","30",2
"j_5112",1,"M","F","30",19
"j_5113",0,"L","D.E","30",1
"j_5114",1,"M","F","30",26
"j_5115",1,"M","C","30",18
"j_5116",1,"L","C","30",1
"j_5117",1,"L","C","28",1
"j_5118",1,"L","C","30",1
"j_5119",1,"L","C","30",1
"j_5120",0,"L","F","30",1
"j_5121",1,"L","C","30",1
"j_5122",1,"L","C","30",1
"j_5123",1,"M","F","08",2
"j_5124",0,"L","Q","30",1
"j_5125",0,"L","Q","30",1
"j_5126",0,"M","O","30",5
"j_5127",1,"L","C","30",1
"j_5128",1,"L","N","30",1
"j_5129",1,"L","H","30",1
"j_5130",0,"S","R.S","30",4
"j_5131",1,"M","C","30",17
"j_5132",0,"L","P","30",1
"j_5133",1,"L","N","30",1
"j_5134",1,"M","F","30",19
"j_5135",1,"M","H","30",24
"j_5136",1,"L","H","30",1
"j_5137",1,"L","C","30",1
"j_5138",1,"L","C","30",1
"j_5139",1,"L","C","30",1
"j_5140",1,"L","C","06",1
"j_5141",1,"L","C","06",13
"j_5142",0,"L","D.E","06",1
"j_5143",1,"L","G","06",1
"j_5144",1,"L","G","06",15
"j_5145",1,"L","G","06",297
"j_5146",1,"L","G","06",296
"j_5147",0,"L","M","06",1
"j_5148",1,"S","D.E","06",1
"j_5149",0,"L","O","06",1
"j_5150",0,"L","O","06",1
"j_5151",0,"L","O","06",1
"j_5152",1,"L","C","06",1
"j_5153",1,"M","G","06",15
"j_5154",1,"L","C","06",1
"j_5155",1,"L","K.L","06",1
"j_5156",1,"L","C","06",1
"j_5157",1,"L","C","06",1
"j_5158",0,"L","P","06",8
"j_5159",1,"L","G","06",1
"j_5160",1,"L","C","06",1
"j_5161",1,"M","G","06",15
"j_5162",1,"S","R.S","06",43
"j_5163",1,"L","F","06",1
"j_5164",0,"L","R.S","06",1
"j_5165",1,"L","F","06",2
"j_5166",1,"L","C","06",1
"j_5167",1,"L","C","06",1
"j_5168",1,"M","F","06",13
"j_5169",1,"S","I","06",153
"j_5170",1,"L","C","06",1
"j_5171",1,"L","C","06",1
"j_5172",0,"L","H","06",1
"j_5173",1,"L","I","06",1
"j_5174",0,"L","Q","06",1
"j_5175",0,"L","Q","06",1
"j_5176",0,"L","Q","06",1
"j_5177",0,"L","O","06",1
"j_5178",0,"L","O","06",1
"j_5179",0,"L","O","06",1
"j_5180",0,"M","P","06",7
"j_5181",1,"L","C","06",1
"j_5182",1,"L","C","18",1
"j_5183",1,"L","C","06",1
"j_5184",0,"M","O","06",7
"j_5185",0,"L","H","06",1
"j_5186",1,"L","C","06",1
"j_5187",1,"M","F","06",1
"j_5188",1,"L","M","06",1
"j_5189",1,"S","N","06",29
"j_5190",1,"S","G","06",118
"j_5191",0,"L","O","06",7
"j_5192",1,"L","C","06",1
"j_5193",0,"M","K.L","06",1
"j_5194",0,"L","Q","06",1
"j_5195",1,"M","G","06",1
"j_5196",1,"M","F","20",15
"j_5197",0,"M","D.E","20",1
"j_5198",0,"S","Q","20",14
"j_5199",0,"L","H","20",1
"j_5200",1,"L","C","20",1
"j_5201",1,"L","C","20",2
"j_5202",1,"M","C","20",21
"j_5203",1,"M","I","20",1
"j_5204",0,"L","P","20",1
"j_5205",1,"L","G","20",1
"j_5206",1,"M","C","20",12
"j_5207",1,"L","C","20",1
"j_5208",0,"L","Q","20",1
"j_5209",0,"L","O","20",5
"j_5210",0,"L","O","20",5
"j_5211",0,"M","O","20",5
"j_5212",1,"L","G","14",2
"j_5213",0,"L","O","20",1
"j_5214",0,"S","O","20",1
"j_5215",1,"S","Q","20",14
"j_5216",0,"L","Q","20",1
"j_5217",1,"L","K.L","10",1
"j_5218",1,"M","F","10",12
"j_5219",1,"L","H","08",1
"j_5220",0,"L","H","10",1
"j_5221",1,"L","C","10",18
"j_5222",1,"M","R.S","10",2
"j_5223",1,"L","C","10",1
"j_5224",1,"L","C","10",1
"j_5225",1,"L","C","10",1
"j_5226",1,"L","C","10",1
"j_5227",0,"L","O","10",1
"j_5228",1,"L","C","10",2
"j_5229",1,"L","C","04",1
"j_5230",1,"S","C","10",78
"j_5231",1,"L","C","10",1
"j_5232",1,"L","F","10",1
"j_5233",0,"M","Q","10",12
"j_5234",1,"L","M","10",1
"j_5235",0,"L","C","10",1
"j_5236",1,"L","M","10",1
"j_5237",1,"L","H","10",2
"j_5238",1,"L","C","10",1
"j_5239",1,"L","G","10",1
"j_5240",1,"S","C","10",114
"j_5241",0,"L","H","10",1
"j_5242",0,"L","O","10",1
"j_5243",0,"L","Q","10",1
"j_5244",1,"L","C","02",1
"j_5245",1,"L","C","02",1
"j_5246",1,"L","K.L","10",1
"j_5247",1,"L","H","10",1
"j_5248",1,"L","G","10",1
"j_5249",1,"L","P","10",1
"j_5250",1,"S","C","10",114
"j_5251",1,"L","Q","10",1
"j_5252",1,"L","Q","10",2
"j_5253",1,"L","C","10",1
"j_5254",1,"L","G","10",1
"j_5255",1,"L","C","24",1
"j_5256",1,"L","G","10",2
"j_5257",1,"M","M","10",1
"j_5258",1,"L","G","10",2
"j_5259",1,"M","K.L","10",1
"j_5260",1,"M","G","10",22
"j_5261",1,"M","K.L","10",1
"j_5262",1,"L","C","10",1
"j_5263",1,"M","I","10",13
"j_5264",0,"L","P","10",1
"j_5265",1,"L","C","10",2
"j_5266",1,"L","C","10",1
"j_5267",1,"L","C","10",1
"j_5268",1,"L","C","10",1
"j_5269",0,"L","M","10",1
"j_5270",1,"M","G","10",15
"j_5271",1,"L","F","10",1
"j_5272",1,"L","C","10",1
"j_5273",1,"L","C","10",1
"j_5274",1,"L","N","14",2
"j_5275",1,"M","F","10",13
"j_5276",1,"S","H","10",133
"j_5277",0,"L","O","10",1
"j_5278",0,"L","O","10",1
"j_5279",0,"S","O","10",1
"j_5280",1,"L","C","10",1
"j_5281",1,"L","C","10",1
"j_5282",1,"S","K.L","10",7
"j_5283",1,"L","C","24",1
"j_5284",1,"S","R.S","10",23
"j_5285",0,"L","Q","10",1
"j_5286",0,"L","Q","10",1
"j_5287",1,"L","C","10",1
"j_5288",0,"L","Q","10",1
"j_5289",1,"L","G","10",1
"j_5290",1,"L","G","24",2
"j_5291",1,"L","G","02",1
"j_5292",1,"L","G","22",1
"j_5293",1,"L","C","10",1
"j_5294",0,"L","O","10",1
"j_5295",0,"L","O","10",1
"j_5296",1,"M","F","10",2
"j_5297",1,"L","C","10",1
"j_5298",1,"M","N","10",13
"j_5299",1,"L","G","10",1
"j_5300",1,"L","H","10",1
"j_5301",0,"S","R.S","10",3
"j_5302",0,"M","P","10",6
"j_5303",1,"L","C","10",1
"j_5304",1,"L","F","10",1
"j_5305",1,"L","G","10",2
"j_5306",0,"L","P","10",1
"j_5307",1,"L","C","10",1
"j_5308",1,"M","M","10",12
"j_5309",1,"L","M","10",1
"j_5310",0,"L","Q","10",1
"j_5311",1,"S","J","10",19
"j_5312",1,"L","C","10",1
"j_5313",1,"S","J","10",19
"j_5314",1,"L","H","12",1
"j_5315",1,"M","C","12",19
"j_5316",1,"S","F","12",83
"j_5317",1,"M","F","12",18
"j_5318",1,"S","K.L","12",16
"j_5319",1,"L","C","16",1
"j_5320",1,"M","F","12",1
"j_5321",1,"M","C","12",20
"j_5322",1,"L","G","12",1
"j_5323",1,"L","C","12",20
"j_5324",1,"L","C","12",1
"j_5325",1,"L","C","12",1
"j_5326",0,"M","H","12",2
"j_5327",1,"L","C","12",1
"j_5328",1,"L","C","12",1
"j_5329",1,"S","Q","12",11
"j_5330",1,"L","C","12",1
"j_5331",1,"L","H","12",2
"j_5332",1,"L","F","12",2
"j_5333",0,"S","O","12",1
"j_5334",0,"S","O","12",1
"j_5335",1,"L","F","12",1
"j_5336",1,"L","I","12",1
"j_5337",1,"M","I","12",16
"j_5338",1,"L","C","12",1
"j_5339",1,"S","I","12",35
"j_5340",1,"L","C","12",1
"j_5341",1,"S","D.E","12",1
"j_5342",1,"L","F","12",1
"j_5343",1,"S","C","12",63
"j_5344",1,"L","G","12",1
"j_5345",1,"L","G","12",23
"j_5346",1,"S","R.S","12",61
"j_5347",1,"L","C","28",1
"j_5348",1,"L","F","28",1
"j_5349",1,"L","F","28",1
"j_5350",1,"L","C","28",1
"j_5351",0,"L","O","28",1
"j_5352",1,"L","F","28",1
"j_5353",0,"L","H","28",1
"j_5354",1,"L","C","28",2
"j_5355",1,"M","F","28",1
"j_5356",1,"L","G","28",1
"j_5357",0,"L","P","28",1
"j_5358",1,"M","F","28",2
"j_5359",1,"L","F","28",1
"j_5360",1,"L","C","28",1
"j_5361",1,"M","F","28",1
"j_5362",0,"L","D.E","28",1
"j_5363",1,"S","C","28",87
"j_5364",1,"L","C","28",1
"j_5365",1,"M","F","28",11
"j_5366",0,"M","O","28",4
"j_5367",0,"L","O","28",1
"j_5368",0,"L","O","28",1
"j_5369",0,"S","O","28",1
"j_5370",0,"M","O","28",4
"j_5371",0,"S","O","28",1
"j_5372",0,"S","O","28",1
"j_5373",1,"M","F","28",1
"j_5374",0,"M","Q","28",10
"j_5375",0,"M","R.S","28",1
"j_5376",0,"M","O","28",4
"j_5377",1,"M","R.S","28",1
"j_5378",1,"L","D.E","14",1
"j_5379",1,"L","C","28",1
"j_5380",0,"L","Q","28",1
"j_5381",1,"L","C","28",1
"j_5382",1,"S","R.S","28",55
"j_5383",1,"L","C","28",1
"j_5384",1,"L","C","28",1
"j_5385",0,"M","O","28",4
"j_5386",0,"M","O","28",4
"j_5387",0,"L","O","28",1
"j_5388",0,"L","Q","28",1
"j_5389",1,"S","F","28",74
"j_5390",1,"L","C","28",1
"j_5391",0,"L","P","28",1
"j_5392",0,"M","I","28",2
"j_5393",1,"L","M","28",1
"j_5394",0,"S","O","28",1
"j_5395",0,"S","O","28",1
"j_5396",1,"M","F","28",14
"j_5397",1,"L","G","28",1
"j_5398",1,"L","C","28",1
"j_5399",1,"L","H","28",1
"j_5400",0,"L","P","28",1
"j_5401",0,"L","K.L","28",1
"j_5402",0,"S","R.S","28",4
"j_5403",1,"L","I","28",1
"j_5404",1,"L","C","08",1
"j_5405",1,"M","M","28",1
"j_5406",1,"S","K.L","28",20
"j_5407",0,"L","M","28",1
"j_5408",1,"L","C","16",1
"j_5409",0,"L","O","16",1
"j_5410",1,"L","C","16",1
"j_5411",1,"L","G","16",1
"j_5412",1,"L","F","24",1
"j_5413",1,"L","C","16",1
"j_5414",1,"L","C","16",1
"j_5415",1,"L","C","24",1
"j_5416",1,"L","C","24",1
"j_5417",1,"L","C","16",1
"j_5418",1,"L","C","24",1
"j_5419",1,"L","C","16",1
"j_5420",1,"L","C","16",1
"j_5421",0,"L","O","16",1
"j_5422",0,"M","M","16",1
"j_5423",0,"L","D.E","16",1
"j_5424",0,"L","D.E","16",1
"j_5425",0,"M","R.S","16",1
"j_5426",0,"M","R.S","16",1
"j_5427",0,"L","D.E","16",1
"j_5428",1,"L","C","16",16
"j_5429",0,"L","D.E","16",1
"j_5430",0,"M","R.S","16",1
"j_5431",1,"L","C","16",1
"j_5432",1,"M","M","16",1
"j_5433",0,"M","R.S","16",1
"j_5434",1,"L","C","16",1
"j_5435",1,"M","G","16",1
"j_5436",1,"L","C","16",1
"j_5437",1,"L","C","16",1
"j_5438",1,"L","C","16",1
"j_5439",0,"L","Q","16",1
"j_5440",1,"L","C","16",1
"j_5441",1,"L","C","16",1
"j_5442",1,"S","F","16",51
"j_5443",1,"M","M","16",1
"j_5444",1,"M","K.L","16",1
"j_5445",1,"L","C","28",1
"j_5446",1,"L","C","26",1
"j_5447",1,"L","C","10",1
"j_5448",1,"L","C","16",1
"j_5449",0,"L","D.E","16",1
"j_5450",1,"L","H","16",1
"j_5451",1,"L","C","16",1
"j_5452",1,"M","G","16",1
"j_5453",1,"L","C","16",1
"j_5454",1,"L","F","16",2
"j_5455",1,"L","C","18",1
"j_5456",1,"M","F","16",22
"j_5457",0,"L","Q","16",1
"j_5458",1,"L","C","16",1
"j_5459",0,"M","Q","16",1
"j_5460",1,"L","C","16",1
"j_5461",1,"S","D.E","16",2
"j_5462",0,"L","K.L","16",1
"j_5463",0,"L","H","16",1
"j_5464",1,"L","C","16",1
"j_5465",1,"M","F","16",22
"j_5466",1,"L","C","16",1
"j_5467",1,"L","D.E","16",1
"j_5468",0,"L","O","16",1
"j_5469",0,"S","M","16",35
"j_5470",0,"S","O","16",1
"j_5471",0,"S","O","16",1
"j_5472",0,"S","O","16",1
"j_5473",0,"S","O","16",1
"j_5474",0,"S","O","16",1
"j_5475",0,"L","K.L","16",1
"j_5476",1,"L","C","16",1
"j_5477",1,"S","Q","16",15
"j_5478",1,"M","F","16",23
"j_5479",0,"M","Q","16",1
"j_5480",1,"L","C","16",1
"j_5481",1,"L","C","16",1
"j_5482",1,"L","C","16",1
"j_5483",1,"M","J","16",1
"j_5484",1,"L","C","16",1
"j_5485",1,"S","M","02",30
"j_5486",0,"M","P","16",1
"j_5487",0,"L","O","16",1
"j_5488",0,"L","C","16",1
"j_5489",1,"L","C","16",1
"j_5490",1,"L","N","24",1
"j_5491",0,"L","Q","16",1
"j_5492",1,"L","C","16",1
"j_5493",1,"L","H","16",1
"j_5494",0,"M","Q","16",1
"j_5495",1,"M","M","16",1
"j_5496",1,"M","J","16",1
"j_5497",0,"L","O","16",1
"j_5498",1,"L","G","16",1
"j_5499",0,"L","P","16",1
"j_5500",1,"L","G","16",1
"j_5501",1,"S","G","24",136
"j_5502",1,"L","C","16",17
"j_5503",1,"M","J","16",1
"j_5504",1,"S","C","02",52
"j_5505",1,"M","N","16",2
"j_5506",1,"L","H","16",1
"j_5507",1,"L","H","22",1
"j_5508",1,"L","F","14",1
"j_5509",0,"S","R.S","14",7
"j_5510",0,"M","D.E","14",1
"j_5511",1,"L","C","20",1
"j_5512",1,"M","G","14",39
"j_5513",0,"L","Q","14",1
"j_5514",0,"S","O","14",1
"j_5515",1,"L","C","14",1
"j_5516",1,"M","G","14",26
"j_5517",1,"L","H","14",1
"j_5518",0,"L","R.S","14",1
"j_5519",1,"L","D.E","14",1
"j_5520",1,"L","C","10",2
"j_5521",1,"M","G","30",30
"j_5522",1,"L","C","30",1
"j_5523",1,"L","C","32",1
"j_5524",1,"L","C","30",1
"j_5525",1,"L","C","30",1
"j_5526",1,"L","C","30",1
"j_5527",1,"L","C","32",1
"j_5528",0,"M","D.E","30",1
"j_5529",0,"L","P","30",1
"j_5530",0,"L","Q","32",1
"j_5531",0,"L","O","30",1
"j_5532",0,"L","O","30",1
"j_5533",0,"L","O","30",1
"j_5534",0,"M","O","30",5
"j_5535",0,"S","O","30",1
"j_5536",1,"L","C","30",1
"j_5537",1,"L","C","30",2
"j_5538",1,"L","C","30",1
"j_5539",1,"M","F","30",26
"j_5540",0,"M","P","30",8
"j_5541",1,"L","C","30",1
"j_5542",1,"L","F","10",1
"j_5543",0,"L","K.L","10",1
"j_5544",1,"M","F","10",1
"j_5545",1,"M","C","28",16
"j_5546",1,"L","C","10",1
"j_5547",1,"L","F","10",1
"j_5548",1,"L","F","10",1
"j_5549",1,"M","C","10",18
"j_5550",1,"M","F","10",2
"j_5551",1,"L","C","10",1
"j_5552",1,"L","C","10",1
"j_5553",1,"L","C","10",2
"j_5554",1,"L","G","10",2
"j_5555",1,"L","C","10",1
"j_5556",1,"M","F","10",1
"j_5557",1,"M","C","10",18
"j_5558",1,"L","C","16",2
"j_5559",1,"L","C","10",2
"j_5560",1,"M","F","10",12
"j_5561",0,"L","Q","10",1
"j_5562",1,"S","G","10",265
"j_5563",1,"L","I","24",1
"j_5564",1,"L","I","16",1
"j_5565",1,"L","I","24",1
"j_5566",1,"L","I","16",1
"j_5567",1,"L","I","24",1
"j_5568",0,"L","O","10",1
"j_5569",0,"M","O","10",6
"j_5570",0,"M","O","10",6
"j_5571",0,"S","O","10",1
"j_5572",0,"S","O","10",1
"j_5573",0,"L","O","10",1
"j_5574",0,"S","O","10",1
"j_5575",1,"L","C","10",1
"j_5576",0,"L","K.L","10",1
"j_5577",1,"M","H","10",2
"j_5578",1,"M","I","10",2
"j_5579",1,"M","F","10",12
"j_5580",1,"L","H","10",1
"j_5581",1,"L","C","10",1
"j_5582",1,"L","C","28",1
"j_5583",0,"L","H","10",1
"j_5584",1,"L","C","10",1
"j_5585",1,"L","C","10",1
"j_5586",1,"M","C","10",17
"j_5587",1,"L","H","30",1
"j_5588",1,"M","F","10",1
"j_5589",1,"L","C","14",1
"j_5590",1,"L","C","14",1
"j_5591",1,"M","F","10",12
"j_5592",1,"M","F","14",34
"j_5593",1,"L","G","14",2
"j_5594",1,"L","H","14",1
"j_5595",1,"L","C","10",1
"j_5596",1,"L","C","14",1
"j_5597",1,"M","C","14",66
"j_5598",0,"L","G","14",1
"j_5599",0,"M","D.E","10",1
"j_5600",1,"L","C","10",2
"j_5601",0,"L","Q","10",1
"j_5602",1,"L","J","14",1
"j_5603",1,"L","C","14",25
"j_5604",1,"M","M","04",1
"j_5605",1,"L","C","14",1
"j_5606",1,"M","F","14",20
"j_5607",1,"L","H","14",1
"j_5608",1,"M","K.L","04",12
"j_5609",1,"L","D.E","14",1
"j_5610",1,"L","C","30",1
"j_5611",0,"L","O","30",1
"j_5612",1,"L","J","30",1
"j_5613",1,"L","G","30",2
"j_5614",1,"L","M","14",1
"j_5615",0,"L","C","30",2
"j_5616",1,"L","C","30",1
"j_5617",1,"M","F","30",2
"j_5618",1,"L","C","30",1
"j_5619",1,"L","G","30",1
"j_5620",1,"L","C","30",1
"j_5621",1,"M","G","30",26
"j_5622",1,"L","C","30",1
"j_5623",1,"L","C","30",1
"j_5624",1,"L","C","30",1
"j_5625",1,"M","C","30",18
"j_5626",1,"L","G","30",1
"j_5627",1,"M","J","30",1
"j_5628",1,"L","C","30",1
"j_5629",1,"L","C","30",1
"j_5630",0,"L","O","30",1
"j_5631",1,"L","C","30",1
"j_5632",1,"L","C","14",1
"j_5633",1,"L","C","30",1
"j_5634",1,"L","C","30",1
"j_5635",1,"L","C","30",1
"j_5636",1,"M","K.L","30",6
"j_5637",1,"L","G","30",1
"j_5638",1,"L","C","30",1
"j_5639",1,"L","M","30",1
"j_5640",1,"L","C","32",1
"j_5641",1,"L","C","32",1
"j_5642",1,"L","C","14",1
"j_5643",1,"L","M","30",1
"j_5644",1,"L","C","30",1
"j_5645",0,"L","C","30",1
"j_5646",1,"L","G","30",1
"j_5647",1,"S","H","30",35
"j_5648",1,"L","N","30",1
"j_5649",1,"L","F","30",1
"j_5650",1,"L","G","30",1
"j_5651",1,"L","C","30",1
"j_5652",1,"L","C","30",1
"j_5653",1,"L","G","30",2
"j_5654",1,"L","C","30",1
"j_5655",1,"L","C","30",1
"j_5656",1,"L","C","30",1
"j_5657",1,"L","F","30",1
"j_5658",1,"L","C","30",1
"j_5659",1,"L","C","30",1
"j_5660",1,"L","K.L","12",1
"j_5661",1,"L","C","30",1
"j_5662",0,"M","O","30",5
"j_5663",1,"M","C","30",18
"j_5664",1,"L","C","30",1
"j_5665",1,"L","C","30",1
"j_5666",1,"L","I","30",2
"j_5667",0,"L","H","30",2
"j_5668",0,"L","M","30",1
"j_5669",1,"M","G","30",25
"j_5670",0,"L","R.S","30",1
"j_5671",1,"L","C","30",1
"j_5672",1,"M","J","30",1
"j_5673",0,"L","P","30",1
"j_5674",1,"S","K.L","30",6
"j_5675",1,"L","N","30",1
"j_5676",1,"S","M","30",45
"j_5677",1,"L","F","14",1
"j_5678",1,"L","K.L","30",2
"j_5679",1,"L","C","30",1
"j_5680",1,"M","G","10",15
"j_5681",1,"L","D.E","30",1
"j_5682",0,"L","H","30",1
"j_5683",1,"L","C","30",1
"j_5684",0,"L","Q","30",1
"j_5685",1,"L","C","30",1
"j_5686",1,"L","C","22",1
"j_5687",1,"L","C","08",1
"j_5688",1,"L","H","30",1
"j_5689",1,"L","I","30",1
"j_5690",0,"L","Q","30",1
"j_5691",1,"M","F","30",19
"j_5692",0,"L","C","30",1
"j_5693",1,"L","C","30",2
"j_5694",1,"M","P","30",8
"j_5695",1,"L","M","30",1
"j_5696",1,"M","G","30",30
"j_5697",0,"L","O","30",1
"j_5698",1,"M","G","28",1
"j_5699",0,"M","O","30",5
"j_5700",0,"L","O","30",1
"j_5701",0,"L","O","30",1
"j_5702",0,"L","O","30",1
"j_5703",1,"L","C","30",1
"j_5704",0,"L","Q","30",1
"j_5705",1,"L","C","14",1
"j_5706",1,"M","I","30",12
"j_5707",0,"M","P","30",7
"j_5708",1,"S","D.E","30",2
"j_5709",0,"L","D.E","30",1
"j_5710",0,"L","D.E","30",1
"j_5711",1,"L","G","30",1
"j_5712",1,"L","C","30",1
"j_5713",1,"L","F","14",1
"j_5714",1,"M","D.E","30",1
"j_5715",1,"L","H","30",2
"j_5716",0,"L","O","30",1
"j_5717",1,"M","D.E","30",1
"j_5718",1,"M","F","30",25
"j_5719",1,"L","C","30",1
"j_5720",0,"L","H","30",2
"j_5721",1,"M","I","30",1
"j_5722",1,"L","N","30",1
"j_5723",1,"L","J","30",1
"j_5724",0,"L","F","30",1
"j_5725",1,"L","C","30",1
"j_5726",1,"L","G","30",1
"j_5727",1,"S","F","30",367
"j_5728",1,"L","G","30",1
"j_5729",1,"L","G","30",1
"j_5730",0,"L","R.S","30",1
"j_5731",1,"M","J","30",1
"j_5732",1,"M","I","30",12
"j_5733",0,"L","P","30",1
"j_5734",1,"L","G","28",2
"j_5735",1,"L","G","02",1
"j_5736",1,"L","C","30",1
"j_5737",1,"L","G","30",2
"j_5738",0,"M","P","30",9
"j_5739",1,"L","C","30",2
"j_5740",1,"M","F","30",1
"j_5741",1,"L","G","30",1
"j_5742",1,"M","N","30",19
"j_5743",1,"L","K.L","30",2
"j_5744",1,"S","J","30",7
"j_5745",1,"L","G","14",1
"j_5746",1,"L","G","30",1
"j_5747",1,"M","F","30",2
"j_5748",1,"L","C","30",1
"j_5749",0,"L","Q","30",1
"j_5750",1,"L","C","30",1
"j_5751",1,"L","G","30",1
"j_5752",1,"L","C","32",1
"j_5753",1,"S","C","30",219
"j_5754",1,"S","J","30",7
"j_5755",1,"M","C","30",28
"j_5756",1,"L","C","30",1
"j_5757",1,"L","C","24",1
"j_5758",1,"L","C","30",1
"j_5759",1,"S","H","30",120
"j_5760",1,"L","N","14",1
"j_5761",1,"L","C","30",1
"j_5762",1,"M","G","22",1
"j_5763",1,"L","K.L","14",1
"j_5764",1,"L","G","30",1
"j_5765",1,"S","Q","30",14
"j_5766",1,"L","G","30",2
"j_5767",1,"L","H","30",2
"j_5768",1,"L","G","30",26
"j_5769",1,"L","F","30",1
"j_5770",1,"S","C","30",59
"j_5771",0,"L","O","30",1
"j_5772",1,"L","C","30",1
"j_5773",1,"L","C","30",1
"j_5774",1,"L","C","30",1
"j_5775",1,"L","D.E","30",1
"j_5776",0,"M","R.S","30",8
"j_5777",1,"M","G","08",2
"j_5778",1,"M","G","08",1
"j_5779",0,"L","O","30",1
"j_5780",0,"L","H","30",1
"j_5781",1,"M","G","32",1
"j_5782",1,"L","C","30",1
"j_5783",1,"M","M","30",1
"j_5784",1,"L","C","30",1
"j_5785",1,"M","G","02",19
"j_5786",1,"M","G","08",1
"j_5787",0,"L","Q","30",1
"j_5788",1,"L","C","30",2
"j_5789",1,"L","K.L","30",3
"j_5790",1,"M","G","16",1
"j_5791",1,"M","G","08",1
"j_5792",1,"M","G","08",1
"j_5793",0,"M","O","18",4
"j_5794",1,"M","F","18",1
"j_5795",1,"L","G","18",1
"j_5796",0,"L","Q","18",1
"j_5797",1,"L","G","18",1
"j_5798",0,"S","O","18",1
"j_5799",0,"L","Q","18",1
"j_5800",0,"L","Q","18",1
"j_5801",1,"L","G","14",1
"j_5802",1,"L","H","18",1
"j_5803",1,"M","I","18",11
"j_5804",1,"S","R.S","14",66
"j_5805",1,"L","C","14",1
"j_5806",1,"L","N","14",2
"j_5807",0,"L","Q","14",1
"j_5808",1,"M","D.E","14",1
"j_5809",0,"L","Q","14",1
"j_5810",0,"L","Q","14",1
"j_5811",0,"L","Q","14",1
"j_5812",0,"S","O","14",1
"j_5813",0,"S","O","14",1
"j_5814",1,"M","C","14",34
"j_5815",1,"L","C","14",1
"j_5816",1,"M","G","14",39
"j_5817",1,"S","D.E","14",2
"j_5818",1,"L","C","14",1
"j_5819",1,"L","H","14",1
"j_5820",1,"S","C","14",66
"j_5821",1,"L","G","14",2
"j_5822",0,"L","D.E","14",1
"j_5823",1,"L","C","14",1
"j_5824",1,"M","G","14",39
"j_5825",1,"L","J","14",1
"j_5826",1,"L","C","14",1
"j_5827",0,"L","Q","14",1
"j_5828",1,"L","G","14",1
"j_5829",0,"M","O","14",9
"j_5830",0,"S","O","14",1
"j_5831",1,"M","G","14",39
"j_5832",0,"S","O","14",1
"j_5833",0,"L","C","14",1
"j_5834",1,"L","H","14",1
"j_5835",1,"L","C","14",1
"j_5836",1,"L","C","14",2
"j_5837",1,"L","C","14",1
"j_5838",1,"L","C","18",1
"j_5839",1,"S","M","18",49
"j_5840",1,"L","J","18",1
"j_5841",1,"L","F","18",1
"j_5842",1,"L","G","18",1
"j_5843",1,"L","M","18",1
"j_5844",1,"L","G","18",1
"j_5845",1,"M","F","18",1
"j_5846",1,"L","C","14",2
"j_5847",0,"L","O","18",1
"j_5848",1,"L","Q","18",1
"j_5849",0,"L","D.E","18",1
"j_5850",1,"L","C","18",1
"j_5851",1,"L","C","18",1
"j_5852",1,"L","C","18",1
"j_5853",1,"L","C","18",1
"j_5854",1,"L","C","30",1
"j_5855",1,"L","C","18",1
"j_5856",1,"L","I","12",1
"j_5857",1,"L","H","18",1
"j_5858",1,"L","F","18",1
"j_5859",1,"L","C","18",1
"j_5860",1,"L","G","18",1
"j_5861",1,"L","G","18",1
"j_5862",0,"L","O","18",1
"j_5863",1,"M","N","18",1
"j_5864",1,"L","K.L","18",1
"j_5865",1,"M","F","18",1
"j_5866",1,"L","C","14",1
"j_5867",1,"L","C","18",1
"j_5868",1,"L","C","18",1
"j_5869",0,"S","O","18",1
"j_5870",0,"L","O","18",1
"j_5871",0,"L","O","18",1
"j_5872",0,"M","O","18",4
"j_5873",1,"M","F","18",1
"j_5874",1,"L","G","18",1
"j_5875",0,"M","D.E","18",1
"j_5876",0,"L","Q","18",1
"j_5877",1,"L","C","18",1
"j_5878",1,"M","G","18",2
"j_5879",1,"L","G","18",1
"j_5880",1,"L","H","18",1
"j_5881",1,"S","G","18",184
"j_5882",1,"L","C","18",16
"j_5883",0,"L","O","18",1
"j_5884",1,"L","C","18",1
"j_5885",0,"M","R.S","18",1
"j_5886",1,"L","H","18",1
"j_5887",1,"L","C","18",1
"j_5888",1,"L","G","18",1
"j_5889",1,"M","J","18",2
"j_5890",0,"M","M","18",1
"j_5891",1,"M","H","18",2
"j_5892",1,"L","C","18",2
"j_5893",1,"L","F","18",1
"j_5894",1,"M","H","18",1
"j_5895",1,"M","H","14",80
"j_5896",1,"L","C","14",1
"j_5897",1,"L","C","14",1
"j_5898",1,"L","C","18",1
"j_5899",1,"L","C","30",1
"j_5900",1,"L","C","06",1
"j_5901",1,"S","H","14",39
"j_5902",1,"L","C","14",1
"j_5903",1,"S","R.S","02",58
"j_5904",1,"L","G","14",2
"j_5905",1,"L","C","14",1
"j_5906",1,"L","C","14",1
"j_5907",0,"M","Q","14",19
"j_5908",1,"L","C","14",2
"j_5909",1,"L","C","30",1
"j_5910",1,"L","C","14",1
"j_5911",1,"L","F","14",1
"j_5912",1,"L","G","14",1
"j_5913",1,"M","C","14",34
"j_5914",1,"L","C","14",1
"j_5915",0,"L","O","14",9
"j_5916",0,"L","O","14",1
"j_5917",0,"L","O","06",1
"j_5918",0,"L","O","14",1
"j_5919",0,"L","O","14",1
"j_5920",1,"L","C","14",26
"j_5921",1,"L","R.S","14",1
"j_5922",1,"L","C","14",1
"j_5923",0,"L","Q","14",1
"j_5924",0,"S","O","14",1
"j_5925",0,"M","O","14",9
"j_5926",0,"M","R.S","14",6
"j_5927",1,"L","G","14",1
"j_5928",0,"L","Q","14",1
"j_5929",0,"S","R.S","14",8
"j_5930",1,"M","D.E","14",11
"j_5931",1,"L","H","14",1
"j_5932",1,"L","G","10",1
"j_5933",1,"L","C","16",1
"j_5934",1,"L","H","10",1
"j_5935",1,"M","D.E","10",10
"j_5936",1,"L","C","10",1
"j_5937",1,"L","C","10",1
"j_5938",1,"S","D.E","10",2
"j_5939",1,"L","G","10",1
"j_5940",1,"S","K.L","10",13
"j_5941",1,"L","G","10",1
"j_5942",0,"S","R.S","10",4
"j_5943",1,"S","G","10",455
"j_5944",1,"S","I","10",141
"j_5945",1,"M","F","10",13
"j_5946",1,"L","C","10",1
"j_5947",1,"M","F","10",12
"j_5948",1,"L","C","12",1
"j_5949",0,"L","D.E","10",1
"j_5950",0,"L","D.E","10",1
"j_5951",0,"L","Q","10",1
"j_5952",1,"L","C","10",1
"j_5953",1,"L","N","14",1
"j_5954",1,"M","H","10",39
"j_5955",0,"L","O","10",1
"j_5956",0,"L","O","10",1
"j_5957",0,"S","O","10",1
"j_5958",0,"M","P","10",7
"j_5959",1,"L","C","10",1
"j_5960",1,"L","C","10",1
"j_5961",1,"L","C","06",1
"j_5962",0,"M","R.S","10",5
"j_5963",1,"L","C","22",1
"j_5964",1,"M","C","22",15
"j_5965",1,"L","C","22",1
"j_5966",1,"M","F","22",1
"j_5967",1,"M","H","22",14
"j_5968",1,"M","F","32",1
"j_5969",1,"L","C","22",2
"j_5970",1,"L","C","22",1
"j_5971",1,"L","G","22",2
"j_5972",1,"L","C","22",1
"j_5973",1,"L","C","22",1
"j_5974",0,"L","D.E","22",1
"j_5975",1,"L","C","22",1
"j_5976",1,"S","D.E","22",2
"j_5977",1,"L","C","22",1
"j_5978",0,"L","Q","22",1
"j_5979",0,"L","O","22",1
"j_5980",0,"S","O","22",1
"j_5981",1,"L","C","22",1
"j_5982",1,"L","N","22",1
"j_5983",1,"L","N","22",1
"j_5984",1,"L","N","32",1
"j_5985",1,"L","C","22",1
"j_5986",1,"L","C","22",1
"j_5987",0,"L","Q","22",1
"j_5988",1,"M","H","22",14
"j_5989",1,"L","C","22",1
"j_5990",0,"L","H","22",1
"j_5991",1,"L","C","22",2
"j_5992",1,"L","C","22",1
"j_5993",1,"M","F","22",19
"j_5994",1,"S","M","22",25
"j_5995",1,"L","I","28",1
"j_5996",1,"L","H","20",2
"j_5997",1,"L","C","20",2
"j_5998",0,"L","D.E","20",1
"j_5999",1,"M","G","28",1
"j_6000",1,"M","I","20",1
"j_6001",1,"M","C","20",12
"j_6002",0,"M","Q","28",10
"j_6003",1,"M","G","28",13
"j_6004",1,"L","G","20",1
"j_6005",1,"S","C","28",88
"j_6006",0,"L","Q","28",2
"j_6007",1,"M","F","28",1
"j_6008",1,"L","J","20",1
"j_6009",0,"L","Q","28",1
"j_6010",1,"L","C","20",1
"j_6011",1,"L","C","28",1
"j_6012",0,"M","D.E","28",4
"j_6013",1,"L","C","20",1
"j_6014",1,"M","F","28",1
"j_6015",1,"L","C","28",1
"j_6016",0,"S","O","20",1
"j_6017",1,"L","C","20",1
"j_6018",1,"L","C","14",1
"j_6019",1,"L","C","20",1
"j_6020",1,"S","J","20",9
"j_6021",1,"L","G","20",1
"j_6022",1,"M","C","32",15
"j_6023",1,"M","Q","32",7
"j_6024",1,"L","C","22",1
"j_6025",1,"L","F","22",1
"j_6026",1,"M","C","32",16
"j_6027",0,"L","D.E","32",1
"j_6028",0,"L","D.E","32",1
"j_6029",0,"L","K.L","32",1
"j_6030",1,"L","J","32",1
"j_6031",0,"S","O","32",1
"j_6032",0,"L","O","32",1
"j_6033",0,"M","O","32",5
"j_6034",1,"M","H","32",21
"j_6035",0,"L","Q","32",1
"j_6036",0,"L","Q","32",1
"j_6037",0,"L","Q","32",1
"j_6038",1,"S","C","32",140
"j_6039",1,"L","C","32",1
"j_6040",1,"M","G","32",14
"j_6041",1,"S","J","32",7
"j_6042",1,"L","G","32",2
"j_6043",1,"M","G","32",1
"j_6044",1,"L","C","24",1
"j_6045",0,"M","D.E","32",1
"j_6046",1,"L","C","32",1
"j_6047",1,"L","C","14",2
"j_6048",1,"M","G","32",1
"j_6049",1,"L","G","32",1
"j_6050",1,"L","C","32",1
"j_6051",0,"L","F","32",1
"j_6052",1,"L","C","32",1
"j_6053",1,"L","D.E","32",1
"j_6054",1,"L","K.L","32",1
"j_6055",1,"L","C","32",1
"j_6056",1,"L","G","32",1
"j_6057",1,"L","C","32",1
"j_6058",1,"L","C","32",1
"j_6059",1,"M","G","32",14
"j_6060",1,"M","J","32",1
"j_6061",1,"L","C","32",1
"j_6062",0,"L","C","32",1
"j_6063",1,"L","C","32",1
"j_6064",1,"L","C","22",1
"j_6065",1,"L","C","32",1
"j_6066",1,"L","C","32",1
"j_6067",1,"L","Q","32",1
"j_6068",0,"L","H","32",1
"j_6069",1,"L","G","32",2
"j_6070",1,"L","F","32",1
"j_6071",1,"L","C","12",1
"j_6072",1,"L","J","32",1
"j_6073",0,"L","R.S","32",1
"j_6074",1,"L","C","28",1
"j_6075",1,"L","H","32",1
"j_6076",0,"L","O","32",1
"j_6077",0,"M","K.L","32",1
"j_6078",0,"L","O","32",1
"j_6079",1,"M","H","32",1
"j_6080",0,"S","O","32",1
"j_6081",1,"L","C","32",1
"j_6082",0,"S","O","32",1
"j_6083",0,"S","O","32",1
"j_6084",0,"L","H","32",1
"j_6085",0,"L","H","32",1
"j_6086",1,"L","C","26",1
"j_6087",1,"S","D.E","32",2
"j_6088",1,"L","C","32",1
"j_6089",1,"M","G","32",17
"j_6090",0,"M","Q","32",9
"j_6091",1,"L","J","32",1
"j_6092",0,"L","Q","32",2
"j_6093",1,"M","C","32",16
"j_6094",1,"M","F","32",2
"j_6095",1,"L","I","32",1
"j_6096",1,"M","F","32",2
"j_6097",1,"L","H","32",1
"j_6098",1,"L","H","32",1
"j_6099",0,"M","O","32",5
"j_6100",0,"M","O","32",5
"j_6101",1,"M","J","32",1
"j_6102",1,"M","J","32",1
"j_6103",1,"L","C","32",1
"j_6104",0,"M","Q","32",8
"j_6105",0,"L","D.E","32",1
"j_6106",0,"L","O","32",1
"j_6107",1,"L","C","32",1
"j_6108",1,"S","K.L","32",11
"j_6109",1,"L","H","32",2
"j_6110",1,"L","C","32",1
"j_6111",1,"M","J","32",2
"j_6112",0,"L","Q","32",1
"j_6113",0,"M","R.S","32",4
"j_6114",0,"L","Q","32",1
"j_6115",1,"L","C","32",1
"j_6116",1,"L","C","14",1
"j_6117",1,"L","H","26",2
"j_6118",0,"L","C","18",1
"j_6119",1,"M","G","26",1
"j_6120",1,"M","F","26",13
"j_6121",1,"M","R.S","18",3
"j_6122",1,"L","F","18",1
"j_6123",1,"L","C","06",2
"j_6124",1,"L","C","18",1
"j_6125",1,"L","C","26",1
"j_6126",1,"M","C","18",15
"j_6127",1,"L","C","06",1
"j_6128",1,"L","C","26",1
"j_6129",0,"L","D.E","18",1
"j_6130",0,"L","D.E","26",1
"j_6131",1,"M","K.L","18",6
"j_6132",1,"M","G","26",1
"j_6133",0,"L","O","18",1
"j_6134",0,"L","O","18",1
"j_6135",0,"M","O","26",4
"j_6136",0,"S","O","18",1
"j_6137",1,"S","Q","18",17
"j_6138",0,"L","D.E","18",1
"j_6139",1,"L","C","18",1
"j_6140",1,"L","D.E","18",1
"j_6141",1,"M","J","18",1
"j_6142",1,"L","C","18",1
"j_6143",1,"M","Q","18",11
"j_6144",1,"M","Q","18",11
"j_6145",1,"L","C","18",1
"j_6146",1,"L","G","18",1
"j_6147",1,"L","H","18",1
"j_6148",1,"M","C","12",20
"j_6149",1,"L","G","18",1
"j_6150",1,"L","F","12",1
"j_6151",0,"L","Q","12",1
"j_6152",1,"L","C","18",1
"j_6153",1,"L","G","12",1
"j_6154",1,"M","K.L","12",1
"j_6155",0,"M","R.S","12",2
"j_6156",1,"L","K.L","12",1
"j_6157",1,"L","C","18",1
"j_6158",0,"L","Q","12",1
"j_6159",1,"S","H","18",90
"j_6160",1,"M","C","18",23
"j_6161",1,"L","H","12",1
"j_6162",1,"L","G","12",22
"j_6163",1,"L","C","12",1
"j_6164",1,"M","F","12",1
"j_6165",1,"L","C","18",1
"j_6166",1,"L","C","18",1
"j_6167",1,"L","H","12",1
"j_6168",1,"L","M","12",1
"j_6169",0,"M","R.S","12",7
"j_6170",1,"L","G","14",1
"j_6171",1,"L","C","18",1
"j_6172",1,"M","G","18",1
"j_6173",1,"L","F","12",1
"j_6174",0,"L","O","12",1
"j_6175",0,"L","O","18",1
"j_6176",0,"L","O","12",1
"j_6177",0,"S","O","12",1
"j_6178",0,"M","O","12",5
"j_6179",0,"M","O","18",4
"j_6180",0,"S","O","12",1
"j_6181",0,"S","O","12",1
"j_6182",0,"S","R.S","12",8
"j_6183",1,"M","F","12",22
"j_6184",1,"M","F","12",22
"j_6185",1,"L","C","12",19
"j_6186",1,"L","C","12",1
"j_6187",1,"L","G","12",1
"j_6188",1,"M","G","12",595
"j_6189",0,"L","O","12",1
"j_6190",1,"M","C","12",24
"j_6191",1,"L","G","12",1
"j_6192",1,"S","F","12",83
"j_6193",1,"M","J","18",2
"j_6194",0,"L","K.L","04",2
"j_6195",1,"L","C","28",1
"j_6196",1,"L","C","04",1
"j_6197",1,"L","C","04",1
"j_6198",1,"L","C","04",2
"j_6199",0,"L","Q","04",1
"j_6200",1,"L","C","04",1
"j_6201",0,"L","Q","04",1
"j_6202",1,"L","C","04",1
"j_6203",1,"L","C","04",1
"j_6204",1,"L","C","04",1
"j_6205",1,"L","C","32",1
"j_6206",1,"L","C","04",22
"j_6207",1,"L","C","04",15
"j_6208",1,"M","C","04",22
"j_6209",0,"L","C","22",1
"j_6210",1,"M","D.E","04",5
"j_6211",1,"L","G","04",1
"j_6212",1,"S","C","04",52
"j_6213",0,"L","D.E","04",1
"j_6214",0,"L","D.E","04",1
"j_6215",1,"L","G","04",1
"j_6216",1,"L","Q","04",1
"j_6217",1,"L","F","04",1
"j_6218",1,"M","C","04",14
"j_6219",1,"L","C","04",1
"j_6220",1,"L","C","04",1
"j_6221",0,"L","M","04",1
"j_6222",1,"M","C","04",14
"j_6223",1,"L","F","04",1
"j_6224",1,"L","G","14",1
"j_6225",0,"L","O","04",1
"j_6226",0,"L","O","04",4
"j_6227",0,"L","O","04",1
"j_6228",0,"L","O","28",1
"j_6229",0,"S","O","04",1
"j_6230",0,"S","O","04",1
"j_6231",0,"S","O","04",1
"j_6232",0,"S","O","04",1
"j_6233",1,"M","M","04",2
"j_6234",1,"M","F","04",13
"j_6235",1,"L","G","04",2
"j_6236",1,"L","G","04",1
"j_6237",0,"L","D.E","04",1
"j_6238",0,"L","O","04",1
"j_6239",1,"L","G","04",1
"j_6240",1,"L","C","04",1
"j_6241",1,"L","K.L","04",1
"j_6242",1,"L","G","04",1
"j_6243",1,"M","D.E","04",3
"j_6244",1,"L","G","04",1
"j_6245",1,"M","F","04",1
"j_6246",1,"L","C","04",1
"j_6247",1,"S","I","04",74
"j_6248",1,"M","K.L","02",1
"j_6249",1,"M","D.E","02",1
"j_6250",1,"L","C","02",1
"j_6251",1,"L","C","02",1
"j_6252",1,"M","F","02",1
"j_6253",1,"M","G","02",24
"j_6254",0,"L","Q","02",1
"j_6255",1,"L","C","02",1
"j_6256",1,"L","C","02",1
"j_6257",1,"L","C","02",1
"j_6258",1,"L","C","02",1
"j_6259",1,"S","N","02",9
"j_6260",1,"L","C","02",1
"j_6261",1,"L","C","02",1
"j_6262",1,"L","C","02",1
"j_6263",0,"M","R.S","02",5
"j_6264",1,"L","H","02",1
"j_6265",1,"L","C","02",1
"j_6266",0,"L","O","02",1
"j_6267",0,"L","O","02",1
"j_6268",0,"L","O","02",1
"j_6269",0,"M","O","02",5
"j_6270",0,"S","O","02",1
"j_6271",0,"S","O","02",1
"j_6272",0,"S","O","02",1
"j_6273",1,"L","C","02",1
"j_6274",1,"L","D.E","02",1
"j_6275",1,"L","F","02",1
"j_6276",1,"L","C","02",1
"j_6277",1,"L","Q","02",2
"j_6278",1,"L","C","02",1
"j_6279",1,"S","Q","02",11
"j_6280",0,"L","O","02",1
"j_6281",0,"L","D.E","02",1
"j_6282",0,"L","D.E","02",1
"j_6283",0,"L","K.L","02",1
"j_6284",0,"M","P","02",6
"j_6285",1,"L","C","02",1
"j_6286",1,"M","F","04",13
"j_6287",1,"L","C","04",2
"j_6288",1,"L","C","04",1
"j_6289",0,"L","H","04",1
"j_6290",1,"L","C","04",1
"j_6291",1,"M","J","04",2
"j_6292",1,"L","C","04",1
"j_6293",0,"L","D.E","04",1
"j_6294",1,"L","I","14",1
"j_6295",1,"L","I","14",1
"j_6296",1,"L","I","14",1
"j_6297",0,"L","O","04",1
"j_6298",0,"L","O","04",1
"j_6299",0,"S","O","04",1
"j_6300",1,"S","D.E","04",2
"j_6301",0,"M","D.E","04",1
"j_6302",1,"L","C","04",1
"j_6303",0,"L","Q","04",1
"j_6304",1,"L","G","02",1
"j_6305",1,"L","G","02",1
"j_6306",0,"L","M","02",1
"j_6307",0,"M","O","02",5
"j_6308",1,"L","G","02",1
"j_6309",0,"L","P","02",1
"j_6310",1,"M","G","14",39
"j_6311",1,"L","H","14",1
"j_6312",0,"L","D.E","02",1
"j_6313",1,"M","F","02",2
"j_6314",1,"L","C","02",1
"j_6315",1,"S","G","02",226
"j_6316",1,"L","C","30",1
"j_6317",1,"L","G","02",1
"j_6318",1,"L","F","02",1
"j_6319",1,"L","C","02",1
"j_6320",1,"M","K.L","02",1
"j_6321",0,"L","Q","02",1
"j_6322",1,"S","K.L","02",19
"j_6323",1,"L","C","02",1
"j_6324",1,"L","G","02",1
"j_6325",1,"L","F","02",2
"j_6326",0,"L","Q","02",1
"j_6327",1,"L","N","02",2
"j_6328",1,"L","J","30",1
"j_6329",1,"L","C","02",1
"j_6330",0,"M","R.S","02",2
"j_6331",1,"L","G","02",1
"j_6332",1,"L","F","02",1
"j_6333",1,"L","C","02",1
"j_6334",1,"L","C","02",1
"j_6335",1,"L","C","02",1
"j_6336",1,"L","C","02",1
"j_6337",1,"L","C","02",1
"j_6338",1,"L","G","14",1
"j_6339",0,"L","D.E","02",1
"j_6340",1,"L","N","02",1
"j_6341",1,"M","M","02",13
"j_6342",0,"L","H","02",1
"j_6343",0,"M","O","02",5
"j_6344",1,"L","C","02",1
"j_6345",0,"L","O","02",1
"j_6346",1,"M","C","02",16
"j_6347",1,"L","C","02",1
"j_6348",1,"L","C","02",1
"j_6349",1,"L","C","02",1
"j_6350",0,"L","P","02",1
"j_6351",0,"L","Q","02",1
"j_6352",1,"L","C","02",16
"j_6353",0,"L","D.E","02",1
"j_6354",1,"S","Q","02",12
"j_6355",1,"L","C","12",1
"j_6356",1,"L","H","16",1
"j_6357",1,"L","C","02",1
"j_6358",1,"L","G","02",2
"j_6359",1,"L","G","02",1
"j_6360",1,"L","C","30",1
"j_6361",0,"L","Q","02",1
"j_6362",1,"L","C","16",1
"j_6363",1,"L","I","14",1
"j_6364",1,"L","N","14",1
"j_6365",1,"M","N","28",1
"j_6366",1,"L","F","02",1
"j_6367",1,"L","C","02",1
"j_6368",1,"S","K.L","02",13
"j_6369",0,"L","O","02",1
"j_6370",0,"L","O","02",1
"j_6371",0,"S","O","02",1
"j_6372",0,"S","O","02",1
"j_6373",1,"L","H","02",1
"j_6374",0,"L","D.E","02",1
"j_6375",1,"M","F","02",1
"j_6376",1,"L","M","02",1
"j_6377",1,"L","K.L","02",1
"j_6378",1,"S","I","02",69
"j_6379",1,"L","I","02",1
"j_6380",1,"L","I","02",18
"j_6381",1,"L","I","02",1
"j_6382",1,"L","I","02",1
"j_6383",1,"L","I","02",1
"j_6384",1,"L","I","02",1
"j_6385",1,"L","I","02",1
"j_6386",1,"L","C","02",2
"j_6387",1,"L","G","02",1
"j_6388",1,"L","K.L","02",1
"j_6389",0,"L","O","02",1
"j_6390",1,"L","C","02",1
"j_6391",1,"L","C","02",1
"j_6392",1,"L","G","02",1
"j_6393",1,"L","C","02",1
"j_6394",1,"L","C","02",1
"j_6395",1,"M","H","02",17
"j_6396",0,"L","P","02",1
"j_6397",1,"L","C","02",1
"j_6398",1,"L","G","02",2
"j_6399",1,"M","M","02",1
"j_6400",0,"L","F","02",1
"j_6401",1,"M","F","02",16
"j_6402",1,"L","M","02",1
"j_6403",1,"L","G","14",1
"j_6404",0,"L","O","02",1
"j_6405",0,"L","O","02",1
"j_6406",0,"L","D.E","02",1
"j_6407",0,"M","P","02",6
"j_6408",1,"L","C","10",1
"j_6409",1,"L","G","02",1
"j_6410",0,"M","P","02",7
"j_6411",1,"M","G","04",16
"j_6412",1,"L","C","18",1
"j_6413",0,"L","P","02",1
"j_6414",1,"L","J","02",1
"j_6415",1,"L","N","02",1
"j_6416",1,"L","C","02",1
"j_6417",1,"L","C","02",1
"j_6418",1,"M","F","02",17
"j_6419",1,"L","C","08",1
"j_6420",1,"L","C","08",1
"j_6421",1,"L","C","08",1
"j_6422",1,"L","C","08",1
"j_6423",1,"L","C","08",1
"j_6424",1,"L","C","02",1
"j_6425",1,"M","C","02",24
"j_6426",1,"L","J","02",1
"j_6427",1,"M","G","02",19
"j_6428",1,"S","J","24",8
"j_6429",1,"L","Q","16",1
"j_6430",1,"L","Q","16",1
"j_6431",1,"L","J","02",1
"j_6432",1,"M","C","06",12
"j_6433",1,"L","D.E","06",1
"j_6434",1,"L","G","06",1
"j_6435",1,"L","C","06",1
"j_6436",1,"L","H","06",1
"j_6437",1,"M","C","06",12
"j_6438",0,"L","Q","06",1
"j_6439",0,"L","O","06",1
"j_6440",0,"L","O","06",1
"j_6441",0,"L","O","06",1
"j_6442",1,"L","F","06",1
"j_6443",1,"L","K.L","14",1
"j_6444",1,"L","N","30",1
"j_6445",1,"M","C","08",15
"j_6446",1,"L","C","08",1
"j_6447",0,"M","H","08",2
"j_6448",0,"M","D.E","08",1
"j_6449",0,"S","O","08",1
"j_6450",1,"L","G","08",1
"j_6451",1,"M","G","08",1
"j_6452",0,"L","D.E","08",1
"j_6453",1,"L","F","08",1
"j_6454",1,"L","F","30",1
"j_6455",1,"M","H","08",2
"j_6456",1,"M","F","08",8
"j_6457",0,"L","O","08",1
"j_6458",1,"L","F","08",1
"j_6459",1,"L","C","08",1
"j_6460",1,"L","H","08",1
"j_6461",0,"L","D.E","08",1
"j_6462",1,"L","C","08",1
"j_6463",1,"S","J","08",7
"j_6464",1,"L","N","24",1
"j_6465",0,"M","D.E","08",1
"j_6466",0,"L","D.E","08",1
"j_6467",1,"L","C","24",1
"j_6468",1,"L","C","24",1
"j_6469",1,"S","Q","08",18
"j_6470",1,"L","I","08",1
"j_6471",1,"L","G","08",1
"j_6472",1,"M","G","08",15
"j_6473",1,"L","C","30",1
"j_6474",1,"S","F","08",54
"j_6475",1,"M","R.S","08",2
"j_6476",1,"M","R.S","08",3
"j_6477",1,"L","D.E","08",1
"j_6478",1,"L","G","08",1
"j_6479",1,"M","F","08",8
"j_6480",1,"M","M","08",1
"j_6481",1,"L","C","08",1
"j_6482",1,"M","R.S","08",2
"j_6483",1,"S","H","30",35
"j_6484",0,"M","P","08",1
"j_6485",1,"M","H","08",2
"j_6486",0,"L","D.E","08",1
"j_6487",1,"L","C","08",1
"j_6488",1,"L","H","08",1
"j_6489",0,"L","O","08",1
"j_6490",0,"L","O","08",1
"j_6491",0,"L","Q","08",2
"j_6492",0,"L","O","08",1
"j_6493",0,"L","O","08",1
"j_6494",0,"L","Q","08",1
"j_6495",0,"L","O","08",1
"j_6496",0,"M","O","08",5
"j_6497",1,"L","C","08",1
"j_6498",0,"S","O","08",1
"j_6499",0,"L","P","08",1
"j_6500",0,"L","O","08",1
"j_6501",1,"L","C","08",1
"j_6502",1,"M","H","08",2
"j_6503",0,"M","Q","08",7
"j_6504",1,"L","C","08",1
"j_6505",1,"L","C","08",1
"j_6506",1,"L","C","16",1
"j_6507",1,"L","C","16",1
"j_6508",0,"S","O","08",1
"j_6509",1,"L","J","08",1
"j_6510",0,"S","O","08",1
"j_6511",1,"L","C","08",1
"j_6512",0,"L","O","08",1
"j_6513",1,"L","G","08",1
"j_6514",1,"L","C","08",2
"j_6515",0,"M","P","08",6
"j_6516",0,"S","D.E","08",3
"j_6517",1,"L","C","08",1
"j_6518",0,"M","K.L","08",2
"j_6519",1,"M","N","08",10
"j_6520",1,"M","G","08",1
"j_6521",1,"M","H","08",17
"j_6522",0,"L","D.E","08",1
"j_6523",1,"L","H","14",2
